variant,image,time_block,arm,v1_t_m,v1_r_deg,lidar_only_t_m,lidar_only_r_deg,result_t_m,result_r_deg,v1_success,lidar_only_success,result_success,solver_called,solver_converged,nfev,residual_calls,lidar_support,camera_support,lidar_objective_before,lidar_objective_after,camera_scan_gt_t_m,camera_scan_gt_r_deg,camera_reference_result_t_m,camera_reference_result_r_deg
selected,1329069247934369,22151154,lidar_only,0.3664628847810439,0.9296714650253443,0.34092259616433385,0.9512175489334739,0.34092259616433385,0.9512175489334739,True,True,True,True,True,8,56,202,0,0.10306621635231508,0.10080282107060105,4.095924918043034e-06,3.972043083366393e-05,0.34092157478177837,0.9512463311534942
selected,1329069247934369,22151154,prediction_full,0.3664628847810439,0.9296714650253443,0.34092259616433385,0.9512175489334739,0.33852438332983137,0.9524723949517059,True,True,True,True,True,8,56,202,10,0.10306621635231508,0.1008721759428041,4.095924918043034e-06,3.972043083366393e-05,0.33852338211072613,0.952501930919251
selected,1329069247934369,22151154,prediction_common,0.3664628847810439,0.9296714650253443,0.34092259616433385,0.9512175489334739,0.34050316177628287,1.0037850752878972,True,True,True,True,True,8,56,202,16,0.10306621635231508,0.10100977596822659,4.095924918043034e-06,3.972043083366393e-05,0.34050215951925905,1.0038144309557535
selected,1329069247934369,22151154,oracle_prediction,0.3664628847810439,0.9296714650253443,0.34092259616433385,0.9512175489334739,0.34904549617528047,1.534589444936542,True,True,True,True,True,9,63,202,14,0.10306621635231508,0.11914258197629833,4.095924918043034e-06,3.972043083366393e-05,0.3490444053147392,1.5346203015316786
selected,1329069247934369,22151154,oracle_matched_random,0.3664628847810439,0.9296714650253443,0.34092259616433385,0.9512175489334739,0.3403919282945053,1.0835370066510537,True,True,True,True,True,8,56,202,2,0.10306621635231508,0.10476668301561969,4.095924918043034e-06,3.972043083366393e-05,0.34039083975220397,1.0835647483802473
selected,1329069248934466,22151154,lidar_only,0.21010492484006338,1.321213441346579,0.19994469238943585,1.343892341978939,0.19994469238943585,1.343892341978939,True,True,True,True,True,8,56,269,0,0.14483815077267148,0.1428225062148526,0.0006499514647348136,0.05262952042275299,0.20050668883979064,1.3839951295769868
selected,1329069248934466,22151154,prediction_full,0.21010492484006338,1.321213441346579,0.19994469238943585,1.343892341978939,0.2015371763327906,1.3504413836052924,True,True,True,True,True,8,56,269,9,0.14483815077267148,0.14284801591201032,0.0006499514647348136,0.05262952042275299,0.20209937172561648,1.3902119622704734
selected,1329069248934466,22151154,prediction_common,0.21010492484006338,1.321213441346579,0.19994469238943585,1.343892341978939,0.20071189190734204,1.3421653619013376,True,True,True,True,True,8,56,269,15,0.14483815077267148,0.14283102140558002,0.0006499514647348136,0.05262952042275299,0.20127455350355616,1.382135198081592
selected,1329069248934466,22151154,oracle_prediction,0.21010492484006338,1.321213441346579,0.19994469238943585,1.343892341978939,0.2123303307616056,1.1829808987176782,True,True,True,True,True,8,56,269,11,0.14483815077267148,0.15377319169483664,0.0006499514647348136,0.05262952042275299,0.21292523588251583,1.2177701227361755
selected,1329069248934466,22151154,oracle_matched_random,0.21010492484006338,1.321213441346579,0.19994469238943585,1.343892341978939,0.20291448423431582,1.3837867241027089,True,True,True,True,True,8,56,269,2,0.14483815077267148,0.14340950681213074,0.0006499514647348136,0.05262952042275299,0.20345496536179533,1.4238848530356711
selected,1329069249934565,22151154,lidar_only,0.1474960145132368,1.289443568970737,0.1521909284936527,1.2891440938952394,0.1521909284936527,1.2891440938952394,True,True,True,True,True,7,49,455,0,0.208340852415237,0.20789677367450737,0.0005555434625794187,0.0038305112506365363,0.15256637756788663,1.2906906523639061
selected,1329069249934565,22151154,prediction_full,0.1474960145132368,1.289443568970737,0.1521909284936527,1.2891440938952394,0.15122376538345517,1.2948593132170674,True,True,True,True,True,6,42,455,15,0.208340852415237,0.20793255582239847,0.0005555434625794187,0.0038305112506365363,0.15159647903012652,1.2964077467946449
selected,1329069249934565,22151154,prediction_common,0.1474960145132368,1.289443568970737,0.1521909284936527,1.2891440938952394,0.1525213461709463,1.2768517856819879,True,True,True,True,True,7,49,455,14,0.208340852415237,0.207969516911802,0.0005555434625794187,0.0038305112506365363,0.15289945284350148,1.2783622952463893
selected,1329069249934565,22151154,oracle_prediction,0.1474960145132368,1.289443568970737,0.1521909284936527,1.2891440938952394,0.16127053486604712,1.1133980404330615,True,True,True,True,True,8,56,455,13,0.208340852415237,0.22729398398873607,0.0005555434625794187,0.0038305112506365363,0.16168972466703024,1.1142241016654173
selected,1329069249934565,22151154,oracle_matched_random,0.1474960145132368,1.289443568970737,0.1521909284936527,1.2891440938952394,0.14873600618433203,1.239894711680025,True,True,True,True,True,7,49,455,4,0.208340852415237,0.21012085279970702,0.0005555434625794187,0.0038305112506365363,0.14912261865910756,1.2413237622701585
selected,1329069250934671,22151154,lidar_only,0.09958584935563577,0.6208754862775666,0.10184016331864741,0.6723988151771355,0.10184016331864741,0.6723988151771355,True,True,True,True,True,7,49,406,0,0.20544579902993465,0.2032654001216897,0.0002928705249878755,0.004358366082239895,0.10202182103432117,0.673066253627149
selected,1329069250934671,22151154,prediction_full,0.09958584935563577,0.6208754862775666,0.10184016331864741,0.6723988151771355,0.10068209466744871,0.6688364869402832,True,True,True,True,True,7,49,406,16,0.20544579902993465,0.2032988722331258,0.0002928705249878755,0.004358366082239895,0.1008639172975465,0.6695131694341119
selected,1329069250934671,22151154,prediction_common,0.09958584935563577,0.6208754862775666,0.10184016331864741,0.6723988151771355,0.10422805282773878,0.6371074055477128,True,True,True,True,True,7,49,406,23,0.20544579902993465,0.20356583018120414,0.0002928705249878755,0.004358366082239895,0.10441444722346427,0.6376276064245264
selected,1329069250934671,22151154,oracle_prediction,0.09958584935563577,0.6208754862775666,0.10184016331864741,0.6723988151771355,0.13276327868276133,0.42837042173292,True,True,True,True,True,9,63,406,23,0.20544579902993465,0.22908668664658405,0.0002928705249878755,0.004358366082239895,0.13297744819605928,0.4265753620109892
selected,1329069250934671,22151154,oracle_matched_random,0.09958584935563577,0.6208754862775666,0.10184016331864741,0.6723988151771355,0.11237406392933158,0.6196251220672577,True,True,True,True,True,7,49,406,3,0.20544579902993465,0.20384549946173375,0.0002928705249878755,0.004358366082239895,0.11256051246003061,0.6201503834491973
selected,1329069251934750,22151154,lidar_only,0.10224493145442173,0.6928166400332538,0.08764307781051012,0.6352118420197295,0.08764307781051012,0.6352118420197295,True,True,True,True,True,8,56,328,0,0.1737631010961572,0.16970669416428746,1.5882438880877724e-05,0.00011349183626967868,0.0876470463723912,0.6352961400959278
selected,1329069251934750,22151154,prediction_full,0.10224493145442173,0.6928166400332538,0.08764307781051012,0.6352118420197295,0.0869361508144319,0.6466653958043623,True,True,True,True,True,8,56,328,12,0.1737631010961572,0.16972586230293632,1.5882438880877724e-05,0.00011349183626967868,0.08694020652738935,0.6467495410052339
selected,1329069251934750,22151154,prediction_common,0.10224493145442173,0.6928166400332538,0.08764307781051012,0.6352118420197295,0.08778836810340204,0.6349752532135,True,True,True,True,True,8,56,328,13,0.1737631010961572,0.16972489496914428,1.5882438880877724e-05,0.00011349183626967868,0.08779235684351992,0.6350582117332927
selected,1329069251934750,22151154,oracle_prediction,0.10224493145442173,0.6928166400332538,0.08764307781051012,0.6352118420197295,0.09488373025472246,0.6465662432554482,True,True,True,True,True,7,49,328,13,0.1737631010961572,0.17490473962787115,1.5882438880877724e-05,0.00011349183626967868,0.09488821001703528,0.6466238258324251
selected,1329069251934750,22151154,oracle_matched_random,0.10224493145442173,0.6928166400332538,0.08764307781051012,0.6352118420197295,0.08782074125643698,0.6324491103087524,True,True,True,True,True,8,56,328,1,0.1737631010961572,0.1707239475667162,1.5882438880877724e-05,0.00011349183626967868,0.08782559324746064,0.6325391151832802
selected,1329069252934879,22151154,lidar_only,0.16223218128972153,0.999176164827299,0.1561021977693547,1.017214391352879,0.1561021977693547,1.017214391352879,True,True,True,True,True,7,49,431,0,0.22138625365584888,0.21969272928696895,0.0005627852686127532,0.006036603355642882,0.15568707270416063,1.0126266295986488
selected,1329069252934879,22151154,prediction_full,0.16223218128972153,0.999176164827299,0.1561021977693547,1.017214391352879,0.15619256417753963,1.031333536691577,True,True,True,True,True,7,49,431,16,0.22138625365584888,0.21977822973358027,0.0005627852686127532,0.006036603355642882,0.15578047951093793,1.0268250789967392
selected,1329069252934879,22151154,prediction_common,0.16223218128972153,0.999176164827299,0.1561021977693547,1.017214391352879,0.15742838556360203,1.026356027427786,True,True,True,True,True,7,49,431,18,0.22138625365584888,0.21973091809408624,0.0005627852686127532,0.006036603355642882,0.15701058570648638,1.021773256679933
selected,1329069252934879,22151154,oracle_prediction,0.16223218128972153,0.999176164827299,0.1561021977693547,1.017214391352879,0.16416693357109316,0.9816543840739774,True,True,True,True,True,7,49,431,14,0.22138625365584888,0.22161882161238763,0.0005627852686127532,0.006036603355642882,0.1637627751997604,0.977397909724499
selected,1329069252934879,22151154,oracle_matched_random,0.16223218128972153,0.999176164827299,0.1561021977693547,1.017214391352879,0.15737722547624158,1.1053720487579242,True,True,True,True,True,8,56,431,4,0.22138625365584888,0.22240600799814683,0.0005627852686127532,0.006036603355642882,0.15695157461937467,1.100800391772143
selected,1329069253934960,22151154,lidar_only,0.09154035787075343,1.3756555250220104,0.09200355185527341,1.3632637027663261,0.09200355185527341,1.3632637027663261,True,True,True,True,True,7,49,391,0,0.19732964980302314,0.1958948786531002,0.0002079397826842145,0.001778893031216574,0.09196978577022916,1.362224960532083
selected,1329069253934960,22151154,prediction_full,0.09154035787075343,1.3756555250220104,0.09200355185527341,1.3632637027663261,0.09321531778275666,1.3749576784876472,True,True,True,True,True,7,49,391,23,0.19732964980302314,0.19596481762944015,0.0002079397826842145,0.001778893031216574,0.09317906524953272,1.3739314649207945
selected,1329069253934960,22151154,prediction_common,0.09154035787075343,1.3756555250220104,0.09200355185527341,1.3632637027663261,0.09438865834596374,1.3639308404887094,True,True,True,True,True,7,49,391,22,0.19732964980302314,0.19594181589606918,0.0002079397826842145,0.001778893031216574,0.09434771703636403,1.3628849403664234
selected,1329069253934960,22151154,oracle_prediction,0.09154035787075343,1.3756555250220104,0.09200355185527341,1.3632637027663261,0.11540849651056388,1.2444325878086437,True,True,True,True,True,8,56,391,17,0.19732964980302314,0.20058233600695843,0.0002079397826842145,0.001778893031216574,0.11533362665185748,1.2433393168439402
selected,1329069253934960,22151154,oracle_matched_random,0.09154035787075343,1.3756555250220104,0.09200355185527341,1.3632637027663261,0.09482890095684961,1.3181849265707677,True,True,True,True,True,7,49,391,3,0.19732964980302314,0.19620071800503663,0.0002079397826842145,0.001778893031216574,0.09478709367969723,1.317138388431993
selected,1329069254935036,22151154,lidar_only,0.0897303485058068,1.7204352320973715,0.08328999968584601,1.4466332204352095,0.08328999968584601,1.4466332204352095,True,True,True,True,True,8,56,376,0,0.18909469505159401,0.1832539503422072,0.0003942851224564329,0.0009145834101002289,0.08354804218487355,1.4457338838530782
selected,1329069254935036,22151154,prediction_full,0.0897303485058068,1.7204352320973715,0.08328999968584601,1.4466332204352095,0.0847297325709489,1.4394529453612703,True,True,True,True,True,8,56,376,19,0.18909469505159401,0.18327348894950188,0.0003942851224564329,0.0009145834101002289,0.08498686972863899,1.4385525734222429
selected,1329069254935036,22151154,prediction_common,0.0897303485058068,1.7204352320973715,0.08328999968584601,1.4466332204352095,0.08347149226486589,1.4488816941512672,True,True,True,True,True,8,56,376,14,0.18909469505159401,0.1833078111875079,0.0003942851224564329,0.0009145834101002289,0.08372743645358455,1.4479809408973623
selected,1329069254935036,22151154,oracle_prediction,0.0897303485058068,1.7204352320973715,0.08328999968584601,1.4466332204352095,0.0821533652189666,1.4221155639406413,True,True,True,True,True,8,56,376,13,0.18909469505159401,0.19166064426921506,0.0003942851224564329,0.0009145834101002289,0.08236871987589477,1.4212145862185004
selected,1329069254935036,22151154,oracle_matched_random,0.0897303485058068,1.7204352320973715,0.08328999968584601,1.4466332204352095,0.08371473526891393,1.4435217590378313,True,True,True,True,True,8,56,376,3,0.18909469505159401,0.18369959737838337,0.0003942851224564329,0.0009145834101002289,0.08396934150621709,1.4426215056097083
selected,1329069255935134,22151154,lidar_only,0.1403799166109988,0.8111766228929749,0.1491847429907182,0.7439739284329231,0.1491847429907182,0.7439739284329231,True,True,True,True,True,7,49,414,0,0.19048490983317,0.1892668724918232,0.0010667460066926268,0.00611331663422505,0.14841459182558486,0.7386812269044537
selected,1329069255935134,22151154,prediction_full,0.1403799166109988,0.8111766228929749,0.1491847429907182,0.7439739284329231,0.14965844740699275,0.7380229362328841,True,True,True,True,True,8,56,414,7,0.19048490983317,0.18934956709370063,0.0010667460066926268,0.00611331663422505,0.1488838935042004,0.7327330459880929
selected,1329069255935134,22151154,prediction_common,0.1403799166109988,0.8111766228929749,0.1491847429907182,0.7439739284329231,0.14924654760754166,0.7228278724002892,True,True,True,True,True,7,49,414,19,0.19048490983317,0.1894979702936219,0.0010667460066926268,0.00611331663422505,0.1484563836792715,0.7174968147369671
selected,1329069255935134,22151154,oracle_prediction,0.1403799166109988,0.8111766228929749,0.1491847429907182,0.7439739284329231,0.15541137504302022,0.5806033229014742,True,True,True,True,True,8,56,414,19,0.19048490983317,0.2054418046697091,0.0010667460066926268,0.00611331663422505,0.1545132407982452,0.5751924158663464
selected,1329069255935134,22151154,oracle_matched_random,0.1403799166109988,0.8111766228929749,0.1491847429907182,0.7439739284329231,0.14491508077986312,0.7598549849653495,True,True,True,True,True,7,49,414,5,0.19048490983317,0.1916286739202979,0.0010667460066926268,0.00611331663422505,0.14413384008726585,0.7547212914031783
selected,1329069256935232,22151154,lidar_only,0.20022293821902704,0.7002203855131269,0.2115779057522041,0.6394728692841064,0.2115779057522041,0.6394728692841064,True,True,True,True,True,8,56,381,0,0.19861166295373486,0.19468999739544637,0.00030134536966274964,0.0007923709643473923,0.21133532416102047,0.6398790076652683
selected,1329069256935232,22151154,prediction_full,0.20022293821902704,0.7002203855131269,0.2115779057522041,0.6394728692841064,0.21257868513885209,0.6482956319932265,True,True,True,True,True,8,56,381,7,0.19861166295373486,0.19474585561858337,0.00030134536966274964,0.0007923709643473923,0.21233613508343102,0.6487054726920409
selected,1329069256935232,22151154,prediction_common,0.20022293821902704,0.7002203855131269,0.2115779057522041,0.6394728692841064,0.2108255568934671,0.6637326350511085,True,True,True,True,True,8,56,381,21,0.19861166295373486,0.19487593905027525,0.00030134536966274964,0.0007923709643473923,0.2105828009047289,0.6641055079670171
selected,1329069256935232,22151154,oracle_prediction,0.20022293821902704,0.7002203855131269,0.2115779057522041,0.6394728692841064,0.2128618931022319,0.7412839031565166,True,True,True,True,True,7,49,381,16,0.19861166295373486,0.19686063761579983,0.00030134536966274964,0.0007923709643473923,0.21262281323328927,0.7416636853747343
selected,1329069256935232,22151154,oracle_matched_random,0.20022293821902704,0.7002203855131269,0.2115779057522041,0.6394728692841064,0.21269888480529275,0.7224279460015874,True,True,True,True,True,7,49,381,4,0.19861166295373486,0.19606406224127168,0.00030134536966274964,0.0007923709643473923,0.21245650621008744,0.7227975836846987
selected,1329069257935326,22151154,lidar_only,0.1496350179420433,0.7413783972271949,0.1667792293614353,0.8718917180103134,0.1667792293614353,0.8718917180103134,True,True,True,True,True,7,49,347,0,0.17549841915715414,0.17231168730670265,0.000693252333747999,0.005300418582786865,0.16645609783875653,0.8720578443523221
selected,1329069257935326,22151154,prediction_full,0.1496350179420433,0.7413783972271949,0.1667792293614353,0.8718917180103134,0.1653477384313033,0.8730978101579481,True,True,True,True,True,7,49,347,18,0.17549841915715414,0.1723796286745752,0.000693252333747999,0.005300418582786865,0.16502219717402414,0.8730923182195081
selected,1329069257935326,22151154,prediction_common,0.1496350179420433,0.7413783972271949,0.1667792293614353,0.8718917180103134,0.16651670817916261,0.8637638559592855,True,True,True,True,True,7,49,347,21,0.17549841915715414,0.17233292914855733,0.000693252333747999,0.005300418582786865,0.16619412231194983,0.863894745465078
selected,1329069257935326,22151154,oracle_prediction,0.1496350179420433,0.7413783972271949,0.1667792293614353,0.8718917180103134,0.1647118784287273,0.6591296565453926,True,True,True,True,True,8,56,347,18,0.17549841915715414,0.17992061281730096,0.000693252333747999,0.005300418582786865,0.16429249508224175,0.659614858325404
selected,1329069257935326,22151154,oracle_matched_random,0.1496350179420433,0.7413783972271949,0.1667792293614353,0.8718917180103134,0.17438634982510157,0.9127052419192476,True,True,True,True,True,8,56,347,6,0.17549841915715414,0.17347660390608133,0.000693252333747999,0.005300418582786865,0.17407288910571916,0.9124752521300519
selected,1329069258935419,22151154,lidar_only,0.19906595470602828,1.4994524217061103,0.18990356609930084,1.346234373171189,0.18990356609930084,1.346234373171189,True,True,True,True,True,8,56,251,0,0.1390969955874163,0.1337080794329861,0.0009397250344461635,0.026254680963412397,0.18967090424396726,1.324122470431881
selected,1329069258935419,22151154,prediction_full,0.19906595470602828,1.4994524217061103,0.18990356609930084,1.346234373171189,0.19053093287879436,1.368665077495896,True,True,True,True,True,8,56,251,8,0.1390969955874163,0.13383798136379768,0.0009397250344461635,0.026254680963412397,0.19030940536628219,1.3467045869049992
selected,1329069258935419,22151154,prediction_common,0.19906595470602828,1.4994524217061103,0.18990356609930084,1.346234373171189,0.19094109306787332,1.3776338587182744,True,True,True,True,True,8,56,251,20,0.1390969955874163,0.1338379777017229,0.0009397250344461635,0.026254680963412397,0.1907059438032195,1.3554462927268287
selected,1329069258935419,22151154,oracle_prediction,0.19906595470602828,1.4994524217061103,0.18990356609930084,1.346234373171189,0.20379022026946875,1.40681400167975,True,True,True,True,True,8,56,251,16,0.1390969955874163,0.13937879528147587,0.0009397250344461635,0.026254680963412397,0.20365950373042457,1.384651721349497
selected,1329069258935419,22151154,oracle_matched_random,0.19906595470602828,1.4994524217061103,0.18990356609930084,1.346234373171189,0.19052106135779928,1.4156363195436847,True,True,True,True,True,8,56,251,2,0.1390969955874163,0.13422750143992243,0.0009397250344461635,0.026254680963412397,0.19027385509592737,1.3934924640037114
selected,1329069259935526,22151154,lidar_only,0.20186638263493045,0.7723118406839422,0.14119322729493217,0.9347138784684837,0.14119322729493217,0.9347138784684837,True,True,True,True,True,9,63,209,0,0.1366050999093275,0.12406184022846944,0.0010935106611194322,0.0017680418967707938,0.14052364376182838,0.935970602091629
selected,1329069259935526,22151154,prediction_full,0.20186638263493045,0.7723118406839422,0.14119322729493217,0.9347138784684837,0.14277100819418553,0.8816917147254918,True,True,True,True,True,9,63,209,12,0.1366050999093275,0.12423512464676002,0.0010935106611194322,0.0017680418967707938,0.14205965718198318,0.8830150607353272
selected,1329069259935526,22151154,prediction_common,0.20186638263493045,0.7723118406839422,0.14119322729493217,0.9347138784684837,0.14020223453660044,0.9149154253920634,True,True,True,True,True,9,63,209,16,0.1366050999093275,0.12422593059485952,0.0010935106611194322,0.0017680418967707938,0.13951598456720346,0.9161270886219995
selected,1329069259935526,22151154,oracle_prediction,0.20186638263493045,0.7723118406839422,0.14119322729493217,0.9347138784684837,0.15025509027363898,0.9981085352285199,True,True,True,True,True,9,63,209,16,0.1366050999093275,0.13389809331224403,0.0010935106611194322,0.0017680418967707938,0.14952270401561701,0.9989183661699828
selected,1329069259935526,22151154,oracle_matched_random,0.20186638263493045,0.7723118406839422,0.14119322729493217,0.9347138784684837,0.13645501314236774,0.9878113468009898,True,True,True,True,True,9,63,209,5,0.1366050999093275,0.12531058314324278,0.0010935106611194322,0.0017680418967707938,0.1358725840959667,0.9888754629593836
selected,1329069260935613,22151154,lidar_only,0.22224480917490524,1.789907806955652,0.21429381143210646,1.8471974842745869,0.21429381143210646,1.8471974842745869,True,True,True,True,True,8,56,189,0,0.12092721988974152,0.11532155246948937,0.0009656571132975239,0.01742941807280241,0.21364199788073163,1.8337982544088351
selected,1329069260935613,22151154,prediction_full,0.22224480917490524,1.789907806955652,0.21429381143210646,1.8471974842745869,0.21378937636445292,1.8458039428328623,True,True,True,True,True,8,56,189,13,0.12092721988974152,0.11535237902960571,0.0009656571132975239,0.01742941807280241,0.21314701241688427,1.8325057872528194
selected,1329069260935613,22151154,prediction_common,0.22224480917490524,1.789907806955652,0.21429381143210646,1.8471974842745869,0.2134297625295214,1.83382084665427,True,True,True,True,True,8,56,189,20,0.12092721988974152,0.11614693620282275,0.0009656571132975239,0.01742941807280241,0.21276308624943038,1.8197818487030708
selected,1329069260935613,22151154,oracle_prediction,0.22224480917490524,1.789907806955652,0.21429381143210646,1.8471974842745869,0.20275858887481235,1.6225674996319317,True,True,True,True,True,8,56,189,14,0.12092721988974152,0.13276022001513796,0.0009656571132975239,0.01742941807280241,0.202163987817482,1.606734993020136
selected,1329069260935613,22151154,oracle_matched_random,0.22224480917490524,1.789907806955652,0.21429381143210646,1.8471974842745869,0.21294617273436128,1.8532316763663603,True,True,True,True,True,8,56,189,7,0.12092721988974152,0.12443135303770972,0.0009656571132975239,0.01742941807280241,0.212327377379187,1.8389849449026097
selected,1329069261935738,22151154,lidar_only,0.20656144934378604,0.9201995798291982,0.20261509804741848,0.9261561234900635,0.20261509804741848,0.9261561234900635,True,True,True,True,True,8,56,105,0,0.06628471202776527,0.06443219511863432,0.001222011470328207,0.003938779762292047,0.20317589087563934,0.9261861931059134
selected,1329069261935738,22151154,prediction_full,0.20656144934378604,0.9201995798291982,0.20261509804741848,0.9261561234900635,0.20784068994532184,0.9395342408752154,True,True,True,True,True,8,56,105,9,0.06628471202776527,0.0656345564153542,0.001222011470328207,0.003938779762292047,0.20848215394174435,0.9387532276027194
selected,1329069261935738,22151154,prediction_common,0.20656144934378604,0.9201995798291982,0.20261509804741848,0.9261561234900635,0.21604413809969766,0.9073636017229723,True,True,True,True,True,7,49,105,14,0.06628471202776527,0.06483617242825492,0.001222011470328207,0.003938779762292047,0.2166705941386686,0.9070939187888467
selected,1329069261935738,22151154,oracle_prediction,0.20656144934378604,0.9201995798291982,0.20261509804741848,0.9261561234900635,0.24844524851842326,1.2375364961479116,True,True,True,True,True,9,63,105,10,0.06628471202776527,0.07506628868446046,0.001222011470328207,0.003938779762292047,0.2492932021799833,1.2370532552655353
selected,1329069261935738,22151154,oracle_matched_random,0.20656144934378604,0.9201995798291982,0.20261509804741848,0.9261561234900635,0.20261509804741848,0.9261561234900635,True,True,True,True,True,8,56,105,0,0.06628471202776527,0.06443219511863432,0.001222011470328207,0.003938779762292047,0.20317589087563934,0.9261861931059134
selected,1329069262935798,22151154,lidar_only,0.16717587582673563,2.504289193426838,0.17206857582490392,2.6762687846450373,0.17206857582490392,2.6762687846450373,False,False,False,True,True,7,49,201,0,0.12504296232231038,0.12431178327426322,0.0006197749869698992,0.001023371053157685,0.17183691775611412,2.675459335529498
selected,1329069262935798,22151154,prediction_full,0.16717587582673563,2.504289193426838,0.17206857582490392,2.6762687846450373,0.16979312916995765,2.5642421063216414,False,False,False,True,True,7,49,201,14,0.12504296232231038,0.1246320375216228,0.0006197749869698992,0.001023371053157685,0.16952971044950044,2.563454946898663
selected,1329069262935798,22151154,prediction_common,0.16717587582673563,2.504289193426838,0.17206857582490392,2.6762687846450373,0.18060927261211018,2.817608092384525,False,False,False,True,True,8,56,201,26,0.12504296232231038,0.12492434074326338,0.0006197749869698992,0.001023371053157685,0.1804006942684492,2.816785933551914
selected,1329069262935798,22151154,oracle_prediction,0.16717587582673563,2.504289193426838,0.17206857582490392,2.6762687846450373,0.16344932844442892,2.3233691736172197,False,False,False,True,True,8,56,201,16,0.12504296232231038,0.1357947956812041,0.0006197749869698992,0.001023371053157685,0.16327651573994612,2.3225301965793346
selected,1329069262935798,22151154,oracle_matched_random,0.16717587582673563,2.504289193426838,0.17206857582490392,2.6762687846450373,0.18319636408249404,2.699930090228748,False,False,False,True,True,9,63,201,6,0.12504296232231038,0.13377679326446784,0.0006197749869698992,0.001023371053157685,0.1830917099312013,2.6990558415426995
selected,1329069263935898,22151154,lidar_only,0.06652243658857115,2.78716336752015,0.025459082113940913,2.8385470668154262,0.025459082113940913,2.8385470668154262,False,False,False,True,True,8,56,191,0,0.11872053271357501,0.11592708360931026,0.0017408737591827874,0.07806770816012844,0.027190900142418917,2.809295482983914
selected,1329069263935898,22151154,prediction_full,0.06652243658857115,2.78716336752015,0.025459082113940913,2.8385470668154262,0.025116042051153756,2.7687727142771434,False,False,False,True,True,8,56,191,8,0.11872053271357501,0.11608220576367977,0.0017408737591827874,0.07806770816012844,0.026749197961999174,2.7390669898472026
selected,1329069263935898,22151154,prediction_common,0.06652243658857115,2.78716336752015,0.025459082113940913,2.8385470668154262,0.027862183609295165,2.764208173337997,False,False,False,True,True,8,56,191,18,0.11872053271357501,0.11611217653625489,0.0017408737591827874,0.07806770816012844,0.02956517568859167,2.73397218195815
selected,1329069263935898,22151154,oracle_prediction,0.06652243658857115,2.78716336752015,0.025459082113940913,2.8385470668154262,0.0410161636835242,2.2333009478205703,False,False,False,True,True,8,56,191,17,0.11872053271357501,0.1258799173830076,0.0017408737591827874,0.07806770816012844,0.04148281112761123,2.1989807405934916
selected,1329069263935898,22151154,oracle_matched_random,0.06652243658857115,2.78716336752015,0.025459082113940913,2.8385470668154262,0.018586344024447872,2.793045668343761,False,False,False,True,True,8,56,191,3,0.11872053271357501,0.11660632698312692,0.0017408737591827874,0.07806770816012844,0.02006123007904983,2.765619411717206
selected,1329069264935993,22151154,lidar_only,0.07833638056706856,2.242981834468946,0.07471475101301309,2.40974596208974,0.07471475101301309,2.40974596208974,False,False,False,True,True,8,56,170,0,0.10150134319333702,0.09770787046039577,0.0015253710063916344,0.006726707038100436,0.07448837411562596,2.413587769700935
selected,1329069264935993,22151154,prediction_full,0.07833638056706856,2.242981834468946,0.07471475101301309,2.40974596208974,0.07923649024586663,2.4271917266813055,False,False,False,True,True,8,56,170,12,0.10150134319333702,0.09779841242190487,0.0015253710063916344,0.006726707038100436,0.07901051646269781,2.4309807197244715
selected,1329069264935993,22151154,prediction_common,0.07833638056706856,2.242981834468946,0.07471475101301309,2.40974596208974,0.07466330834568839,2.3097436534280473,False,False,False,True,True,8,56,170,21,0.10150134319333702,0.09798205342907318,0.0015253710063916344,0.006726707038100436,0.0744601291269958,2.313663698772825
selected,1329069264935993,22151154,oracle_prediction,0.07833638056706856,2.242981834468946,0.07471475101301309,2.40974596208974,0.10846062163865926,1.6716963065524872,False,False,True,True,True,9,63,170,21,0.10150134319333702,0.11563933530598886,0.0015253710063916344,0.006726707038100436,0.10839099748150315,1.6766461281496257
selected,1329069264935993,22151154,oracle_matched_random,0.07833638056706856,2.242981834468946,0.07471475101301309,2.40974596208974,0.0680391845109757,2.152512466027853,False,False,False,True,True,8,56,170,7,0.10150134319333702,0.09962743867739522,0.0015253710063916344,0.006726707038100436,0.0675944745025766,2.1565769096177987
selected,1329069265936142,22151154,lidar_only,0.21331696516944282,3.194844858329392,0.2222622716578191,3.2133055540086577,0.2222622716578191,3.2133055540086577,False,False,False,True,True,8,56,108,0,0.07176761937403135,0.0702853635089554,0.0016163706088973863,0.032231246688525526,0.22387813947664031,3.1910109564193916
selected,1329069265936142,22151154,prediction_full,0.21331696516944282,3.194844858329392,0.2222622716578191,3.2133055540086577,0.2246561373531013,3.217140514542626,False,False,False,True,True,7,49,108,21,0.07176761937403135,0.07057220939741292,0.0016163706088973863,0.032231246688525526,0.22627227215469362,3.1947440795207918
selected,1329069265936142,22151154,prediction_common,0.21331696516944282,3.194844858329392,0.2222622716578191,3.2133055540086577,0.214417239812627,3.145741786764722,False,False,False,True,True,8,56,108,19,0.07176761937403135,0.07065183242548258,0.0016163706088973863,0.032231246688525526,0.2160318782947314,3.1235511186444462
selected,1329069265936142,22151154,oracle_prediction,0.21331696516944282,3.194844858329392,0.2222622716578191,3.2133055540086577,0.13385773072698517,2.5488586835235982,False,False,False,True,True,9,63,108,16,0.07176761937403135,0.08592181714819877,0.0016163706088973863,0.032231246688525526,0.1352661687278779,2.5274691390061053
selected,1329069265936142,22151154,oracle_matched_random,0.21331696516944282,3.194844858329392,0.2222622716578191,3.2133055540086577,0.19632395452023238,3.0233532990804837,False,False,False,True,True,8,56,108,2,0.07176761937403135,0.07178109165759565,0.0016163706088973863,0.032231246688525526,0.19791963297750836,3.001822122116251
selected,1329069266936186,22151154,lidar_only,0.10585175979558513,2.686367144039653,0.12408204161554451,2.7783295356589237,0.12408204161554451,2.7783295356589237,False,False,False,True,True,8,56,190,0,0.13042483076748582,0.12856343831907954,0.0009468442982054061,0.017084810376976484,0.12477450399995442,2.7767386455677476
selected,1329069266936186,22151154,prediction_full,0.10585175979558513,2.686367144039653,0.12408204161554451,2.7783295356589237,0.12756007131783348,2.8073511560182616,False,False,False,True,True,8,56,190,21,0.13042483076748582,0.1288225564208384,0.0009468442982054061,0.017084810376976484,0.1282521151340774,2.805523381548655
selected,1329069266936186,22151154,prediction_common,0.10585175979558513,2.686367144039653,0.12408204161554451,2.7783295356589237,0.11441484947951594,2.7536529971151844,False,False,False,True,True,8,56,190,25,0.13042483076748582,0.12917387663930954,0.0009468442982054061,0.017084810376976484,0.11508243529023685,2.752501263418714
selected,1329069266936186,22151154,oracle_prediction,0.10585175979558513,2.686367144039653,0.12408204161554451,2.7783295356589237,0.07547922751712867,2.5224530620064503,False,False,False,True,True,9,63,190,22,0.13042483076748582,0.1419048075019883,0.0009468442982054061,0.017084810376976484,0.07590675767968204,2.522893643975348
selected,1329069266936186,22151154,oracle_matched_random,0.10585175979558513,2.686367144039653,0.12408204161554451,2.7783295356589237,0.10160970824300909,2.6860548473834687,False,False,False,True,True,8,56,190,9,0.13042483076748582,0.13286491885486976,0.0009468442982054061,0.017084810376976484,0.1022992647592903,2.6855846417546982
selected,1329069267936284,22151154,lidar_only,0.2848890213838482,2.9647484661979755,0.2617073004834231,2.9640742720049613,0.2617073004834231,2.9640742720049613,False,False,False,True,True,8,56,227,0,0.15097290986317874,0.14817241513861265,0.0021144406666193543,0.017678861473539878,0.26318076474701246,2.9482530845075092
selected,1329069267936284,22151154,prediction_full,0.2848890213838482,2.9647484661979755,0.2617073004834231,2.9640742720049613,0.26585877287973925,3.0624537016872386,False,False,False,True,True,8,56,227,14,0.15097290986317874,0.1484607108885334,0.0021144406666193543,0.017678861473539878,0.26732023892941464,3.046699021861833
selected,1329069267936284,22151154,prediction_common,0.2848890213838482,2.9647484661979755,0.2617073004834231,2.9640742720049613,0.26790154171680575,3.0433843593332033,False,False,False,True,True,8,56,227,35,0.15097290986317874,0.1484652425681767,0.0021144406666193543,0.017678861473539878,0.2693560195637804,3.0276906052938504
selected,1329069267936284,22151154,oracle_prediction,0.2848890213838482,2.9647484661979755,0.2617073004834231,2.9640742720049613,0.20426065109100094,2.661769726853122,False,False,False,True,True,9,63,227,21,0.15097290986317874,0.16877333574689513,0.0021144406666193543,0.017678861473539878,0.2056672086507756,2.6468620041909743
selected,1329069267936284,22151154,oracle_matched_random,0.2848890213838482,2.9647484661979755,0.2617073004834231,2.9640742720049613,0.25954107304745394,2.9663255538116,False,False,False,True,True,8,56,227,9,0.15097290986317874,0.1486465412019721,0.0021144406666193543,0.017678861473539878,0.2610089186585508,2.9506644680996628
selected,1329069268938839,22151154,lidar_only,0.15377627260033275,1.883473053209172,0.12076917377977829,1.7092602718025898,0.12076917377977829,1.7092602718025898,True,True,True,True,True,8,56,176,0,0.12890851328594688,0.12283030097224582,0.0027153313570463344,0.01994051041467745,0.121217645673665,1.7062830104385318
selected,1329069268938839,22151154,prediction_full,0.15377627260033275,1.883473053209172,0.12076917377977829,1.7092602718025898,0.12898099898084717,1.8350051411509516,True,True,True,True,True,8,56,176,19,0.12890851328594688,0.12369940856216216,0.0027153313570463344,0.01994051041467745,0.12935122015128667,1.8327814909864928
selected,1329069268938839,22151154,prediction_common,0.15377627260033275,1.883473053209172,0.12076917377977829,1.7092602718025898,0.1246224008000596,1.7291710147346022,True,True,True,True,True,8,56,176,23,0.12890851328594688,0.12293925393904387,0.0027153313570463344,0.01994051041467745,0.125050105348083,1.7263185732478343
selected,1329069268938839,22151154,oracle_prediction,0.15377627260033275,1.883473053209172,0.12076917377977829,1.7092602718025898,0.14293199905233323,1.7629846835245953,True,True,True,True,True,8,56,176,21,0.12890851328594688,0.12799677259863784,0.0027153313570463344,0.01994051041467745,0.14306680328448124,1.760817892431248
selected,1329069268938839,22151154,oracle_matched_random,0.15377627260033275,1.883473053209172,0.12076917377977829,1.7092602718025898,0.1409183486770551,1.8505900961456443,True,True,True,True,True,8,56,176,6,0.12890851328594688,0.12398555322192063,0.0027153313570463344,0.01994051041467745,0.14146959848997756,1.8478463648502703
selected,1329069269936473,22151154,lidar_only,0.23280085492327865,2.449362196151333,0.23489369890251172,2.367735183237437,0.23489369890251172,2.367735183237437,False,False,False,True,True,8,56,136,0,0.0910436303369598,0.08877199592157033,0.0011590136016481165,0.0018322902495946929,0.23450546291675414,2.3677543495950673
selected,1329069269936473,22151154,prediction_full,0.23280085492327865,2.449362196151333,0.23489369890251172,2.367735183237437,0.2356193555309378,2.3902719668982946,False,False,False,True,True,8,56,136,23,0.0910436303369598,0.08934641869957506,0.0011590136016481165,0.0018322902495946929,0.23519282953262832,2.3902172653783196
selected,1329069269936473,22151154,prediction_common,0.23280085492327865,2.449362196151333,0.23489369890251172,2.367735183237437,0.23405245506048653,2.346691731970781,False,False,False,True,True,8,56,136,25,0.0910436303369598,0.08942310150970771,0.0011590136016481165,0.0018322902495946929,0.23367939256716558,2.3467833685827024
selected,1329069269936473,22151154,oracle_prediction,0.23280085492327865,2.449362196151333,0.23489369890251172,2.367735183237437,0.1943358394283555,1.732430896727387,False,False,True,True,True,9,63,136,23,0.0910436303369598,0.10652909722152279,0.0011590136016481165,0.0018322902495946929,0.19398942658811777,1.732860050226026
selected,1329069269936473,22151154,oracle_matched_random,0.23280085492327865,2.449362196151333,0.23489369890251172,2.367735183237437,0.23478677961062122,2.5974583415112975,False,False,False,True,True,8,56,136,5,0.0910436303369598,0.09207977867835333,0.0011590136016481165,0.0018322902495946929,0.2343993225832226,2.597532468674885
selected,1329069270936571,22151154,lidar_only,0.26360832978484644,1.3334491274452656,0.20890395944496157,1.196963103493585,0.20890395944496157,1.196963103493585,True,True,True,True,True,8,56,137,0,0.10564949733904502,0.09919111342997675,0.0008071436406236623,0.0014739458121614186,0.20912182714140737,1.1971542446298393
selected,1329069270936571,22151154,prediction_full,0.26360832978484644,1.3334491274452656,0.20890395944496157,1.196963103493585,0.2140186911415985,1.2794969522736002,True,True,True,True,True,8,56,137,21,0.10564949733904502,0.09937308088461881,0.0008071436406236623,0.0014739458121614186,0.21423842450700198,1.2796964572772398
selected,1329069270936571,22151154,prediction_common,0.26360832978484644,1.3334491274452656,0.20890395944496157,1.196963103493585,0.21848525337965885,1.3046707458903968,True,True,True,True,True,8,56,137,33,0.10564949733904502,0.09974883340246968,0.0008071436406236623,0.0014739458121614186,0.21869652230194214,1.304853327426426
selected,1329069270936571,22151154,oracle_prediction,0.26360832978484644,1.3334491274452656,0.20890395944496157,1.196963103493585,0.18968912688352618,1.158791567314967,True,True,True,True,True,8,56,137,25,0.10564949733904502,0.10728056637823197,0.0008071436406236623,0.0014739458121614186,0.18976730859514637,1.1587308488960546
selected,1329069270936571,22151154,oracle_matched_random,0.26360832978484644,1.3334491274452656,0.20890395944496157,1.196963103493585,0.22231369350270344,1.3502958729140742,True,True,True,True,True,8,56,137,6,0.10564949733904502,0.10131486385449817,0.0008071436406236623,0.0014739458121614186,0.22251941310588522,1.3504044485691666
selected,1329069271936728,22151154,lidar_only,0.16696861167593555,1.0790583066979498,0.16842763673120606,1.0408162415944788,0.16842763673120606,1.0408162415944788,True,True,True,True,True,7,49,195,0,0.14348991564695354,0.14159309364783407,0.00019536676805088227,0.00017388649138529172,0.1684336982139409,1.0408329418041617
selected,1329069271936728,22151154,prediction_full,0.16696861167593555,1.0790583066979498,0.16842763673120606,1.0408162415944788,0.17088131480520033,1.1530564315996723,True,True,True,True,True,7,49,195,29,0.14348991564695354,0.14210938708121093,0.00019536676805088227,0.00017388649138529172,0.17088482227782642,1.153077131133523
selected,1329069271936728,22151154,prediction_common,0.16696861167593555,1.0790583066979498,0.16842763673120606,1.0408162415944788,0.1739102454522897,1.0900723428632897,True,True,True,True,True,7,49,195,31,0.14348991564695354,0.14174652692469916,0.00019536676805088227,0.00017388649138529172,0.1739185301227503,1.0900901812665844
selected,1329069271936728,22151154,oracle_prediction,0.16696861167593555,1.0790583066979498,0.16842763673120606,1.0408162415944788,0.17843028969998637,1.0249765437836076,True,True,True,True,True,8,56,195,28,0.14348991564695354,0.14480209723548845,0.00019536676805088227,0.00017388649138529172,0.17846678155433454,1.0250020410910345
selected,1329069271936728,22151154,oracle_matched_random,0.16696861167593555,1.0790583066979498,0.16842763673120606,1.0408162415944788,0.15972853324332248,0.7964728117089803,True,True,True,True,True,8,56,195,9,0.14348991564695354,0.14527558154361578,0.00019536676805088227,0.00017388649138529172,0.15976200051123077,0.7964877165720423
selected,1329069272936767,22151154,lidar_only,0.21228366606161284,1.038450647369272,0.19737677851233854,0.9844249627524165,0.19737677851233854,0.9844249627524165,True,True,True,True,True,7,49,176,0,0.12989038010933296,0.12905526651742855,0.0032317988325946097,0.0016380526662701147,0.19974074951152,0.9856862973832917
selected,1329069272936767,22151154,prediction_full,0.21228366606161284,1.038450647369272,0.19737677851233854,0.9844249627524165,0.20234839835969745,1.0701388967710428,True,True,True,True,True,8,56,176,30,0.12989038010933296,0.13011077808056815,0.0032317988325946097,0.0016380526662701147,0.2047355210922713,1.0714817996076205
selected,1329069272936767,22151154,prediction_common,0.21228366606161284,1.038450647369272,0.19737677851233854,0.9844249627524165,0.20405485370559778,1.050438842933466,True,True,True,True,True,7,49,176,51,0.12989038010933296,0.12936869119049438,0.0032317988325946097,0.0016380526662701147,0.20637618666120677,1.0517727516273554
selected,1329069272936767,22151154,oracle_prediction,0.21228366606161284,1.038450647369272,0.19737677851233854,0.9844249627524165,0.19421531149232016,1.0557484579536702,True,True,True,True,True,7,49,176,45,0.12989038010933296,0.13143527593709284,0.0032317988325946097,0.0016380526662701147,0.19647812696078812,1.0571408910338875
selected,1329069272936767,22151154,oracle_matched_random,0.21228366606161284,1.038450647369272,0.19737677851233854,0.9844249627524165,0.18998782329485447,0.9752894667494406,True,True,True,True,True,7,49,176,17,0.12989038010933296,0.1298879855544878,0.0032317988325946097,0.0016380526662701147,0.1922023449056928,0.9766276090776363
selected,1329069273936858,22151154,lidar_only,0.24766389192741103,1.6707791409024404,0.24610798516007062,1.5081970193585559,0.24610798516007062,1.5081970193585559,True,True,True,True,True,8,56,139,0,0.10735262257073167,0.10320021101274769,0.0023619633053986334,0.008960238813656646,0.24714863227204156,1.5158758576474334
selected,1329069273936858,22151154,prediction_full,0.24766389192741103,1.6707791409024404,0.24610798516007062,1.5081970193585559,0.24950052103563206,1.5647985815883345,True,True,True,True,True,8,56,139,28,0.10735262257073167,0.10395549023870977,0.0023619633053986334,0.008960238813656646,0.2506564689815279,1.572276457231247
selected,1329069273936858,22151154,prediction_common,0.24766389192741103,1.6707791409024404,0.24610798516007062,1.5081970193585559,0.2651737124779808,1.606177648042087,True,True,True,True,True,8,56,139,48,0.10735262257073167,0.10402657851508458,0.0023619633053986334,0.008960238813656646,0.26627319839738894,1.613815457685139
selected,1329069273936858,22151154,oracle_prediction,0.24766389192741103,1.6707791409024404,0.24610798516007062,1.5081970193585559,0.23103409526264934,1.3026094664275394,True,True,True,True,True,8,56,139,35,0.10735262257073167,0.10720283285192733,0.0023619633053986334,0.008960238813656646,0.23181662943056985,1.3105147387629565
selected,1329069273936858,22151154,oracle_matched_random,0.24766389192741103,1.6707791409024404,0.24610798516007062,1.5081970193585559,0.2690490267966516,1.613012436765886,True,True,True,True,True,8,56,139,19,0.10735262257073167,0.10400160673247147,0.0023619633053986334,0.008960238813656646,0.2700607658078518,1.620870468624708
selected,1329069274936948,22151154,lidar_only,0.23429237594619684,2.2493974464469435,0.1974561840791009,1.9983100985699895,0.1974561840791009,1.9983100985699895,False,True,True,True,True,8,56,161,0,0.1235667948699668,0.10602137501464853,0.002304284650386567,0.0020524215168179084,0.19912756715303984,1.9988156946682258
selected,1329069274936948,22151154,prediction_full,0.23429237594619684,2.2493974464469435,0.1974561840791009,1.9983100985699895,0.20083388710658273,1.997727873759991,False,True,True,True,True,8,56,161,28,0.1235667948699668,0.10636693503474362,0.002304284650386567,0.0020524215168179084,0.20247232205468962,1.9981784558263556
selected,1329069274936948,22151154,prediction_common,0.23429237594619684,2.2493974464469435,0.1974561840791009,1.9983100985699895,0.20166416361670103,2.019664896348948,False,True,False,True,True,8,56,161,53,0.1235667948699668,0.10630673801249967,0.002304284650386567,0.0020524215168179084,0.20338956213809292,2.020197285589629
selected,1329069274936948,22151154,oracle_prediction,0.23429237594619684,2.2493974464469435,0.1974561840791009,1.9983100985699895,0.1653167825135472,1.797359194462952,False,True,True,True,True,8,56,161,37,0.1235667948699668,0.1107377411052061,0.002304284650386567,0.0020524215168179084,0.1670748140599149,1.797922839653242
selected,1329069274936948,22151154,oracle_matched_random,0.23429237594619684,2.2493974464469435,0.1974561840791009,1.9983100985699895,0.18469545083320774,1.9741686778657592,False,True,True,True,True,8,56,161,18,0.1235667948699668,0.10659470913546319,0.002304284650386567,0.0020524215168179084,0.18639798162795576,1.9747251677936393
selected,1329069275937051,22151154,lidar_only,0.17044080036921913,1.9036645603375115,0.22117244515364495,1.8387541607387263,0.22117244515364495,1.8387541607387263,True,True,True,True,True,8,56,166,0,0.14255061115740159,0.13817329097124642,0.00044668081864965596,0.0066826809523030835,0.22091936729891384,1.8332036318058222
selected,1329069275937051,22151154,prediction_full,0.17044080036921913,1.9036645603375115,0.22117244515364495,1.8387541607387263,0.21979597106464824,1.8105269972304279,True,True,True,True,True,8,56,166,18,0.14255061115740159,0.13842833458634873,0.00044668081864965596,0.0066826809523030835,0.21954047792546108,1.8048743096323696
selected,1329069275937051,22151154,prediction_common,0.17044080036921913,1.9036645603375115,0.22117244515364495,1.8387541607387263,0.2122245925657742,1.8075784970060615,True,True,True,True,True,8,56,166,40,0.14255061115740159,0.1385842231317912,0.00044668081864965596,0.0066826809523030835,0.21197215068646633,1.8018906842553348
selected,1329069275937051,22151154,oracle_prediction,0.17044080036921913,1.9036645603375115,0.22117244515364495,1.8387541607387263,0.20135596701663164,1.6185651195056607,True,True,True,True,True,8,56,166,32,0.14255061115740159,0.15108959624911572,0.00044668081864965596,0.0066826809523030835,0.20103652484824236,1.612746996579353
selected,1329069275937051,22151154,oracle_matched_random,0.17044080036921913,1.9036645603375115,0.22117244515364495,1.8387541607387263,0.21604714702320754,1.7694706508146647,True,True,True,True,True,8,56,166,9,0.14255061115740159,0.1394190355388588,0.00044668081864965596,0.0066826809523030835,0.21577620376168002,1.7637268695696744
selected,1329069276937155,22151154,lidar_only,0.2637633623316653,2.531839180602137,0.287604080677689,2.557773175477954,0.287604080677689,2.557773175477954,False,False,False,True,True,8,56,63,0,0.06497982215917532,0.06336149238049922,0.002008321164531791,0.020114719566487336,0.2887962297982521,2.5611391384775204
selected,1329069276937155,22151154,prediction_full,0.2637633623316653,2.531839180602137,0.287604080677689,2.557773175477954,0.2999749624358458,2.6181705509922604,False,False,False,True,True,8,56,63,23,0.06497982215917532,0.0641639324424199,0.002008321164531791,0.020114719566487336,0.3012771946091625,2.6215451732238826
selected,1329069276937155,22151154,prediction_common,0.2637633623316653,2.531839180602137,0.287604080677689,2.557773175477954,0.2763257967512887,2.5394209492545103,False,False,False,True,True,8,56,63,46,0.06497982215917532,0.06401747968432162,0.002008321164531791,0.020114719566487336,0.27750640674076327,2.5434832376869756
selected,1329069276937155,22151154,oracle_prediction,0.2637633623316653,2.531839180602137,0.287604080677689,2.557773175477954,0.179237023327598,2.2511493310268382,False,False,False,True,True,9,63,63,31,0.06497982215917532,0.07476734629022577,0.002008321164531791,0.020114719566487336,0.18022274272604935,2.256628512741869
selected,1329069276937155,22151154,oracle_matched_random,0.2637633623316653,2.531839180602137,0.287604080677689,2.557773175477954,0.2592023402175828,2.4710712304833344,False,False,False,True,True,8,56,63,13,0.06497982215917532,0.06584652034182994,0.002008321164531791,0.020114719566487336,0.2603543206741862,2.4755398133746027
selected,1329069277937244,22151154,lidar_only,0.31257584487774775,2.6902886099445307,0.31699600954721296,2.677936451416082,0.31699600954721296,2.677936451416082,False,False,False,True,True,8,56,89,0,0.07476670496491213,0.07318065133121335,6.851172047086336e-05,0.003667266455579117,0.3169326562808655,2.674940084164262
selected,1329069277937244,22151154,prediction_full,0.31257584487774775,2.6902886099445307,0.31699600954721296,2.677936451416082,0.3038807477606837,2.7051749797824995,False,False,False,True,True,8,56,89,23,0.07476670496491213,0.07366468784884063,6.851172047086336e-05,0.003667266455579117,0.3038178418525553,2.7023214858891715
selected,1329069277937244,22151154,prediction_common,0.31257584487774775,2.6902886099445307,0.31699600954721296,2.677936451416082,0.30988263735830196,2.909082620441419,False,False,False,True,True,8,56,89,45,0.07476670496491213,0.07649908108597406,6.851172047086336e-05,0.003667266455579117,0.3098219481196827,2.9064335094348093
selected,1329069277937244,22151154,oracle_prediction,0.31257584487774775,2.6902886099445307,0.31699600954721296,2.677936451416082,0.2338695451978891,2.854963004498557,False,False,False,True,True,9,63,89,10,0.07476670496491213,0.08285282934993814,6.851172047086336e-05,0.003667266455579117,0.23380559119076527,2.8525267337345896
selected,1329069277937244,22151154,oracle_matched_random,0.31257584487774775,2.6902886099445307,0.31699600954721296,2.677936451416082,0.3124443796803379,3.231076362816186,False,False,False,True,True,8,56,89,7,0.07476670496491213,0.08596541651511791,6.851172047086336e-05,0.003667266455579117,0.31238184371540373,3.2287326166220227
selected,1329069278937334,22151154,lidar_only,0.11850515923570264,1.974398012619292,0.09651293688413573,1.7280785796881293,0.09651293688413573,1.7280785796881293,True,True,True,True,True,8,56,127,0,0.11883842858773273,0.11507308279307508,0.0005819784361133716,0.011602175971009366,0.09604185860058341,1.7288546064378112
selected,1329069278937334,22151154,prediction_full,0.11850515923570264,1.974398012619292,0.09651293688413573,1.7280785796881293,0.10895530273097362,1.9511292511149378,True,True,True,True,True,8,56,127,25,0.11883842858773273,0.11660206823238226,0.0005819784361133716,0.011602175971009366,0.10846724920421454,1.9523557585135962
selected,1329069278937334,22151154,prediction_common,0.11850515923570264,1.974398012619292,0.09651293688413573,1.7280785796881293,0.12351878225392657,1.9524425839377748,True,True,True,True,True,7,49,127,46,0.11883842858773273,0.11805342017383418,0.0005819784361133716,0.011602175971009366,0.12301568344950417,1.9533437350870724
selected,1329069278937334,22151154,oracle_prediction,0.11850515923570264,1.974398012619292,0.09651293688413573,1.7280785796881293,0.12762951101020684,1.6603980609467077,True,True,True,True,True,9,63,127,29,0.11883842858773273,0.13496637345977464,0.0005819784361133716,0.011602175971009366,0.12724981949135705,1.6641537313510637
selected,1329069278937334,22151154,oracle_matched_random,0.11850515923570264,1.974398012619292,0.09651293688413573,1.7280785796881293,0.10776483757535499,1.5879569805229148,True,True,True,True,True,9,63,127,12,0.11883842858773273,0.12037415136255468,0.0005819784361133716,0.011602175971009366,0.10723606478354465,1.5892493805836068
selected,1329069279937436,22151154,lidar_only,0.19778027388362013,1.4427847175530386,0.2376712015865111,1.3621196047572788,0.2376712015865111,1.3621196047572788,True,True,True,True,True,9,63,66,0,0.040326467148047065,0.037331620465685,0.00032025524534492426,0.004819691516195857,0.2378253303064516,1.3580727196345788
selected,1329069279937436,22151154,prediction_full,0.19778027388362013,1.4427847175530386,0.2376712015865111,1.3621196047572788,0.24901021821948408,1.2701970669611216,True,True,True,True,True,9,63,66,13,0.040326467148047065,0.037860575434880646,0.00032025524534492426,0.004819691516195857,0.24916713801876722,1.2665313087721257
selected,1329069279937436,22151154,prediction_common,0.19778027388362013,1.4427847175530386,0.2376712015865111,1.3621196047572788,0.25413615455761795,1.2046087064398736,True,True,True,True,True,8,56,66,43,0.040326467148047065,0.0397833516125874,0.00032025524534492426,0.004819691516195857,0.254338875409061,1.2004075086942247
selected,1329069279937436,22151154,oracle_prediction,0.19778027388362013,1.4427847175530386,0.2376712015865111,1.3621196047572788,0.26411323459751246,0.9568954172388304,True,True,True,True,True,8,56,66,43,0.040326467148047065,0.04849428711242351,0.00032025524534492426,0.004819691516195857,0.26436610187489423,0.9530946117781488
selected,1329069279937436,22151154,oracle_matched_random,0.19778027388362013,1.4427847175530386,0.2376712015865111,1.3621196047572788,0.284002307743926,0.9405722731837393,True,True,True,True,True,8,56,66,21,0.040326467148047065,0.04615223558488425,0.00032025524534492426,0.004819691516195857,0.28422074852057655,0.9368724863699905
selected,1329069280937529,22151154,lidar_only,0.11190048388640014,1.5875680354230757,0.14002526164734502,1.7750841315178658,0.14002526164734502,1.7750841315178658,True,True,True,True,True,8,56,178,0,0.13152540574358795,0.12923326827754553,0.0006911346317306841,0.06660386170066895,0.14063498013008463,1.8271678969896403
selected,1329069280937529,22151154,prediction_full,0.11190048388640014,1.5875680354230757,0.14002526164734502,1.7750841315178658,0.1415700085666388,1.8064895885938033,True,True,True,True,True,8,56,178,6,0.13152540574358795,0.12926011924406414,0.0006911346317306841,0.06660386170066895,0.1421777887929841,1.8581174313978597
selected,1329069280937529,22151154,prediction_common,0.11190048388640014,1.5875680354230757,0.14002526164734502,1.7750841315178658,0.1388388189022891,1.7809113581073446,True,True,True,True,True,8,56,178,10,0.13152540574358795,0.12925145995539253,0.0006911346317306841,0.06660386170066895,0.13945155507616583,1.8332541593477334
selected,1329069280937529,22151154,oracle_prediction,0.11190048388640014,1.5875680354230757,0.14002526164734502,1.7750841315178658,0.16469492463530092,1.855819228377848,True,True,True,True,True,9,63,178,5,0.13152540574358795,0.16662948907342673,0.0006911346317306841,0.06660386170066895,0.16516605029431733,1.8911520553293482
selected,1329069280937529,22151154,oracle_matched_random,0.11190048388640014,1.5875680354230757,0.14002526164734502,1.7750841315178658,0.14002526164734502,1.7750841315178658,True,True,True,True,True,8,56,178,0,0.13152540574358795,0.12923326827754553,0.0006911346317306841,0.06660386170066895,0.14063498013008463,1.8271678969896403
selected,1329069281937627,22151154,lidar_only,0.23253897839345553,2.4110411880055924,0.24870487853780715,2.707966792842575,0.24870487853780715,2.707966792842575,False,False,False,True,True,8,56,147,0,0.11922391242068352,0.11601003203396475,0.0004148858860059781,0.12392907718459403,0.2491056961369106,2.6410770408498156
selected,1329069281937627,22151154,prediction_full,0.23253897839345553,2.4110411880055924,0.24870487853780715,2.707966792842575,0.24863833294523557,2.713251987924776,False,False,False,True,True,8,56,147,1,0.11922391242068352,0.11601730069404588,0.0004148858860059781,0.12392907718459403,0.24903948677412865,2.64627414246304
selected,1329069281937627,22151154,prediction_common,0.23253897839345553,2.4110411880055924,0.24870487853780715,2.707966792842575,0.2517636447636148,2.728163180382898,False,False,False,True,True,8,56,147,7,0.11922391242068352,0.11612191421616776,0.0004148858860059781,0.12392907718459403,0.25216128585095715,2.661512908913729
selected,1329069281937627,22151154,oracle_prediction,0.23253897839345553,2.4110411880055924,0.24870487853780715,2.707966792842575,0.3080949779966749,2.7084513369733982,False,False,False,True,True,9,63,147,5,0.11922391242068352,0.1623384644170632,0.0004148858860059781,0.12392907718459403,0.308409127424801,2.6291845731392507
selected,1329069281937627,22151154,oracle_matched_random,0.23253897839345553,2.4110411880055924,0.24870487853780715,2.707966792842575,0.2752198092201533,3.0619853061130393,False,False,False,True,True,8,56,147,1,0.11922391242068352,0.1254707036015012,0.0004148858860059781,0.12392907718459403,0.2755900698121239,3.004830476238204
selected,1329069282937723,22151154,lidar_only,0.1082558986171072,1.5128167030798318,0.12152028190925444,1.661490234742669,0.12152028190925444,1.661490234742669,True,True,True,True,True,8,56,96,0,0.06755465642590211,0.06580419922910592,2.7998034572939176e-05,0.07341176751466874,0.12151407300942017,1.7044872252994072
selected,1329069282937723,22151154,prediction_full,0.1082558986171072,1.5128167030798318,0.12152028190925444,1.661490234742669,0.12152028190925444,1.661490234742669,True,True,True,True,True,8,56,96,0,0.06755465642590211,0.06580419922910592,2.7998034572939176e-05,0.07341176751466874,0.12151407300942017,1.7044872252994072
selected,1329069282937723,22151154,prediction_common,0.1082558986171072,1.5128167030798318,0.12152028190925444,1.661490234742669,0.12152028190925444,1.661490234742669,True,True,True,True,True,8,56,96,0,0.06755465642590211,0.06580419922910592,2.7998034572939176e-05,0.07341176751466874,0.12151407300942017,1.7044872252994072
selected,1329069282937723,22151154,oracle_prediction,0.1082558986171072,1.5128167030798318,0.12152028190925444,1.661490234742669,0.12152028190925444,1.661490234742669,True,True,True,True,True,8,56,96,0,0.06755465642590211,0.06580419922910592,2.7998034572939176e-05,0.07341176751466874,0.12151407300942017,1.7044872252994072
selected,1329069282937723,22151154,oracle_matched_random,0.1082558986171072,1.5128167030798318,0.12152028190925444,1.661490234742669,0.12152028190925444,1.661490234742669,True,True,True,True,True,8,56,96,0,0.06755465642590211,0.06580419922910592,2.7998034572939176e-05,0.07341176751466874,0.12151407300942017,1.7044872252994072
selected,1329069283937817,22151154,lidar_only,0.14701388332049586,1.6698321538432153,0.11094661436043367,1.795644107720143,0.11094661436043367,1.795644107720143,True,True,True,True,True,9,63,107,0,0.0755105691934108,0.07146786000764303,0.00017443024442781208,0.16802691419194216,0.11104767812989141,1.7644877460909358
selected,1329069283937817,22151154,prediction_full,0.14701388332049586,1.6698321538432153,0.11094661436043367,1.795644107720143,0.11094661436043367,1.795644107720143,True,True,True,True,True,9,63,107,0,0.0755105691934108,0.07146786000764303,0.00017443024442781208,0.16802691419194216,0.11104767812989141,1.7644877460909358
selected,1329069283937817,22151154,prediction_common,0.14701388332049586,1.6698321538432153,0.11094661436043367,1.795644107720143,0.11094661436043367,1.795644107720143,True,True,True,True,True,9,63,107,0,0.0755105691934108,0.07146786000764303,0.00017443024442781208,0.16802691419194216,0.11104767812989141,1.7644877460909358
selected,1329069283937817,22151154,oracle_prediction,0.14701388332049586,1.6698321538432153,0.11094661436043367,1.795644107720143,0.11094661436043367,1.795644107720143,True,True,True,True,True,9,63,107,0,0.0755105691934108,0.07146786000764303,0.00017443024442781208,0.16802691419194216,0.11104767812989141,1.7644877460909358
selected,1329069283937817,22151154,oracle_matched_random,0.14701388332049586,1.6698321538432153,0.11094661436043367,1.795644107720143,0.11094661436043367,1.795644107720143,True,True,True,True,True,9,63,107,0,0.0755105691934108,0.07146786000764303,0.00017443024442781208,0.16802691419194216,0.11104767812989141,1.7644877460909358
selected,1329069284937904,22151154,lidar_only,0.19246884384850224,1.4465177022682425,0.2051119314578935,1.5257610790034195,0.2051119314578935,1.5257610790034195,True,True,True,True,True,8,56,117,0,0.09486654266014266,0.09317747502016155,5.988690789334737e-05,0.005854255520146763,0.20506167254775265,1.523678692066934
selected,1329069284937904,22151154,prediction_full,0.19246884384850224,1.4465177022682425,0.2051119314578935,1.5257610790034195,0.2051119314578935,1.5257610790034195,True,True,True,True,True,8,56,117,0,0.09486654266014266,0.09317747502016155,5.988690789334737e-05,0.005854255520146763,0.20506167254775265,1.523678692066934
selected,1329069284937904,22151154,prediction_common,0.19246884384850224,1.4465177022682425,0.2051119314578935,1.5257610790034195,0.20345284309996622,1.479351452615303,True,True,True,True,True,8,56,117,3,0.09486654266014266,0.09331047742425379,5.988690789334737e-05,0.005854255520146763,0.2034026974684662,1.4773251888407377
selected,1329069284937904,22151154,oracle_prediction,0.19246884384850224,1.4465177022682425,0.2051119314578935,1.5257610790034195,0.14905746408601186,1.1707912200253379,True,True,True,True,True,11,77,117,3,0.09486654266014266,0.19973893382014885,5.988690789334737e-05,0.005854255520146763,0.14900997789824472,1.175938802309351
selected,1329069284937904,22151154,oracle_matched_random,0.19246884384850224,1.4465177022682425,0.2051119314578935,1.5257610790034195,0.2051119314578935,1.5257610790034195,True,True,True,True,True,8,56,117,0,0.09486654266014266,0.09317747502016155,5.988690789334737e-05,0.005854255520146763,0.20506167254775265,1.523678692066934
selected,1329069285938029,22151154,lidar_only,0.17841297243253493,1.4525071745174856,0.17827925747870355,1.6099946022428675,0.17827925747870355,1.6099946022428675,True,True,True,True,True,8,56,184,0,0.13791109264227192,0.13335930303722374,2.1701920344332443e-05,0.0036052708008027378,0.17827898070887593,1.6087743032006974
selected,1329069285938029,22151154,prediction_full,0.17841297243253493,1.4525071745174856,0.17827925747870355,1.6099946022428675,0.17909542190290414,1.603591044745967,True,True,True,True,True,8,56,184,6,0.13791109264227192,0.13340337884117814,2.1701920344332443e-05,0.0036052708008027378,0.17909515584392188,1.6023902683342492
selected,1329069285938029,22151154,prediction_common,0.17841297243253493,1.4525071745174856,0.17827925747870355,1.6099946022428675,0.17866660474431878,1.612093629740991,True,True,True,True,True,8,56,184,29,0.13791109264227192,0.13336736612324424,2.1701920344332443e-05,0.0036052708008027378,0.17866622201660495,1.6108799269784329
selected,1329069285938029,22151154,oracle_prediction,0.17841297243253493,1.4525071745174856,0.17827925747870355,1.6099946022428675,0.15674959761404667,1.2960173513476443,True,True,True,True,True,8,56,184,17,0.13791109264227192,0.14613533145914492,2.1701920344332443e-05,0.0036052708008027378,0.156751909878005,1.2949152006573046
selected,1329069285938029,22151154,oracle_matched_random,0.17841297243253493,1.4525071745174856,0.17827925747870355,1.6099946022428675,0.17298478003241324,1.598855357909248,True,True,True,True,True,8,56,184,8,0.13791109264227192,0.13356325268662023,2.1701920344332443e-05,0.0036052708008027378,0.1729852538163518,1.597668775196246
selected,1329069286938104,22151154,lidar_only,0.1019391461460455,2.04421363691183,0.1037281435875977,2.0534460432389756,0.1037281435875977,2.0534460432389756,False,False,False,True,True,7,49,218,0,0.15152105224535012,0.15102143415564329,0.00025316348735226,0.002024229910780825,0.10348234768633452,2.0527060912987936
selected,1329069286938104,22151154,prediction_full,0.1019391461460455,2.04421363691183,0.1037281435875977,2.0534460432389756,0.10476314766824925,2.0626047082346797,False,False,False,True,True,7,49,218,22,0.15152105224535012,0.1512361308066773,0.00025316348735226,0.002024229910780825,0.10451357924028322,2.061925804896897
selected,1329069286938104,22151154,prediction_common,0.1019391461460455,2.04421363691183,0.1037281435875977,2.0534460432389756,0.11016770757966819,2.0627642436599594,False,False,False,True,True,7,49,218,38,0.15152105224535012,0.15146943799162008,0.00025316348735226,0.002024229910780825,0.10992068688009675,2.062074341158063
selected,1329069286938104,22151154,oracle_prediction,0.1019391461460455,2.04421363691183,0.1037281435875977,2.0534460432389756,0.11109475110193946,1.8441571319034737,False,False,True,True,True,8,56,218,23,0.15152105224535012,0.1633768170542995,0.00025316348735226,0.002024229910780825,0.11090314199641925,1.8434861118403338
selected,1329069286938104,22151154,oracle_matched_random,0.1019391461460455,2.04421363691183,0.1037281435875977,2.0534460432389756,0.10598221392029163,2.0002628815804044,False,False,False,True,True,7,49,218,5,0.15152105224535012,0.1522920386183852,0.00025316348735226,0.002024229910780825,0.10574661717910169,1.9995690425444446
selected,1329069287938199,22151154,lidar_only,0.49911374494583277,4.254526630790195,0.5099914011325701,4.304270003305611,0.5099914011325701,4.304270003305611,False,False,False,True,True,8,56,88,0,0.07138174917516295,0.0695782098099203,0.002443636225252929,0.05381258326271903,0.5075880492472454,4.291299644333999
selected,1329069287938199,22151154,prediction_full,0.49911374494583277,4.254526630790195,0.5099914011325701,4.304270003305611,0.5151271371620714,4.270542418482572,False,False,False,True,True,8,56,88,20,0.07138174917516295,0.0700448340800391,0.002443636225252929,0.05381258326271903,0.5127138769209713,4.256789250969737
selected,1329069287938199,22151154,prediction_common,0.49911374494583277,4.254526630790195,0.5099914011325701,4.304270003305611,0.49892407840432595,4.215311728774835,False,False,False,True,True,8,56,88,31,0.07138174917516295,0.07158158141539012,0.002443636225252929,0.05381258326271903,0.4965003556975404,4.203447031235003
selected,1329069287938199,22151154,oracle_prediction,0.49911374494583277,4.254526630790195,0.5099914011325701,4.304270003305611,0.4518814137820576,3.7148427019666466,False,False,False,True,True,12,84,88,10,0.07138174917516295,0.10888651919300707,0.002443636225252929,0.05381258326271903,0.44947678120339984,3.7062434993337474
selected,1329069287938199,22151154,oracle_matched_random,0.49911374494583277,4.254526630790195,0.5099914011325701,4.304270003305611,0.4814456306312759,3.9737702727046265,False,False,False,True,True,10,70,88,6,0.07138174917516295,0.0926254900334655,0.002443636225252929,0.05381258326271903,0.4790079171949341,3.961548575941008
selected,1329069288938293,22151154,lidar_only,0.302581198751144,3.7965793511193846,0.26444563704565344,3.7901142951928724,0.26444563704565344,3.7901142951928724,False,False,False,True,True,8,56,212,0,0.16035693766580467,0.15564577922445144,0.003114836684446263,0.04071236307530083,0.2620876722893516,3.7498725958269636
selected,1329069288938293,22151154,prediction_full,0.302581198751144,3.7965793511193846,0.26444563704565344,3.7901142951928724,0.2757568625084427,3.8410913314508788,False,False,False,True,True,8,56,212,34,0.16035693766580467,0.15636288547285035,0.003114836684446263,0.04071236307530083,0.273378058552412,3.8008324483110227
selected,1329069288938293,22151154,prediction_common,0.302581198751144,3.7965793511193846,0.26444563704565344,3.7901142951928724,0.2889205069037211,3.765050900573492,False,False,False,True,True,8,56,212,57,0.16035693766580467,0.1574651308748824,0.003114836684446263,0.04071236307530083,0.28664703597350744,3.724781326596109
selected,1329069288938293,22151154,oracle_prediction,0.302581198751144,3.7965793511193846,0.26444563704565344,3.7901142951928724,0.2118428810492177,3.3922047805835516,False,False,False,True,True,11,77,212,10,0.16035693766580467,0.19051277867222133,0.003114836684446263,0.04071236307530083,0.2092089246111048,3.3521813937225544
selected,1329069288938293,22151154,oracle_matched_random,0.302581198751144,3.7965793511193846,0.26444563704565344,3.7901142951928724,0.2326561864954358,3.7377955298333445,False,False,False,True,True,9,63,212,7,0.16035693766580467,0.15868473299839783,0.003114836684446263,0.04071236307530083,0.2302702210165346,3.6976303285628163
selected,1329069289938425,22151154,lidar_only,0.43433605490222643,2.7177401139742803,0.42886276007570445,2.6377727698816473,0.42886276007570445,2.6377727698816473,False,False,False,True,True,7,49,184,0,0.13563715432020712,0.1347394764080433,0.0012110495035469492,0.004277317335450548,0.4300716208467937,2.639033702368131
selected,1329069289938425,22151154,prediction_full,0.43433605490222643,2.7177401139742803,0.42886276007570445,2.6377727698816473,0.43653960471656394,2.611603147579308,False,False,False,True,True,8,56,184,34,0.13563715432020712,0.13616356562872078,0.0012110495035469492,0.004277317335450548,0.43774537759307064,2.6128600102726836
selected,1329069289938425,22151154,prediction_common,0.43433605490222643,2.7177401139742803,0.42886276007570445,2.6377727698816473,0.4376051505281422,2.6642781075174558,False,False,False,True,True,8,56,184,44,0.13563715432020712,0.1363131165665717,0.0012110495035469492,0.004277317335450548,0.4388095226677161,2.6654384179496535
selected,1329069289938425,22151154,oracle_prediction,0.43433605490222643,2.7177401139742803,0.42886276007570445,2.6377727698816473,0.373618423692322,2.3831300348591262,False,False,False,True,True,9,63,184,10,0.13563715432020712,0.15960212689865366,0.0012110495035469492,0.004277317335450548,0.37481058319016797,2.384088313084815
selected,1329069289938425,22151154,oracle_matched_random,0.43433605490222643,2.7177401139742803,0.42886276007570445,2.6377727698816473,0.42534384034989337,2.5992769011635377,False,False,False,True,True,9,63,184,5,0.13563715432020712,0.14553666652083427,0.0012110495035469492,0.004277317335450548,0.42654619202508764,2.6001499386916884
selected,1329069290938489,22151154,lidar_only,0.11912301237300406,1.5781804530962011,0.10259357647020616,1.5856503430063578,0.10259357647020616,1.5856503430063578,True,True,True,True,True,8,56,298,0,0.19979525039624546,0.19752646145790353,0.005450931212495715,0.018275777225295498,0.09728764468338606,1.569066403887526
selected,1329069290938489,22151154,prediction_full,0.11912301237300406,1.5781804530962011,0.10259357647020616,1.5856503430063578,0.11156376237608293,1.574909762793106,True,True,True,True,True,7,49,298,38,0.19979525039624546,0.19912619459285563,0.005450931212495715,0.018275777225295498,0.1061789416017182,1.5584779164813904
selected,1329069290938489,22151154,prediction_common,0.11912301237300406,1.5781804530962011,0.10259357647020616,1.5856503430063578,0.116440147465314,1.5836672872764543,True,True,True,True,True,7,49,298,53,0.19979525039624546,0.19926229948304286,0.005450931212495715,0.018275777225295498,0.11103289939643744,1.5674580722399227
selected,1329069290938489,22151154,oracle_prediction,0.11912301237300406,1.5781804530962011,0.10259357647020616,1.5856503430063578,0.12015085177167559,1.5197480189113823,True,True,True,True,True,7,49,298,31,0.19979525039624546,0.20006665510240204,0.005450931212495715,0.018275777225295498,0.11500057132608989,1.5034652039481768
selected,1329069290938489,22151154,oracle_matched_random,0.11912301237300406,1.5781804530962011,0.10259357647020616,1.5856503430063578,0.1222105209099084,1.5746404756285572,True,True,True,True,True,7,49,298,10,0.19979525039624546,0.199173936654066,0.005450931212495715,0.018275777225295498,0.1168656060344183,1.5583961870787904
selected,1329069291938585,22151154,lidar_only,0.183562887507358,1.0783442793840532,0.16421913114878467,1.1380056984465294,0.16421913114878467,1.1380056984465294,True,True,True,True,True,8,56,277,0,0.19175744120707208,0.18739861669601274,0.005913858034564439,0.03714680378430919,0.16417522680485083,1.1262665782091486
selected,1329069291938585,22151154,prediction_full,0.183562887507358,1.0783442793840532,0.16421913114878467,1.1380056984465294,0.16342986580733587,1.0872131621709313,True,True,True,True,True,8,56,277,27,0.19175744120707208,0.187772210314279,0.005913858034564439,0.03714680378430919,0.1631494893607387,1.0767181004980069
selected,1329069291938585,22151154,prediction_common,0.183562887507358,1.0783442793840532,0.16421913114878467,1.1380056984465294,0.16548841538636558,1.0965847028510356,True,True,True,True,True,8,56,277,53,0.19175744120707208,0.1875969074635024,0.005913858034564439,0.03714680378430919,0.16533451738254615,1.0850346816911542
selected,1329069291938585,22151154,oracle_prediction,0.183562887507358,1.0783442793840532,0.16421913114878467,1.1380056984465294,0.15743416518491848,0.9594324143542683,True,True,True,True,True,7,49,277,48,0.19175744120707208,0.19011289020209007,0.005913858034564439,0.03714680378430919,0.15685843311572098,0.9498085550886916
selected,1329069291938585,22151154,oracle_matched_random,0.183562887507358,1.0783442793840532,0.16421913114878467,1.1380056984465294,0.1689076008462622,1.0989470637935765,True,True,True,True,True,8,56,277,20,0.19175744120707208,0.18894212771307978,0.005913858034564439,0.03714680378430919,0.1686465316840005,1.087173506503969
selected,1329069292938682,22151154,lidar_only,0.17156514011446913,1.7607188424893514,0.18802203534361503,1.67179048368849,0.18802203534361503,1.67179048368849,True,True,True,True,True,7,49,277,0,0.19508304895343656,0.19147242093179193,0.0032054286616424992,0.02165520197068751,0.18994400511053972,1.678643525240193
selected,1329069292938682,22151154,prediction_full,0.17156514011446913,1.7607188424893514,0.18802203534361503,1.67179048368849,0.1878826587309692,1.6226801415437666,True,True,True,True,True,7,49,277,44,0.19508304895343656,0.19218966861121975,0.0032054286616424992,0.02165520197068751,0.18972508041123223,1.629873913445904
selected,1329069292938682,22151154,prediction_common,0.17156514011446913,1.7607188424893514,0.18802203534361503,1.67179048368849,0.1768967416651218,1.593984336609016,True,True,True,True,True,7,49,277,78,0.19508304895343656,0.19267958647233974,0.0032054286616424992,0.02165520197068751,0.178680798882687,1.6010732579024827
selected,1329069292938682,22151154,oracle_prediction,0.17156514011446913,1.7607188424893514,0.18802203534361503,1.67179048368849,0.1602913213553086,1.4820693962861986,True,True,True,True,True,8,56,277,75,0.19508304895343656,0.19735053403028815,0.0032054286616424992,0.02165520197068751,0.16192100624226144,1.489425713185767
selected,1329069292938682,22151154,oracle_matched_random,0.17156514011446913,1.7607188424893514,0.18802203534361503,1.67179048368849,0.1689044790836995,1.5570069771735688,True,True,True,True,True,8,56,277,39,0.19508304895343656,0.19416668120198918,0.0032054286616424992,0.02165520197068751,0.1706003128569113,1.5641240775830567
selected,1329069293938779,22151154,lidar_only,0.3425817727602557,2.21380785252663,0.36310230842816804,2.164898759047487,0.36310230842816804,2.164898759047487,False,False,False,True,True,8,56,149,0,0.15236783824110625,0.1506512549829292,0.0050184419257812,0.005408064866566652,0.3680073355807624,2.1698881509532475
selected,1329069293938779,22151154,prediction_full,0.3425817727602557,2.21380785252663,0.36310230842816804,2.164898759047487,0.36433062170428687,2.1118920481903043,False,False,False,True,True,8,56,149,29,0.15236783824110625,0.1510802762183473,0.0050184419257812,0.005408064866566652,0.369247151182599,2.116927005270467
selected,1329069293938779,22151154,prediction_common,0.3425817727602557,2.21380785252663,0.36310230842816804,2.164898759047487,0.37117258932268155,2.1134608611555015,False,False,False,True,True,8,56,149,51,0.15236783824110625,0.15166856464709771,0.0050184419257812,0.005408064866566652,0.37604508286312377,2.118424783967426
selected,1329069293938779,22151154,oracle_prediction,0.3425817727602557,2.21380785252663,0.36310230842816804,2.164898759047487,0.37177689653678136,1.8082917783750532,False,False,True,True,True,8,56,149,40,0.15236783824110625,0.1657869774662016,0.0050184419257812,0.005408064866566652,0.3766347824480013,1.8132210941759805
selected,1329069293938779,22151154,oracle_matched_random,0.3425817727602557,2.21380785252663,0.36310230842816804,2.164898759047487,0.37187627632848136,2.0383737612199684,False,False,False,True,True,8,56,149,19,0.15236783824110625,0.15585546486415802,0.0050184419257812,0.005408064866566652,0.3767192480613972,2.0432968147583725
selected,1329069294938873,22151154,lidar_only,0.2198831551596281,2.5547807461723404,0.19255297322205478,2.4134829989147972,0.19255297322205478,2.4134829989147972,False,False,False,True,True,9,63,154,0,0.12618564700556556,0.12180157878298566,0.0013030467919325167,0.028678802330706663,0.19231215251059877,2.3936800178890816
selected,1329069294938873,22151154,prediction_full,0.2198831551596281,2.5547807461723404,0.19255297322205478,2.4134829989147972,0.2030459964308758,2.448819045521501,False,False,False,True,True,8,56,154,22,0.12618564700556556,0.12223205404311897,0.0013030467919325167,0.028678802330706663,0.2027414758065706,2.4292652207660175
selected,1329069294938873,22151154,prediction_common,0.2198831551596281,2.5547807461723404,0.19255297322205478,2.4134829989147972,0.20215284459659602,2.3580533301865207,False,False,False,True,True,8,56,154,57,0.12618564700556556,0.12240035759511626,0.0013030467919325167,0.028678802330706663,0.20181896136131677,2.338423515356553
selected,1329069294938873,22151154,oracle_prediction,0.2198831551596281,2.5547807461723404,0.19255297322205478,2.4134829989147972,0.12873534765382824,2.0197027387778586,False,False,False,True,True,9,63,154,39,0.12618564700556556,0.1427532740994625,0.0013030467919325167,0.028678802330706663,0.1284130317079253,2.0002891644409013
selected,1329069294938873,22151154,oracle_matched_random,0.2198831551596281,2.5547807461723404,0.19255297322205478,2.4134829989147972,0.20723093945967222,2.30044660993162,False,False,False,True,True,8,56,154,14,0.12618564700556556,0.12430874458275123,0.0013030467919325167,0.028678802330706663,0.20684630666065212,2.281207084675248
selected,1329069295938968,22151154,lidar_only,0.21586772336259805,1.8105119171248465,0.21156237734599698,1.7455335058629526,0.21156237734599698,1.7455335058629526,True,True,True,True,True,8,56,210,0,0.1460378600851829,0.13837159307902622,0.0005426083446834794,0.00035895801171062774,0.21178578560437736,1.745883242216881
selected,1329069295938968,22151154,prediction_full,0.21586772336259805,1.8105119171248465,0.21156237734599698,1.7455335058629526,0.21443238209747348,1.8075497033291346,True,True,True,True,True,8,56,210,26,0.1460378600851829,0.1387083705654821,0.0005426083446834794,0.00035895801171062774,0.21465390915784954,1.807900730146208
selected,1329069295938968,22151154,prediction_common,0.21586772336259805,1.8105119171248465,0.21156237734599698,1.7455335058629526,0.22445366885624052,1.7437443293626183,True,True,True,True,True,8,56,210,61,0.1460378600851829,0.13897539247329793,0.0005426083446834794,0.00035895801171062774,0.2246995530136877,1.7440938505009376
selected,1329069295938968,22151154,oracle_prediction,0.21586772336259805,1.8105119171248465,0.21156237734599698,1.7455335058629526,0.19413353555681623,1.6377945380214378,True,True,True,True,True,8,56,210,50,0.1460378600851829,0.14353893693071268,0.0005426083446834794,0.00035895801171062774,0.19438114215573968,1.638144856934358
selected,1329069295938968,22151154,oracle_matched_random,0.21586772336259805,1.8105119171248465,0.21156237734599698,1.7455335058629526,0.2132790021441842,1.7457861094283234,True,True,True,True,True,8,56,210,23,0.1460378600851829,0.13956775574380056,0.0005426083446834794,0.00035895801171062774,0.21352386392017594,1.7461378034658195
selected,1329069296939107,22151154,lidar_only,0.04430860953866553,1.7634618061773764,0.09120680904893863,1.6460691973157826,0.09120680904893863,1.6460691973157826,True,True,True,True,True,8,56,258,0,0.17265789262335912,0.161988736397596,0.0013890203973704466,0.021255002981116777,0.09250411054146085,1.626538331414767
selected,1329069296939107,22151154,prediction_full,0.04430860953866553,1.7634618061773764,0.09120680904893863,1.6460691973157826,0.09944386880794359,1.7227163349457586,True,True,True,True,True,8,56,258,41,0.17265789262335912,0.1641212232583844,0.0013890203973704466,0.021255002981116777,0.10065345627026728,1.7037926800694692
selected,1329069296939107,22151154,prediction_common,0.04430860953866553,1.7634618061773764,0.09120680904893863,1.6460691973157826,0.08737106825118128,1.6327188634632888,True,True,True,True,True,8,56,258,65,0.17265789262335912,0.16287124027256425,0.0013890203973704466,0.021255002981116777,0.08854759347990554,1.6133059269454748
selected,1329069296939107,22151154,oracle_prediction,0.04430860953866553,1.7634618061773764,0.09120680904893863,1.6460691973157826,0.08968353040953327,1.5347936726233569,True,True,True,True,True,7,49,258,59,0.17265789262335912,0.1659719875303986,0.0013890203973704466,0.021255002981116777,0.09083775196069184,1.5154873843606858
selected,1329069296939107,22151154,oracle_matched_random,0.04430860953866553,1.7634618061773764,0.09120680904893863,1.6460691973157826,0.08689321325747303,1.6629285037032808,True,True,True,True,True,7,49,258,20,0.17265789262335912,0.16335527346252554,0.0013890203973704466,0.021255002981116777,0.08806736393767936,1.6434211657687523
selected,1329069297939246,22151154,lidar_only,0.16165516319762588,0.8306069748508672,0.189033928890875,0.9235692161059198,0.189033928890875,0.9235692161059198,True,True,True,True,True,8,56,215,0,0.13780688328766574,0.134542730633839,0.0014735156383536853,0.00286881868611054,0.1880729988749394,0.922640833058169
selected,1329069297939246,22151154,prediction_full,0.16165516319762588,0.8306069748508672,0.189033928890875,0.9235692161059198,0.19230048599848498,0.9226606564624783,True,True,True,True,True,8,56,215,24,0.13780688328766574,0.13460137982397122,0.0014735156383536853,0.00286881868611054,0.19136122378123513,0.9217567419224278
selected,1329069297939246,22151154,prediction_common,0.16165516319762588,0.8306069748508672,0.189033928890875,0.9235692161059198,0.1909567314958299,0.8983833898355884,True,True,True,True,True,8,56,215,39,0.13780688328766574,0.13469757616878167,0.0014735156383536853,0.00286881868611054,0.19000147747468277,0.8975743881450159
selected,1329069297939246,22151154,oracle_prediction,0.16165516319762588,0.8306069748508672,0.189033928890875,0.9235692161059198,0.19247955237158892,0.8380040282505462,True,True,True,True,True,7,49,215,36,0.13780688328766574,0.13750192786852974,0.0014735156383536853,0.00286881868611054,0.19156852111459727,0.8376419375689259
selected,1329069297939246,22151154,oracle_matched_random,0.16165516319762588,0.8306069748508672,0.189033928890875,0.9235692161059198,0.2035951042899653,1.0092300646937504,True,True,True,True,True,8,56,215,12,0.13780688328766574,0.13583576198868105,0.0014735156383536853,0.00286881868611054,0.2027293833085948,1.0083410187480166
selected,1329069298939253,22151154,lidar_only,0.07486274058027066,1.3504930333260992,0.07020792757475379,1.3008707272520612,0.07020792757475379,1.3008707272520612,True,True,True,True,True,8,56,302,0,0.18558075233429372,0.1833336775044664,0.004654969157381084,0.04937844351719149,0.0676277719376943,1.3322951627846857
selected,1329069298939253,22151154,prediction_full,0.07486274058027066,1.3504930333260992,0.07020792757475379,1.3008707272520612,0.06763032905016085,1.3086067458035753,True,True,True,True,True,8,56,302,37,0.18558075233429372,0.18442923726209037,0.004654969157381084,0.04937844351719149,0.0651540431521375,1.3391975257050037
selected,1329069298939253,22151154,prediction_common,0.07486274058027066,1.3504930333260992,0.07020792757475379,1.3008707272520612,0.07499051233993982,1.2814874451502547,True,True,True,True,True,8,56,302,25,0.18558075233429372,0.1836169354055275,0.004654969157381084,0.04937844351719149,0.07230701926804436,1.3126298243301489
selected,1329069298939253,22151154,oracle_prediction,0.07486274058027066,1.3504930333260992,0.07020792757475379,1.3008707272520612,0.09754165559958104,1.118613822358613,True,True,True,True,True,9,63,302,22,0.18558075233429372,0.19699484145361015,0.004654969157381084,0.04937844351719149,0.09429937209422501,1.1476465967335008
selected,1329069298939253,22151154,oracle_matched_random,0.07486274058027066,1.3504930333260992,0.07020792757475379,1.3008707272520612,0.08135201723170382,1.2841707109286788,True,True,True,True,True,8,56,302,3,0.18558075233429372,0.18499909943615545,0.004654969157381084,0.04937844351719149,0.07901440969465795,1.313898106695691
selected,1329069299939343,22151154,lidar_only,0.17625888506270448,1.8547111775546712,0.1418438246089109,1.963186861663193,0.1418438246089109,1.963186861663193,True,True,True,True,True,8,56,245,0,0.14567890415229603,0.14210633762213865,0.0054869473608868125,0.05097449084578796,0.14651118403025074,2.0079912594462836
selected,1329069299939343,22151154,prediction_full,0.17625888506270448,1.8547111775546712,0.1418438246089109,1.963186861663193,0.1407992447648819,1.9195348984884257,True,True,True,True,True,8,56,245,36,0.14567890415229603,0.1424788889911708,0.0054869473608868125,0.05097449084578796,0.14537126443504184,1.9642642018662302
selected,1329069299939343,22151154,prediction_common,0.17625888506270448,1.8547111775546712,0.1418438246089109,1.963186861663193,0.1439063530997819,1.9592485511132087,True,True,True,True,True,8,56,245,17,0.14567890415229603,0.14218987814873923,0.0054869473608868125,0.05097449084578796,0.1485556233829904,2.004139451421297
selected,1329069299939343,22151154,oracle_prediction,0.17625888506270448,1.8547111775546712,0.1418438246089109,1.963186861663193,0.156623370792634,1.8108986937540748,True,True,True,True,True,8,56,245,10,0.14567890415229603,0.14826432486971888,0.0054869473608868125,0.05097449084578796,0.16133402954234258,1.8553259407118776
selected,1329069299939343,22151154,oracle_matched_random,0.17625888506270448,1.8547111775546712,0.1418438246089109,1.963186861663193,0.1495785907119967,1.9665855877168432,True,True,True,True,True,7,49,245,3,0.14567890415229603,0.14276229736472731,0.0054869473608868125,0.05097449084578796,0.15408812193900182,2.010834896093129
selected,1329069300939447,22151155,lidar_only,0.07291689559426588,0.6781971576647478,0.08074766641917185,0.6945509952104336,0.08074766641917185,0.6945509952104336,True,True,True,True,True,7,49,332,0,0.19887491426748344,0.1973240703659624,0.006552496880134332,0.033732289883702665,0.0785820618932937,0.7132219893016661
selected,1329069300939447,22151155,prediction_full,0.07291689559426588,0.6781971576647478,0.08074766641917185,0.6945509952104336,0.08051167317105325,0.7200502166158127,True,True,True,True,True,8,56,332,34,0.19887491426748344,0.1978955947237667,0.006552496880134332,0.033732289883702665,0.0787188122657016,0.7358402271173727
selected,1329069300939447,22151155,prediction_common,0.07291689559426588,0.6781971576647478,0.08074766641917185,0.6945509952104336,0.0812681942962849,0.6987927043176073,True,True,True,True,True,7,49,332,25,0.19887491426748344,0.19755914488321186,0.006552496880134332,0.033732289883702665,0.07953092348164027,0.7167702173166152
selected,1329069300939447,22151155,oracle_prediction,0.07291689559426588,0.6781971576647478,0.08074766641917185,0.6945509952104336,0.08561966778854958,0.6765995059155233,True,True,True,True,True,8,56,332,21,0.19887491426748344,0.20354257446319496,0.006552496880134332,0.033732289883702665,0.08537913773807648,0.6897361971763734
selected,1329069300939447,22151155,oracle_matched_random,0.07291689559426588,0.6781971576647478,0.08074766641917185,0.6945509952104336,0.08010501336706143,0.6893649042451426,True,True,True,True,True,7,49,332,2,0.19887491426748344,0.1973827815094075,0.006552496880134332,0.033732289883702665,0.07781109549130154,0.7075742065581133
selected,1329069301939545,22151155,lidar_only,0.15111141218604776,1.3917645451115936,0.1259011688882768,1.3741488163078333,0.1259011688882768,1.3741488163078333,True,True,True,True,True,8,56,215,0,0.1375889534636318,0.13517235759629773,0.004175575209405041,0.019461836795612694,0.1259919174276049,1.3625896484793363
selected,1329069301939545,22151155,prediction_full,0.15111141218604776,1.3917645451115936,0.1259011688882768,1.3741488163078333,0.12248198612042192,1.3423344415114973,True,True,True,True,True,8,56,215,21,0.1375889534636318,0.13529850292397083,0.004175575209405041,0.019461836795612694,0.12257241646447087,1.3307690940558197
selected,1329069301939545,22151155,prediction_common,0.15111141218604776,1.3917645451115936,0.1259011688882768,1.3741488163078333,0.1329015860653608,1.3090804843340123,True,True,True,True,True,7,49,215,42,0.1375889534636318,0.13559854644238384,0.004175575209405041,0.019461836795612694,0.13273493308969156,1.297641712355723
selected,1329069301939545,22151155,oracle_prediction,0.15111141218604776,1.3917645451115936,0.1259011688882768,1.3741488163078333,0.1313254893775811,0.8664326262847454,True,True,True,True,True,9,63,215,28,0.1375889534636318,0.1611832112906604,0.004175575209405041,0.019461836795612694,0.13054679019618234,0.8564424938613163
selected,1329069301939545,22151155,oracle_matched_random,0.15111141218604776,1.3917645451115936,0.1259011688882768,1.3741488163078333,0.13820429584555866,1.2389826059184639,True,True,True,True,True,8,56,215,7,0.1375889534636318,0.13729393187792238,0.004175575209405041,0.019461836795612694,0.13795105026546492,1.2282689894744392
selected,1329069302939638,22151155,lidar_only,0.08778569262937708,1.0686958217386433,0.08271629459341413,1.0949734665387107,0.08271629459341413,1.0949734665387107,True,True,True,True,True,7,49,399,0,0.19994025989550862,0.19781778186777024,0.0029597981791808976,0.006688463554946468,0.08148179698006933,1.1016274734249996
selected,1329069302939638,22151155,prediction_full,0.08778569262937708,1.0686958217386433,0.08271629459341413,1.0949734665387107,0.0828727502283853,1.034690525125243,True,True,True,True,True,8,56,399,29,0.19994025989550862,0.19861716077673905,0.0029597981791808976,0.006688463554946468,0.08158965118909156,1.0413076212042889
selected,1329069302939638,22151155,prediction_common,0.08778569262937708,1.0686958217386433,0.08271629459341413,1.0949734665387107,0.08221334725456156,1.0612411116275564,True,True,True,True,True,7,49,399,23,0.19994025989550862,0.19804995691490954,0.0029597981791808976,0.006688463554946468,0.08093044702620195,1.067891913412091
selected,1329069302939638,22151155,oracle_prediction,0.08778569262937708,1.0686958217386433,0.08271629459341413,1.0949734665387107,0.08421254959720285,0.7720303789898366,True,True,True,True,True,9,63,399,20,0.19994025989550862,0.22206414987056064,0.0029597981791808976,0.006688463554946468,0.08222896663550498,0.7785515400181269
selected,1329069302939638,22151155,oracle_matched_random,0.08778569262937708,1.0686958217386433,0.08271629459341413,1.0949734665387107,0.08095635578949327,1.0855871329764062,True,True,True,True,True,7,49,399,5,0.19994025989550862,0.19862959687433746,0.0029597981791808976,0.006688463554946468,0.07970449256911011,1.0922600889418246
selected,1329069303939739,22151155,lidar_only,0.10746901626934088,1.3121194755663614,0.1039436756420575,1.408684997629842,0.1039436756420575,1.408684997629842,True,True,True,True,True,7,49,441,0,0.2044340368765124,0.20231343285604156,0.005656218350489254,0.024543620532101327,0.10683495942104539,1.431341707062566
selected,1329069303939739,22151155,prediction_full,0.10746901626934088,1.3121194755663614,0.1039436756420575,1.408684997629842,0.10356568653793416,1.3876466502671485,True,True,True,True,True,7,49,441,29,0.2044340368765124,0.20247983120013327,0.005656218350489254,0.024543620532101327,0.10643343581320337,1.4102724583711923
selected,1329069303939739,22151155,prediction_common,0.10746901626934088,1.3121194755663614,0.1039436756420575,1.408684997629842,0.10199687653305582,1.364488942952852,True,True,True,True,True,7,49,441,32,0.2044340368765124,0.2027034389988077,0.005656218350489254,0.024543620532101327,0.10484328500864594,1.3871053950527317
selected,1329069303939739,22151155,oracle_prediction,0.10746901626934088,1.3121194755663614,0.1039436756420575,1.408684997629842,0.0926427086293808,1.13535501290148,True,True,True,True,True,8,56,441,29,0.2044340368765124,0.21865195107914714,0.005656218350489254,0.024543620532101327,0.09560566579357266,1.1573944561360308
selected,1329069303939739,22151155,oracle_matched_random,0.10746901626934088,1.3121194755663614,0.1039436756420575,1.408684997629842,0.1013876511346423,1.3000310050738693,True,True,True,True,True,7,49,441,6,0.2044340368765124,0.2053709212007497,0.005656218350489254,0.024543620532101327,0.10454485713371328,1.3224328145292805
selected,1329069304939831,22151155,lidar_only,0.10416838610338358,0.5230113111322438,0.09832013680348703,0.5391913570674199,0.09832013680348703,0.5391913570674199,True,True,True,True,True,7,49,434,0,0.19891704267031862,0.1976328901981524,0.005429417514249777,0.03385895401459319,0.09636377799295208,0.529992563985841
selected,1329069304939831,22151155,prediction_full,0.10416838610338358,0.5230113111322438,0.09832013680348703,0.5391913570674199,0.09928566197871819,0.5374167013815583,True,True,True,True,True,7,49,434,32,0.19891704267031862,0.19782407958417014,0.005429417514249777,0.03385895401459319,0.09745562556071846,0.5285417638230148
selected,1329069304939831,22151155,prediction_common,0.10416838610338358,0.5230113111322438,0.09832013680348703,0.5391913570674199,0.09703011853511642,0.5606787538130829,True,True,True,True,True,7,49,434,36,0.19891704267031862,0.1977477692232435,0.005429417514249777,0.03385895401459319,0.09513115631735802,0.5506912841058816
selected,1329069304939831,22151155,oracle_prediction,0.10416838610338358,0.5230113111322438,0.09832013680348703,0.5391913570674199,0.0958469193536076,0.6190672500505409,True,True,True,True,True,7,49,434,33,0.19891704267031862,0.2005171292819643,0.005429417514249777,0.03385895401459319,0.09446387704429648,0.6089133753311514
selected,1329069304939831,22151155,oracle_matched_random,0.10416838610338358,0.5230113111322438,0.09832013680348703,0.5391913570674199,0.10722586910189225,0.5176672611518013,True,True,True,True,True,7,49,434,12,0.19891704267031862,0.1995408915609595,0.005429417514249777,0.03385895401459319,0.10577450782255968,0.5142114110237801
selected,1329069305939929,22151155,lidar_only,0.2089836059198011,1.790143544479218,0.20311375082378774,1.8603412247378417,0.20311375082378774,1.8603412247378417,True,True,True,True,True,7,49,460,0,0.21538055167507422,0.21382813502818626,0.0010946257648417304,0.0038340008520855212,0.20270036456184645,1.8601470055757339
selected,1329069305939929,22151155,prediction_full,0.2089836059198011,1.790143544479218,0.20311375082378774,1.8603412247378417,0.20207870969964115,1.8680994490422638,True,True,True,True,True,7,49,460,19,0.21538055167507422,0.21384795300221354,0.0010946257648417304,0.0038340008520855212,0.2016692308119064,1.8679094994798908
selected,1329069305939929,22151155,prediction_common,0.2089836059198011,1.790143544479218,0.20311375082378774,1.8603412247378417,0.2054092628731753,1.8521495564723065,True,True,True,True,True,7,49,460,38,0.21538055167507422,0.21401392645577522,0.0010946257648417304,0.0038340008520855212,0.20499056746473665,1.8519483952346834
selected,1329069305939929,22151155,oracle_prediction,0.2089836059198011,1.790143544479218,0.20311375082378774,1.8603412247378417,0.23666307690416777,1.653305930689432,True,True,True,True,True,8,56,460,26,0.21538055167507422,0.2344962033952245,0.0010946257648417304,0.0038340008520855212,0.23634197550858163,1.6530405252036087
selected,1329069305939929,22151155,oracle_matched_random,0.2089836059198011,1.790143544479218,0.20311375082378774,1.8603412247378417,0.2041717709313437,1.8619200894111303,True,True,True,True,True,7,49,460,8,0.21538055167507422,0.21539255757415873,0.0010946257648417304,0.0038340008520855212,0.20378438368298313,1.8617771407972996
selected,1329069306940024,22151155,lidar_only,0.10536618038166291,1.4236179056602438,0.1001379420013671,1.4580457788807917,0.1001379420013671,1.4580457788807917,True,True,True,True,True,7,49,465,0,0.2217303086037692,0.2201854444480239,0.006562690086873138,0.025748309407265368,0.09595180328672595,1.4400178574986322
selected,1329069306940024,22151155,prediction_full,0.10536618038166291,1.4236179056602438,0.1001379420013671,1.4580457788807917,0.10139648673478173,1.4430128628977301,True,True,True,True,True,7,49,465,20,0.2217303086037692,0.22034934302249298,0.006562690086873138,0.025748309407265368,0.09728730751816907,1.425285144685632
selected,1329069306940024,22151155,prediction_common,0.10536618038166291,1.4236179056602438,0.1001379420013671,1.4580457788807917,0.1031517177347285,1.4300455199085111,True,True,True,True,True,7,49,465,52,0.2217303086037692,0.2205350144795964,0.006562690086873138,0.025748309407265368,0.09909941430840573,1.4122129801485181
selected,1329069306940024,22151155,oracle_prediction,0.10536618038166291,1.4236179056602438,0.1001379420013671,1.4580457788807917,0.11781565255634122,1.3050749202441332,True,True,True,True,True,7,49,465,47,0.2217303086037692,0.22709904223520386,0.006562690086873138,0.025748309407265368,0.11425906618746393,1.2879340922529123
selected,1329069306940024,22151155,oracle_matched_random,0.10536618038166291,1.4236179056602438,0.1001379420013671,1.4580457788807917,0.10507957093453225,1.4424687707288883,True,True,True,True,True,7,49,465,13,0.2217303086037692,0.22125161120443823,0.006562690086873138,0.025748309407265368,0.10086665401787648,1.424550648955307
selected,1329069307940125,22151155,lidar_only,0.1281762595208629,0.8807474024730264,0.13646519431030796,0.8504223399937035,0.13646519431030796,0.8504223399937035,True,True,True,True,True,7,49,365,0,0.1789258054559576,0.17788147139231936,0.005635175119143265,0.09302901227806296,0.13282771209298067,0.7859250364535484
selected,1329069307940125,22151155,prediction_full,0.1281762595208629,0.8807474024730264,0.13646519431030796,0.8504223399937035,0.13703485846896934,0.8678650044058869,True,True,True,True,True,7,49,365,25,0.1789258054559576,0.17831485576157316,0.005635175119143265,0.09302901227806296,0.13350142753806815,0.8053358000336841
selected,1329069307940125,22151155,prediction_common,0.1281762595208629,0.8807474024730264,0.13646519431030796,0.8504223399937035,0.13220323802877093,0.8818632612104127,True,True,True,True,True,7,49,365,42,0.1789258054559576,0.17824105864999548,0.005635175119143265,0.09302901227806296,0.12848689700568172,0.8168715817823281
selected,1329069307940125,22151155,oracle_prediction,0.1281762595208629,0.8807474024730264,0.13646519431030796,0.8504223399937035,0.1280790570342611,0.9389723543577627,True,True,True,True,True,7,49,365,35,0.1789258054559576,0.18125041999404415,0.005635175119143265,0.09302901227806296,0.12427732773737216,0.8792481625484908
selected,1329069307940125,22151155,oracle_matched_random,0.1281762595208629,0.8807474024730264,0.13646519431030796,0.8504223399937035,0.12661563176484522,0.9431219607922415,True,True,True,True,True,7,49,365,11,0.1789258054559576,0.17971216945550292,0.005635175119143265,0.09302901227806296,0.122762636809152,0.8795045918449788
selected,1329069308940223,22151155,lidar_only,0.13084669985041517,1.3717278828152768,0.12270753601458162,1.4656088072291427,0.12270753601458162,1.4656088072291427,True,True,True,True,True,7,49,445,0,0.2113357737670005,0.2092362046572925,0.0016930002591567508,0.0194353223326232,0.12426291115189625,1.455660819410111
selected,1329069308940223,22151155,prediction_full,0.13084669985041517,1.3717278828152768,0.12270753601458162,1.4656088072291427,0.12500047143018853,1.4552483614994367,True,True,True,True,True,7,49,445,20,0.2113357737670005,0.20934468036576678,0.0016930002591567508,0.0194353223326232,0.1265607910819514,1.4451719775476461
selected,1329069308940223,22151155,prediction_common,0.13084669985041517,1.3717278828152768,0.12270753601458162,1.4656088072291427,0.12557391751393673,1.4253385393834328,True,True,True,True,True,7,49,445,51,0.2113357737670005,0.20973679585230037,0.0016930002591567508,0.0194353223326232,0.1271492881612366,1.4154411278354269
selected,1329069308940223,22151155,oracle_prediction,0.13084669985041517,1.3717278828152768,0.12270753601458162,1.4656088072291427,0.1452538388167827,1.2631387694455931,True,True,True,True,True,8,56,445,45,0.2113357737670005,0.22404279578422845,0.0016930002591567508,0.0194353223326232,0.14690185679918152,1.2534960919026077
selected,1329069308940223,22151155,oracle_matched_random,0.13084669985041517,1.3717278828152768,0.12270753601458162,1.4656088072291427,0.12813610842202905,1.3786567483290575,True,True,True,True,True,7,49,445,21,0.2113357737670005,0.21537526593952397,0.0016930002591567508,0.0194353223326232,0.12975333700512431,1.368396419560143
selected,1329069309940315,22151155,lidar_only,0.09179789018057749,0.6231464583026546,0.11072641412543938,0.5608911039384848,0.11072641412543938,0.5608911039384848,True,True,True,True,True,7,49,413,0,0.2095460731340786,0.20687934106993286,0.003746453062335894,0.03460147883046631,0.10741477661612006,0.5862691606191288
selected,1329069309940315,22151155,prediction_full,0.09179789018057749,0.6231464583026546,0.11072641412543938,0.5608911039384848,0.11038568141158057,0.5580590687210901,True,True,True,True,True,7,49,413,26,0.2095460731340786,0.2074336336564434,0.003746453062335894,0.03460147883046631,0.10713171714761226,0.5809868037430904
selected,1329069309940315,22151155,prediction_common,0.09179789018057749,0.6231464583026546,0.11072641412543938,0.5608911039384848,0.11062777885616172,0.5732541201266775,True,True,True,True,True,7,49,413,33,0.2095460731340786,0.2069901265298503,0.003746453062335894,0.03460147883046631,0.10734445918421671,0.5975857901522268
selected,1329069309940315,22151155,oracle_prediction,0.09179789018057749,0.6231464583026546,0.11072641412543938,0.5608911039384848,0.1091700411700166,0.6193597023441195,True,True,True,True,True,7,49,413,31,0.2095460731340786,0.21035457957087572,0.003746453062335894,0.03460147883046631,0.10585127221867292,0.6392323646251735
selected,1329069309940315,22151155,oracle_matched_random,0.09179789018057749,0.6231464583026546,0.11072641412543938,0.5608911039384848,0.11298386451310365,0.6341090787130305,True,True,True,True,True,7,49,413,8,0.2095460731340786,0.20783720959633983,0.003746453062335894,0.03460147883046631,0.10969081770008178,0.6608964510932963
selected,1329069310940411,22151155,lidar_only,0.12370106145140557,0.5977719978479556,0.1331340412060289,0.699787860121412,0.1331340412060289,0.699787860121412,True,True,True,True,True,8,56,325,0,0.17201337254022608,0.16731664565400403,0.005431792641723273,0.0015558953881127198,0.1278221803820521,0.6989251106344202
selected,1329069310940411,22151155,prediction_full,0.12370106145140557,0.5977719978479556,0.1331340412060289,0.699787860121412,0.13768007799522775,0.6362645473590255,True,True,True,True,True,8,56,325,16,0.17201337254022608,0.16768084294114344,0.005431792641723273,0.0015558953881127198,0.13234023390032426,0.6353934052932393
selected,1329069310940411,22151155,prediction_common,0.12370106145140557,0.5977719978479556,0.1331340412060289,0.699787860121412,0.1333972239847841,0.6626616531015458,True,True,True,True,True,8,56,325,11,0.17201337254022608,0.1674786989354333,0.005431792641723273,0.0015558953881127198,0.12810211132486363,0.6617681487124691
selected,1329069310940411,22151155,oracle_prediction,0.12370106145140557,0.5977719978479556,0.1331340412060289,0.699787860121412,0.1304400704617486,0.2842340199776207,True,True,True,True,True,9,63,325,11,0.17201337254022608,0.19045185744467027,0.005431792641723273,0.0015558953881127198,0.12548581244714688,0.28276046710243236
selected,1329069310940411,22151155,oracle_matched_random,0.12370106145140557,0.5977719978479556,0.1331340412060289,0.699787860121412,0.1331340412060289,0.699787860121412,True,True,True,True,True,8,56,325,0,0.17201337254022608,0.16731664565400403,0.005431792641723273,0.0015558953881127198,0.1278221803820521,0.6989251106344202
selected,1329069311940511,22151155,lidar_only,0.10622215695680919,0.9951668813820231,0.0840715781561059,1.010562145767241,0.0840715781561059,1.010562145767241,True,True,True,True,True,7,49,337,0,0.17188332105911777,0.16912054097948762,0.004012652739414439,0.04835131134933852,0.08806473408377674,0.9768344134380093
selected,1329069311940511,22151155,prediction_full,0.10622215695680919,0.9951668813820231,0.0840715781561059,1.010562145767241,0.08253461393646486,1.0035480267806405,True,True,True,True,True,7,49,337,21,0.17188332105911777,0.1693343138983748,0.004012652739414439,0.04835131134933852,0.08652923699296614,0.9685672276324411
selected,1329069311940511,22151155,prediction_common,0.10622215695680919,0.9951668813820231,0.0840715781561059,1.010562145767241,0.08834313337969078,0.9932561021118274,True,True,True,True,True,7,49,337,25,0.17188332105911777,0.16958882317293264,0.004012652739414439,0.04835131134933852,0.09235231118428106,0.9588183177243793
selected,1329069311940511,22151155,oracle_prediction,0.10622215695680919,0.9951668813820231,0.0840715781561059,1.010562145767241,0.09607328183270665,0.9202133789528674,True,True,True,True,True,9,63,337,21,0.17188332105911777,0.20158070294032363,0.004012652739414439,0.04835131134933852,0.1000011086041225,0.8884913711768431
selected,1329069311940511,22151155,oracle_matched_random,0.10622215695680919,0.9951668813820231,0.0840715781561059,1.010562145767241,0.08563166949718191,0.9374867595113424,True,True,True,True,True,8,56,337,5,0.17188332105911777,0.1747880091880324,0.004012652739414439,0.04835131134933852,0.08960979680278974,0.9021999513280692
selected,1329069312940603,22151155,lidar_only,0.13744103347424183,0.882706047569193,0.09377049651736871,0.9449493733769551,0.09377049651736871,0.9449493733769551,True,True,True,True,True,8,56,306,0,0.16727147876459048,0.1592392738624875,0.000614522822419439,0.008605664810007073,0.09436085512703779,0.939683098078015
selected,1329069312940603,22151155,prediction_full,0.13744103347424183,0.882706047569193,0.09377049651736871,0.9449493733769551,0.0930243223681306,0.8871655334763777,True,True,True,True,True,8,56,306,23,0.16727147876459048,0.1597165342887382,0.000614522822419439,0.008605664810007073,0.09361592187492405,0.8818671332857142
selected,1329069312940603,22151155,prediction_common,0.13744103347424183,0.882706047569193,0.09377049651736871,0.9449493733769551,0.09779182133261323,0.9847064582549947,True,True,True,True,True,7,49,306,32,0.16727147876459048,0.15970424520041338,0.000614522822419439,0.008605664810007073,0.0983865135803122,0.9797008658861454
selected,1329069312940603,22151155,oracle_prediction,0.13744103347424183,0.882706047569193,0.09377049651736871,0.9449493733769551,0.11702892458033051,1.1416929842400267,True,True,True,True,True,8,56,306,31,0.16727147876459048,0.17035701284592575,0.000614522822419439,0.008605664810007073,0.11762851026999765,1.1377338321892272
selected,1329069312940603,22151155,oracle_matched_random,0.13744103347424183,0.882706047569193,0.09377049651736871,0.9449493733769551,0.1160819274199092,1.0281813227546366,True,True,True,True,True,7,49,306,13,0.16727147876459048,0.16446261099730733,0.000614522822419439,0.008605664810007073,0.11669521936061442,1.023880849938746
selected,1329069313940700,22151155,lidar_only,0.06453690747712308,0.8666514095149006,0.062206878259108374,0.865083922980198,0.062206878259108374,0.865083922980198,True,True,True,True,True,7,49,417,0,0.21085970506690457,0.2100635292000383,0.0022160094249929507,0.00632555601291092,0.06281735923097703,0.8705287352688834
selected,1329069313940700,22151155,prediction_full,0.06453690747712308,0.8666514095149006,0.062206878259108374,0.865083922980198,0.06243960743130043,0.8562980402835543,True,True,True,True,True,7,49,417,18,0.21085970506690457,0.2100796798054493,0.0022160094249929507,0.00632555601291092,0.06308449368818561,0.8617327282504978
selected,1329069313940700,22151155,prediction_common,0.06453690747712308,0.8666514095149006,0.062206878259108374,0.865083922980198,0.06150318150610313,0.8799018046320752,True,True,True,True,True,7,49,417,22,0.21085970506690457,0.21011181036239987,0.0022160094249929507,0.00632555601291092,0.062096348896279435,0.8853747528084079
selected,1329069313940700,22151155,oracle_prediction,0.06453690747712308,0.8666514095149006,0.062206878259108374,0.865083922980198,0.05287718387941244,0.9561955140071381,True,True,True,True,True,7,49,417,19,0.21085970506690457,0.21253510001936907,0.0022160094249929507,0.00632555601291092,0.053315244498474176,0.9617037653912424
selected,1329069313940700,22151155,oracle_matched_random,0.06453690747712308,0.8666514095149006,0.062206878259108374,0.865083922980198,0.06869560647773112,0.9722036065344767,True,True,True,True,True,7,49,417,4,0.21085970506690457,0.21231468854463545,0.0022160094249929507,0.00632555601291092,0.0691687944685241,0.9777866764464243
selected,1329072435043614,22151207,lidar_only,0.0606757448455155,0.6266669737203556,0.07711085382317713,0.6244440978095117,0.07711085382317713,0.6244440978095117,True,True,True,True,True,7,49,144,0,0.1976176041589532,0.19526406816860475,0.0017404551272791416,0.01655085247809462,0.07872003755159229,0.6229608027254726
selected,1329072435043614,22151207,prediction_full,0.0606757448455155,0.6266669737203556,0.07711085382317713,0.6244440978095117,0.07387316430011535,0.5687493682926292,True,True,True,True,True,7,49,144,75,0.1976176041589532,0.1963911132341088,0.0017404551272791416,0.01655085247809462,0.07541372573479352,0.5684917926763083
selected,1329072435043614,22151207,prediction_common,0.0606757448455155,0.6266669737203556,0.07711085382317713,0.6244440978095117,0.0874793148526573,0.6918921891474783,True,True,True,True,True,7,49,144,158,0.1976176041589532,0.20684944881722284,0.0017404551272791416,0.01655085247809462,0.08878612854109978,0.6942847479226796
selected,1329072435043614,22151207,oracle_prediction,0.0606757448455155,0.6266669737203556,0.07711085382317713,0.6244440978095117,0.08741568096439739,0.7244765969014895,True,True,True,True,True,7,49,144,150,0.1976176041589532,0.21358158060112,0.0017404551272791416,0.01655085247809462,0.08855528082040218,0.7285856306451822
selected,1329072435043614,22151207,oracle_matched_random,0.0606757448455155,0.6266669737203556,0.07711085382317713,0.6244440978095117,0.09176908010484129,0.7271237491293159,True,True,True,True,True,7,49,144,107,0.1976176041589532,0.20908947022343213,0.0017404551272791416,0.01655085247809462,0.09310416270493371,0.730755860860867
selected,1329072436043713,22151207,lidar_only,0.03948988064156359,0.9248469371209757,0.05636934211538223,0.6183036370286488,0.05636934211538223,0.6183036370286488,True,True,True,True,True,8,56,147,0,0.2545841578691345,0.2456768225489398,0.001384772061984597,0.01110769518366142,0.05579818325255832,0.6140564693310842
selected,1329072436043713,22151207,prediction_full,0.03948988064156359,0.9248469371209757,0.05636934211538223,0.6183036370286488,0.03996832277465975,0.6475539796716284,True,True,True,True,True,8,56,147,59,0.2545841578691345,0.246490720829998,0.001384772061984597,0.01110769518366142,0.03909708222734656,0.6435053956946949
selected,1329072436043713,22151207,prediction_common,0.03948988064156359,0.9248469371209757,0.05636934211538223,0.6183036370286488,0.045999982149970205,0.6706223969552523,True,True,True,True,True,8,56,147,115,0.2545841578691345,0.2504508132208325,0.001384772061984597,0.01110769518366142,0.04532769523741495,0.6674898350053028
selected,1329072436043713,22151207,oracle_prediction,0.03948988064156359,0.9248469371209757,0.05636934211538223,0.6183036370286488,0.047734351076481704,0.6830406569076114,True,True,True,True,True,8,56,147,112,0.2545841578691345,0.25636874616329175,0.001384772061984597,0.01110769518366142,0.04722575279029516,0.6803886543925649
selected,1329072436043713,22151207,oracle_matched_random,0.03948988064156359,0.9248469371209757,0.05636934211538223,0.6183036370286488,0.05540817064909247,0.7328187796761789,True,True,True,True,True,8,56,147,65,0.2545841578691345,0.25198383078554104,0.001384772061984597,0.01110769518366142,0.05470370461962473,0.7282153286286805
selected,1329072437043809,22151207,lidar_only,0.13016925797315074,1.1567514038536495,0.14926923736172304,1.0443097436537965,0.14926923736172304,1.0443097436537965,True,True,True,True,True,7,49,120,0,0.2110751047005929,0.2018086959448873,0.0009309537092714957,0.008391375342549781,0.148512039439573,1.0521144944056549
selected,1329072437043809,22151207,prediction_full,0.13016925797315074,1.1567514038536495,0.14926923736172304,1.0443097436537965,0.13536275776412884,1.1838615415674958,True,True,True,True,True,7,49,120,65,0.2110751047005929,0.20412692510775418,0.0009309537092714957,0.008391375342549781,0.13461534534398728,1.191255028097425
selected,1329072437043809,22151207,prediction_common,0.13016925797315074,1.1567514038536495,0.14926923736172304,1.0443097436537965,0.12250158076956003,1.063593062315581,True,True,True,True,True,8,56,120,167,0.2110751047005929,0.21021447062550236,0.0009309537092714957,0.008391375342549781,0.12187992251588602,1.0707458804139387
selected,1329072437043809,22151207,oracle_prediction,0.13016925797315074,1.1567514038536495,0.14926923736172304,1.0443097436537965,0.1106988843477524,1.0385678328973773,True,True,True,True,True,8,56,120,152,0.2110751047005929,0.21785630525523003,0.0009309537092714957,0.008391375342549781,0.11017233004440159,1.0454210932320507
selected,1329072437043809,22151207,oracle_matched_random,0.13016925797315074,1.1567514038536495,0.14926923736172304,1.0443097436537965,0.11047117166484391,1.0096948138055075,True,True,True,True,True,8,56,120,127,0.2110751047005929,0.20979469530689024,0.0009309537092714957,0.008391375342549781,0.10980970785451781,1.016697264235495
selected,1329072438043912,22151207,lidar_only,0.12604978179013063,1.8584401119558198,0.1417510609239215,2.0180125348424425,0.1417510609239215,2.0180125348424425,True,False,False,True,True,7,49,131,0,0.198628764424255,0.18679148676241086,0.0012522054919541553,0.010591668110971937,0.14089160065435866,2.023188734075351
selected,1329072438043912,22151207,prediction_full,0.12604978179013063,1.8584401119558198,0.1417510609239215,2.0180125348424425,0.14185246489002945,1.8958614387135848,True,False,True,True,True,7,49,131,56,0.198628764424255,0.18811682352122924,0.0012522054919541553,0.010591668110971937,0.14092504067510675,1.901066964858604
selected,1329072438043912,22151207,prediction_common,0.12604978179013063,1.8584401119558198,0.1417510609239215,2.0180125348424425,0.16521046244478554,2.0740936229876747,True,False,False,True,True,7,49,131,108,0.198628764424255,0.1909831655600463,0.0012522054919541553,0.010591668110971937,0.1644967625562313,2.079216500169067
selected,1329072438043912,22151207,oracle_prediction,0.12604978179013063,1.8584401119558198,0.1417510609239215,2.0180125348424425,0.17871201710020707,2.073868480568962,True,False,False,True,True,8,56,131,93,0.198628764424255,0.2028019804627965,0.0012522054919541553,0.010591668110971937,0.1781944159717492,2.0788642340399526
selected,1329072438043912,22151207,oracle_matched_random,0.12604978179013063,1.8584401119558198,0.1417510609239215,2.0180125348424425,0.17332487761970655,2.071147131318443,True,False,False,True,True,7,49,131,73,0.198628764424255,0.19641396234800174,0.0012522054919541553,0.010591668110971937,0.17268325121755643,2.076283556712806
selected,1329072439044084,22151207,lidar_only,0.15055831859347327,1.8410332764698984,0.18441549733894133,1.897911223708263,0.18441549733894133,1.897911223708263,True,True,True,True,True,7,49,132,0,0.19536945276967912,0.19080265359776777,0.0006017275386342716,0.0022023762815297694,0.18432627511959046,1.899921475968811
selected,1329072439044084,22151207,prediction_full,0.15055831859347327,1.8410332764698984,0.18441549733894133,1.897911223708263,0.17312463731837022,1.9355085798684324,True,True,True,True,True,7,49,132,93,0.19536945276967912,0.19335410909253772,0.0006017275386342716,0.0022023762815297694,0.17306172989444166,1.9374636751529313
selected,1329072439044084,22151207,prediction_common,0.15055831859347327,1.8410332764698984,0.18441549733894133,1.897911223708263,0.1753628409644131,2.0814978050388113,True,True,False,True,True,7,49,132,190,0.19536945276967912,0.19844694232909985,0.0006017275386342716,0.0022023762815297694,0.17540519241515312,2.0835640131560567
selected,1329072439044084,22151207,oracle_prediction,0.15055831859347327,1.8410332764698984,0.18441549733894133,1.897911223708263,0.1526935528148749,1.871641484292202,True,True,True,True,True,7,49,132,155,0.19536945276967912,0.20283841198685038,0.0006017275386342716,0.0022023762815297694,0.15277686922396955,1.8737278793334977
selected,1329072439044084,22151207,oracle_matched_random,0.15055831859347327,1.8410332764698984,0.18441549733894133,1.897911223708263,0.16567237712883318,1.9948730035887252,True,True,True,True,True,7,49,132,127,0.19536945276967912,0.19802484071539153,0.0006017275386342716,0.0022023762815297694,0.16570745156900366,1.996942823933035
selected,1329072440044317,22151207,lidar_only,0.09951906313483745,1.7562277480102508,0.08611526062565306,2.354789209106152,0.08611526062565306,2.354789209106152,True,False,False,True,True,8,56,111,0,0.1805410298361352,0.14444559976516982,0.001024301469162285,0.024044087428816915,0.08643457505081482,2.3421048144311714
selected,1329072440044317,22151207,prediction_full,0.09951906313483745,1.7562277480102508,0.08611526062565306,2.354789209106152,0.06410132736595389,2.2339755784407025,True,False,False,True,True,9,63,111,76,0.1805410298361352,0.153344883893551,0.001024301469162285,0.024044087428816915,0.06439201875803903,2.2258973690047545
selected,1329072440044317,22151207,prediction_common,0.09951906313483745,1.7562277480102508,0.08611526062565306,2.354789209106152,0.11376236352242865,2.4716240481932874,True,False,False,True,True,7,49,111,100,0.1805410298361352,0.15504016482869348,0.001024301469162285,0.024044087428816915,0.11394943523720837,2.4618707547115704
selected,1329072440044317,22151207,oracle_prediction,0.09951906313483745,1.7562277480102508,0.08611526062565306,2.354789209106152,0.12272132334371735,2.4180307753605152,True,False,False,True,True,7,49,111,89,0.1805410298361352,0.16980678960636159,0.001024301469162285,0.024044087428816915,0.12281047448845471,2.4091396991943297
selected,1329072440044317,22151207,oracle_matched_random,0.09951906313483745,1.7562277480102508,0.08611526062565306,2.354789209106152,0.1204249029132807,2.535828562035716,True,False,False,True,True,8,56,111,71,0.1805410298361352,0.1590113773386773,0.001024301469162285,0.024044087428816915,0.12062742418678271,2.526781724846235
selected,1329072441044496,22151207,lidar_only,0.10453625247080221,3.0965887706407185,0.11823900166333197,3.199799814430849,0.11823900166333197,3.199799814430849,False,False,False,True,True,7,49,128,0,0.19093878285246307,0.18937169925792746,0.00035815259913027863,0.007123081248288583,0.11855719352523329,3.1935173693550567
selected,1329072441044496,22151207,prediction_full,0.10453625247080221,3.0965887706407185,0.11823900166333197,3.199799814430849,0.11986719579684414,3.0415632308413945,False,False,False,True,True,7,49,128,58,0.19093878285246307,0.19051429922599622,0.00035815259913027863,0.007123081248288583,0.12019826741521604,3.0353273786308574
selected,1329072441044496,22151207,prediction_common,0.10453625247080221,3.0965887706407185,0.11823900166333197,3.199799814430849,0.11963310531471356,3.181801277506554,False,False,False,True,True,7,49,128,111,0.19093878285246307,0.1895914435422244,0.00035815259913027863,0.007123081248288583,0.11995674995665537,3.175536261280982
selected,1329072441044496,22151207,oracle_prediction,0.10453625247080221,3.0965887706407185,0.11823900166333197,3.199799814430849,0.10434348543840279,3.083263482861182,False,False,False,True,True,7,49,128,83,0.19093878285246307,0.19177605956315064,0.00035815259913027863,0.007123081248288583,0.10464958551618518,3.076911475200993
selected,1329072441044496,22151207,oracle_matched_random,0.10453625247080221,3.0965887706407185,0.11823900166333197,3.199799814430849,0.1145750966446156,3.2115659845626285,False,False,False,True,True,6,42,128,65,0.19093878285246307,0.18986461346271138,0.00035815259913027863,0.007123081248288583,0.11490729510561448,3.2052531682050422
selected,1329072442044493,22151207,lidar_only,0.1284870439814717,3.3491694177669435,0.09149156708852373,3.8926001412615268,0.09149156708852373,3.8926001412615268,False,False,False,True,True,8,56,65,0,0.13938260943900324,0.12738836153163938,0.0005502093991471495,0.0029068660183634966,0.09134236022621338,3.895370581659294
selected,1329072442044493,22151207,prediction_full,0.1284870439814717,3.3491694177669435,0.09149156708852373,3.8926001412615268,0.09264995517313017,3.46726438695799,False,False,False,True,True,8,56,65,58,0.13938260943900324,0.12978688370122174,0.0005502093991471495,0.0029068660183634966,0.09246551708379186,3.4700310716797658
selected,1329072442044493,22151207,prediction_common,0.1284870439814717,3.3491694177669435,0.09149156708852373,3.8926001412615268,0.08031961054739353,3.6781117262746883,False,False,False,True,True,8,56,65,138,0.13938260943900324,0.13124642812751908,0.0005502093991471495,0.0029068660183634966,0.08019587542310046,3.6809075367201642
selected,1329072442044493,22151207,oracle_prediction,0.1284870439814717,3.3491694177669435,0.09149156708852373,3.8926001412615268,0.06028801784633641,3.093148571785871,False,False,False,True,True,9,63,65,91,0.13938260943900324,0.15171843184565514,0.0005502093991471495,0.0029068660183634966,0.06012236566352942,3.09596020322385
selected,1329072442044493,22151207,oracle_matched_random,0.1284870439814717,3.3491694177669435,0.09149156708852373,3.8926001412615268,0.0885885576496281,3.7425477742035262,False,False,False,True,True,8,56,65,63,0.13938260943900324,0.13309825994579552,0.0005502093991471495,0.0029068660183634966,0.08857712145231512,3.745360629640361
selected,1329072443044406,22151207,lidar_only,0.16885702435145217,2.038354968321137,0.15928572817407696,2.181916978191076,0.15928572817407696,2.181916978191076,False,False,False,True,True,8,56,83,0,0.1375971654175683,0.13150945233768474,0.00018849125640314621,0.002276141893101956,0.15925615266884102,2.18372271007795
selected,1329072443044406,22151207,prediction_full,0.16885702435145217,2.038354968321137,0.15928572817407696,2.181916978191076,0.15148824010435838,2.195358085203426,False,False,False,True,True,7,49,83,43,0.1375971654175683,0.1322583872406468,0.00018849125640314621,0.002276141893101956,0.15147772104954094,2.197249089966156
selected,1329072443044406,22151207,prediction_common,0.16885702435145217,2.038354968321137,0.15928572817407696,2.181916978191076,0.1477574827078855,2.30935732479038,False,False,False,True,True,7,49,83,126,0.1375971654175683,0.13632315463633582,0.00018849125640314621,0.002276141893101956,0.14776992418437593,2.3113179262626082
selected,1329072443044406,22151207,oracle_prediction,0.16885702435145217,2.038354968321137,0.15928572817407696,2.181916978191076,0.13334439456107056,2.0922606921021933,False,False,False,True,True,7,49,83,88,0.1375971654175683,0.1471301832168189,0.00018849125640314621,0.002276141893101956,0.13335565627003135,2.094171773168307
selected,1329072443044406,22151207,oracle_matched_random,0.16885702435145217,2.038354968321137,0.15928572817407696,2.181916978191076,0.14048099511941045,2.1935937434371584,False,False,False,True,True,7,49,83,53,0.1375971654175683,0.13911767552921095,0.00018849125640314621,0.002276141893101956,0.1404949523554275,2.1954879412757586
selected,1329072444044630,22151207,lidar_only,0.13655960003308776,1.8592936383178733,0.13634679963988003,1.7003192134229366,0.13634679963988003,1.7003192134229366,True,True,True,True,True,9,63,64,0,0.11465495333574277,0.10777680922727648,0.00022862139238091054,0.0012148217292134735,0.13636417995525438,1.7007996770545823
selected,1329072444044630,22151207,prediction_full,0.13655960003308776,1.8592936383178733,0.13634679963988003,1.7003192134229366,0.1269438074721102,1.7070464033551511,True,True,True,True,True,9,63,64,24,0.11465495333574277,0.109002637579149,0.00022862139238091054,0.0012148217292134735,0.1269899536085845,1.7076074622692612
selected,1329072444044630,22151207,prediction_common,0.13655960003308776,1.8592936383178733,0.13634679963988003,1.7003192134229366,0.1608781816495881,1.6075979222178647,True,True,True,True,True,8,56,64,113,0.11465495333574277,0.1109704759152898,0.00022862139238091054,0.0012148217292134735,0.16094611541184342,1.6081038333509559
selected,1329072444044630,22151207,oracle_prediction,0.13655960003308776,1.8592936383178733,0.13634679963988003,1.7003192134229366,0.17207140437416296,1.4737291973690383,True,True,True,True,True,8,56,64,99,0.11465495333574277,0.11371557745209782,0.00022862139238091054,0.0012148217292134735,0.1721470436119308,1.474261717650582
selected,1329072444044630,22151207,oracle_matched_random,0.13655960003308776,1.8592936383178733,0.13634679963988003,1.7003192134229366,0.17597942835491748,1.592726117307079,True,True,True,True,True,8,56,64,68,0.11465495333574277,0.11394079863624852,0.00022862139238091054,0.0012148217292134735,0.17606012031328672,1.5932365374014879
selected,1329072445044604,22151207,lidar_only,0.20904966454675383,2.3448515543676747,0.1752152807558689,2.7074462859391106,0.1752152807558689,2.7074462859391106,False,False,False,True,True,9,63,40,0,0.08905147766169451,0.077416169127808,0.0018257509658974312,0.0062794277872690795,0.1759341198247178,2.710776499132441
selected,1329072445044604,22151207,prediction_full,0.20904966454675383,2.3448515543676747,0.1752152807558689,2.7074462859391106,0.1875062640136377,2.3649010605796237,False,False,False,True,True,8,56,40,29,0.08905147766169451,0.0788141376163963,0.0018257509658974312,0.0062794277872690795,0.18833409523901493,2.3683915218252736
selected,1329072445044604,22151207,prediction_common,0.20904966454675383,2.3448515543676747,0.1752152807558689,2.7074462859391106,0.21670914698963303,2.1520298421245676,False,False,False,True,True,8,56,40,101,0.08905147766169451,0.08267598397458281,0.0018257509658974312,0.0062794277872690795,0.21750937396453873,2.155552602778508
selected,1329072445044604,22151207,oracle_prediction,0.20904966454675383,2.3448515543676747,0.1752152807558689,2.7074462859391106,0.21807094216428305,1.9724139561018477,False,False,True,True,True,9,63,40,81,0.08905147766169451,0.08801075846581274,0.0018257509658974312,0.0062794277872690795,0.21874762475707554,1.975799048979594
selected,1329072445044604,22151207,oracle_matched_random,0.20904966454675383,2.3448515543676747,0.1752152807558689,2.7074462859391106,0.23484889546008886,1.9268863319713705,False,False,True,True,True,8,56,40,48,0.08905147766169451,0.08838029785359762,0.0018257509658974312,0.0062794277872690795,0.23568486556823584,1.930344945441635
selected,1329072446044710,22151207,lidar_only,0.3787861891443353,1.9497590757161885,0.3640102961473612,2.2843201152381907,0.3640102961473612,2.2843201152381907,True,False,False,True,True,9,63,61,0,0.10180220123115458,0.09857300346249126,0.00023228898112868135,0.001966472722291488,0.3638538340630114,2.284413993188944
selected,1329072446044710,22151207,prediction_full,0.3787861891443353,1.9497590757161885,0.3640102961473612,2.2843201152381907,0.35519504831640086,1.809454293806058,True,False,True,True,True,8,56,61,25,0.10180220123115458,0.1016443646838285,0.00023228898112868135,0.001966472722291488,0.35503283597420404,1.8095521826275394
selected,1329072446044710,22151207,prediction_common,0.3787861891443353,1.9497590757161885,0.3640102961473612,2.2843201152381907,0.32412958374161077,2.1295875657989844,True,False,False,True,True,8,56,61,41,0.10180220123115458,0.103985997846922,0.00023228898112868135,0.001966472722291488,0.3239629255919209,2.129751761729376
selected,1329072446044710,22151207,oracle_prediction,0.3787861891443353,1.9497590757161885,0.3640102961473612,2.2843201152381907,0.3015841747929534,1.3065170728617523,True,False,True,True,True,9,63,61,22,0.10180220123115458,0.1301359526103816,0.00023228898112868135,0.001966472722291488,0.3013937664930804,1.3066606303073185
selected,1329072446044710,22151207,oracle_matched_random,0.3787861891443353,1.9497590757161885,0.3640102961473612,2.2843201152381907,0.309976436089841,1.8162703342554687,True,False,True,True,True,8,56,61,24,0.10180220123115458,0.11337198039298577,0.00023228898112868135,0.001966472722291488,0.309798519457709,1.8164131523694103
selected,1329072447044802,22151207,lidar_only,0.26810171962176466,1.9880660282519163,0.2407807371208924,1.968459689937225,0.2407807371208924,1.968459689937225,True,True,True,True,True,8,56,78,0,0.14343897827726393,0.14084771184323655,0.0005459626934035253,0.018706546318403457,0.2411235353894824,1.9553441297700778
selected,1329072447044802,22151207,prediction_full,0.26810171962176466,1.9880660282519163,0.2407807371208924,1.968459689937225,0.2268420947445693,1.8565944311663702,True,True,True,True,True,8,56,78,22,0.14343897827726393,0.14181727265963903,0.0005459626934035253,0.018706546318403457,0.22716960370747852,1.8437556431029993
selected,1329072447044802,22151207,prediction_common,0.26810171962176466,1.9880660282519163,0.2407807371208924,1.968459689937225,0.22677286733153418,1.7067539952201691,True,True,True,True,True,8,56,78,68,0.14343897827726393,0.1424799576055317,0.0005459626934035253,0.018706546318403457,0.22711908018254515,1.6930709443561625
selected,1329072447044802,22151207,oracle_prediction,0.26810171962176466,1.9880660282519163,0.2407807371208924,1.968459689937225,0.2069022526653584,1.6493212504456571,True,True,True,True,True,8,56,78,44,0.14343897827726393,0.14770715953686772,0.0005459626934035253,0.018706546318403457,0.20728042425144472,1.6338783995992388
selected,1329072447044802,22151207,oracle_matched_random,0.26810171962176466,1.9880660282519163,0.2407807371208924,1.968459689937225,0.22172491481570428,1.6973158935712283,True,True,True,True,True,8,56,78,40,0.14343897827726393,0.14487047842537865,0.0005459626934035253,0.018706546318403457,0.22211290498541209,1.6824349453381635
selected,1329072448044891,22151207,lidar_only,0.648007890898761,1.3116120289144846,0.6430314854692876,1.5920953332646672,0.6430314854692876,1.5920953332646672,True,True,True,True,True,9,63,38,0,0.09511302243057747,0.08990348030337034,4.885210995587355e-05,0.0003082288107044495,0.6430800642085807,1.5919569857771214
selected,1329072448044891,22151207,prediction_full,0.648007890898761,1.3116120289144846,0.6430314854692876,1.5920953332646672,0.6706829678109523,1.4285680993445198,True,True,True,True,True,8,56,38,30,0.09511302243057747,0.09328286101618011,4.885210995587355e-05,0.0003082288107044495,0.6707312729279012,1.428398595250219
selected,1329072448044891,22151207,prediction_common,0.648007890898761,1.3116120289144846,0.6430314854692876,1.5920953332646672,0.6304714336917467,1.4752007121373127,True,True,True,True,True,9,63,38,72,0.09511302243057747,0.09325634734567376,4.885210995587355e-05,0.0003082288107044495,0.6305197110969828,1.4750585418930013
selected,1329072448044891,22151207,oracle_prediction,0.648007890898761,1.3116120289144846,0.6430314854692876,1.5920953332646672,0.6026470606449966,1.844528057389541,True,True,True,True,True,8,56,38,34,0.09511302243057747,0.09191200456282204,4.885210995587355e-05,0.0003082288107044495,0.6026955494264035,1.8443786421843849
selected,1329072448044891,22151207,oracle_matched_random,0.648007890898761,1.3116120289144846,0.6430314854692876,1.5920953332646672,0.584817917177546,1.807371373569375,True,True,True,True,True,10,70,38,34,0.09511302243057747,0.0962867439683103,4.885210995587355e-05,0.0003082288107044495,0.584866134912562,1.8071947469294978
selected,1329072449045000,22151207,lidar_only,0.31807858587282256,2.932860175230706,0.3423578770977565,3.115436379418533,0.3423578770977565,3.115436379418533,False,False,False,True,True,9,63,58,0,0.12609010231090045,0.12201915844157728,0.0011516801733937028,0.011816260317096646,0.34165382437398506,3.12439423909769
selected,1329072449045000,22151207,prediction_full,0.31807858587282256,2.932860175230706,0.3423578770977565,3.115436379418533,0.3364116442386179,3.06238238144177,False,False,False,True,True,8,56,58,33,0.12609010231090045,0.1242721495077609,0.0011516801733937028,0.011816260317096646,0.3356627587266342,3.0709110483014115
selected,1329072449045000,22151207,prediction_common,0.31807858587282256,2.932860175230706,0.3423578770977565,3.115436379418533,0.3300078957146043,2.854291175758975,False,False,False,True,True,8,56,58,47,0.12609010231090045,0.132214040212811,0.0011516801733937028,0.011816260317096646,0.3292684363769892,2.8621352381957466
selected,1329072449045000,22151207,oracle_prediction,0.31807858587282256,2.932860175230706,0.3423578770977565,3.115436379418533,0.31248932850253563,2.800249215443101,False,False,False,True,True,9,63,58,39,0.12609010231090045,0.13724544574824274,0.0011516801733937028,0.011816260317096646,0.3117909308011926,2.807957854023128
selected,1329072449045000,22151207,oracle_matched_random,0.31807858587282256,2.932860175230706,0.3423578770977565,3.115436379418533,0.31653537937745485,2.8859496693708904,False,False,False,True,True,8,56,58,27,0.12609010231090045,0.1339905450967627,0.0011516801733937028,0.011816260317096646,0.3158079698528726,2.89378435004056
selected,1329072450045087,22151207,lidar_only,0.32973352921232496,2.450280132455671,0.27910214692062874,2.5698218607046845,0.27910214692062874,2.5698218607046845,False,False,False,True,True,8,56,91,0,0.1810854630245858,0.17409859905104708,0.00010302302996456518,0.0028323132376162187,0.27919932486183796,2.567697004456219
selected,1329072450045087,22151207,prediction_full,0.32973352921232496,2.450280132455671,0.27910214692062874,2.5698218607046845,0.2988990756559643,2.6967480936718875,False,False,False,True,True,8,56,91,16,0.1810854630245858,0.17842658138342485,0.00010302302996456518,0.0028323132376162187,0.29899957220544027,2.6946966522453004
selected,1329072450045087,22151207,prediction_common,0.32973352921232496,2.450280132455671,0.27910214692062874,2.5698218607046845,0.28140427736890505,2.387576636609611,False,False,False,True,True,8,56,91,31,0.1810854630245858,0.18911609560096523,0.00010302302996456518,0.0028323132376162187,0.2815066449808581,2.3856953946376924
selected,1329072450045087,22151207,oracle_prediction,0.32973352921232496,2.450280132455671,0.27910214692062874,2.5698218607046845,0.28811229653599507,2.4909068184784817,False,False,False,True,True,8,56,91,26,0.1810854630245858,0.19478964716104818,0.00010302302996456518,0.0028323132376162187,0.28821506553794984,2.489105488466248
selected,1329072450045087,22151207,oracle_matched_random,0.32973352921232496,2.450280132455671,0.27910214692062874,2.5698218607046845,0.275915815694013,2.4017211912770375,False,False,False,True,True,8,56,91,17,0.1810854630245858,0.1895247174875323,0.00010302302996456518,0.0028323132376162187,0.2760182767728613,2.399839460190312
selected,1329072451045197,22151207,lidar_only,0.19576823941008942,1.0927470800472425,0.18426425950352904,1.2117176870752289,0.18426425950352904,1.2117176870752289,True,True,True,True,True,7,49,152,0,0.1998668603573,0.19823162103119155,9.95397576620638e-05,0.0066603255704103725,0.18416598529831088,1.20743098940881
selected,1329072451045197,22151207,prediction_full,0.19576823941008942,1.0927470800472425,0.18426425950352904,1.2117176870752289,0.19676705339741843,1.1730241631504628,True,True,True,True,True,8,56,152,55,0.1998668603573,0.2064287498702535,9.95397576620638e-05,0.0066603255704103725,0.19667115248298492,1.1695185963605712
selected,1329072451045197,22151207,prediction_common,0.19576823941008942,1.0927470800472425,0.18426425950352904,1.2117176870752289,0.21308691565746368,1.2284371922872186,True,True,True,True,True,7,49,152,121,0.1998668603573,0.213740681174221,9.95397576620638e-05,0.0066603255704103725,0.21299160318779045,1.2253373236113545
selected,1329072451045197,22151207,oracle_prediction,0.19576823941008942,1.0927470800472425,0.18426425950352904,1.2117176870752289,0.16517164423214015,1.2343698675538453,True,True,True,True,True,7,49,152,55,0.1998668603573,0.2070806202833845,9.95397576620638e-05,0.0066603255704103725,0.1650759085767723,1.2311111102499643
selected,1329072451045197,22151207,oracle_matched_random,0.19576823941008942,1.0927470800472425,0.18426425950352904,1.2117176870752289,0.1992104743783141,1.183368667786165,True,True,True,True,True,7,49,152,36,0.1998668603573,0.20866185382999833,9.95397576620638e-05,0.0066603255704103725,0.19911496215795446,1.1800810157226573
selected,1329072452045299,22151207,lidar_only,0.18177825334034875,1.4645771234766196,0.18235745885489948,1.3495293419011116,0.18235745885489948,1.3495293419011116,True,True,True,True,True,7,49,122,0,0.20876674285654206,0.2077523296977878,2.5228595089964132e-05,0.003444919527945938,0.18236808421214648,1.351820676919643
selected,1329072452045299,22151207,prediction_full,0.18177825334034875,1.4645771234766196,0.18235745885489948,1.3495293419011116,0.154313339075556,1.6483132711997783,True,True,True,True,True,7,49,122,51,0.20876674285654206,0.2191362315432036,2.5228595089964132e-05,0.003444919527945938,0.15432981143393937,1.650308412517931
selected,1329072452045299,22151207,prediction_common,0.18177825334034875,1.4645771234766196,0.18235745885489948,1.3495293419011116,0.14776076572356797,1.5083954008994658,True,True,True,True,True,7,49,122,125,0.20876674285654206,0.2292413051932691,2.5228595089964132e-05,0.003444919527945938,0.147780687132222,1.5103167400913395
selected,1329072452045299,22151207,oracle_prediction,0.18177825334034875,1.4645771234766196,0.18235745885489948,1.3495293419011116,0.13914164237971086,1.4962946007151439,True,True,True,True,True,7,49,122,81,0.20876674285654206,0.2346990167568643,2.5228595089964132e-05,0.003444919527945938,0.1391617216976358,1.4979853516090549
selected,1329072452045299,22151207,oracle_matched_random,0.18177825334034875,1.4645771234766196,0.18235745885489948,1.3495293419011116,0.1518213175996786,1.485429025728303,True,True,True,True,True,7,49,122,68,0.20876674285654206,0.23029161479404828,2.5228595089964132e-05,0.003444919527945938,0.1518415906532967,1.4872129814500512
selected,1329072453045399,22151207,lidar_only,0.3438130679524716,1.948355059941779,0.3243915739695602,1.7802629081557857,0.3243915739695602,1.7802629081557857,True,True,True,True,True,8,56,66,0,0.13015717909849123,0.12468952451050828,0.00029000320465407054,0.03289775036128956,0.3241707380475396,1.8093346977547278
selected,1329072453045399,22151207,prediction_full,0.3438130679524716,1.948355059941779,0.3243915739695602,1.7802629081557857,0.305980711964557,1.733101664364151,True,True,True,True,True,8,56,66,33,0.13015717909849123,0.13173287408603876,0.00029000320465407054,0.03289775036128956,0.3057358359952372,1.7637761112865806
selected,1329072453045399,22151207,prediction_common,0.3438130679524716,1.948355059941779,0.3243915739695602,1.7802629081557857,0.2995655809700875,1.614983041791613,True,True,True,True,True,8,56,66,80,0.13015717909849123,0.1364998494515887,0.00029000320465407054,0.03289775036128956,0.2993151252881425,1.646073867411156
selected,1329072453045399,22151207,oracle_prediction,0.3438130679524716,1.948355059941779,0.3243915739695602,1.7802629081557857,0.2728690139873624,1.5516737340059874,True,True,True,True,True,9,63,66,56,0.13015717909849123,0.1410003091458873,0.00029000320465407054,0.03289775036128956,0.2726141145682915,1.5833991270527032
selected,1329072453045399,22151207,oracle_matched_random,0.3438130679524716,1.948355059941779,0.3243915739695602,1.7802629081557857,0.30059242988983265,1.6444297997402886,True,True,True,True,True,8,56,66,49,0.13015717909849123,0.1339883038771978,0.00029000320465407054,0.03289775036128956,0.30034264579878384,1.675680808764374
selected,1329072454045502,22151207,lidar_only,0.2006022326363603,1.2719186104812645,0.20001031872221123,1.386187360211572,0.20001031872221123,1.386187360211572,True,True,True,True,True,7,49,157,0,0.18447007902235224,0.18252445878718365,0.0005041338204253488,0.011507200433858044,0.20050853560674578,1.3754466794658988
selected,1329072454045502,22151207,prediction_full,0.2006022326363603,1.2719186104812645,0.20001031872221123,1.386187360211572,0.19779009729528887,1.228648829357282,True,True,True,True,True,7,49,157,71,0.18447007902235224,0.18825426727698155,0.0005041338204253488,0.011507200433858044,0.19828445740391742,1.2175669468414119
selected,1329072454045502,22151207,prediction_common,0.2006022326363603,1.2719186104812645,0.20001031872221123,1.386187360211572,0.1921674738689898,1.050500275784166,True,True,True,True,True,7,49,157,190,0.18447007902235224,0.2034714269345857,0.0005041338204253488,0.011507200433858044,0.1926511661932648,1.039429557083724
selected,1329072454045502,22151207,oracle_prediction,0.2006022326363603,1.2719186104812645,0.20001031872221123,1.386187360211572,0.1928781202879059,0.9795181940896711,True,True,True,True,True,7,49,157,162,0.18447007902235224,0.20859104022144231,0.0005041338204253488,0.011507200433858044,0.19335868123173724,0.9684335031062775
selected,1329072454045502,22151207,oracle_matched_random,0.2006022326363603,1.2719186104812645,0.20001031872221123,1.386187360211572,0.19897898504590877,1.0081342901385328,True,True,True,True,True,7,49,157,148,0.18447007902235224,0.2043379563827721,0.0005041338204253488,0.011507200433858044,0.19946361628110795,0.9970091440599442
selected,1329072455045599,22151207,lidar_only,0.5319599268493964,2.1972029732430047,0.5367917249438307,2.551154030296035,0.5367917249438307,2.551154030296035,False,False,False,True,True,7,49,99,0,0.21790454454141853,0.2154754061320494,0.0002372747963660606,0.01352460823073737,0.5370261254916884,2.5549817544571636
selected,1329072455045599,22151207,prediction_full,0.5319599268493964,2.1972029732430047,0.5367917249438307,2.551154030296035,0.534421205259388,2.4832983249062126,False,False,False,True,True,7,49,99,26,0.21790454454141853,0.21579868476282962,0.0002372747963660606,0.01352460823073737,0.5346560166008892,2.4871576891384013
selected,1329072455045599,22151207,prediction_common,0.5319599268493964,2.1972029732430047,0.5367917249438307,2.551154030296035,0.5278295711611968,2.3970770290823644,False,False,False,True,True,8,56,99,45,0.21790454454141853,0.22855650272625355,0.0002372747963660606,0.01352460823073737,0.5280661107786013,2.402344311744918
selected,1329072455045599,22151207,oracle_prediction,0.5319599268493964,2.1972029732430047,0.5367917249438307,2.551154030296035,0.5111045776691215,1.9485313537161426,False,False,True,True,True,8,56,99,30,0.21790454454141853,0.24834586914558848,0.0002372747963660606,0.01352460823073737,0.5113413489358251,1.953794707627747
selected,1329072455045599,22151207,oracle_matched_random,0.5319599268493964,2.1972029732430047,0.5367917249438307,2.551154030296035,0.5210326919638621,2.423956487098667,False,False,False,True,True,8,56,99,13,0.21790454454141853,0.22653398918445164,0.0002372747963660606,0.01352460823073737,0.5212692050630726,2.429175704494495
selected,1329072456045690,22151207,lidar_only,0.261417829453714,1.3049923574602191,0.25656647916896047,1.384018041154391,0.25656647916896047,1.384018041154391,True,True,True,True,True,6,42,127,0,0.15900008295786272,0.15809239440256725,3.946382537519163e-05,0.001561368074020417,0.25653021059846975,1.3833460736739718
selected,1329072456045690,22151207,prediction_full,0.261417829453714,1.3049923574602191,0.25656647916896047,1.384018041154391,0.2544727225653942,1.3432316190137255,True,True,True,True,True,7,49,127,43,0.15900008295786272,0.16078915851682987,3.946382537519163e-05,0.001561368074020417,0.2544376998074502,1.342413712447885
selected,1329072456045690,22151207,prediction_common,0.261417829453714,1.3049923574602191,0.25656647916896047,1.384018041154391,0.2686331684116469,1.3431128983104628,True,True,True,True,True,7,49,127,150,0.15900008295786272,0.1721081195160397,3.946382537519163e-05,0.001561368074020417,0.2685995294917691,1.3421460235467455
selected,1329072456045690,22151207,oracle_prediction,0.261417829453714,1.3049923574602191,0.25656647916896047,1.384018041154391,0.23920988004918006,1.3184049183708744,True,True,True,True,True,7,49,127,92,0.15900008295786272,0.1720847456046652,3.946382537519163e-05,0.001561368074020417,0.23917775728222415,1.317419855542716
selected,1329072456045690,22151207,oracle_matched_random,0.261417829453714,1.3049923574602191,0.25656647916896047,1.384018041154391,0.2716422037431228,1.316329003222652,True,True,True,True,True,7,49,127,79,0.15900008295786272,0.17394126647628272,3.946382537519163e-05,0.001561368074020417,0.2716090150675313,1.3153503315302049
selected,1329072457046006,22151207,lidar_only,0.17872196646177624,1.629976136423421,0.2135858699746247,1.4278929195071002,0.2135858699746247,1.4278929195071002,True,True,True,True,True,8,56,88,0,0.13924435212150793,0.13205089630151085,3.090872055886237e-05,0.0004420572510390312,0.2135552879611436,1.427622211820787
selected,1329072457046006,22151207,prediction_full,0.17872196646177624,1.629976136423421,0.2135858699746247,1.4278929195071002,0.20451990494330527,1.4501267088096388,True,True,True,True,True,8,56,88,37,0.13924435212150793,0.13279941751060123,3.090872055886237e-05,0.0004420572510390312,0.20448953930044786,1.4498871697245836
selected,1329072457046006,22151207,prediction_common,0.17872196646177624,1.629976136423421,0.2135858699746247,1.4278929195071002,0.1888791238890571,1.3544600881889055,True,True,True,True,True,7,49,88,139,0.13924435212150793,0.1371234000666301,3.090872055886237e-05,0.0004420572510390312,0.18884982059801644,1.3542209332643491
selected,1329072457046006,22151207,oracle_prediction,0.17872196646177624,1.629976136423421,0.2135858699746247,1.4278929195071002,0.16450273657857448,1.289838158138982,True,True,True,True,True,7,49,88,116,0.13924435212150793,0.14307070065714683,3.090872055886237e-05,0.0004420572510390312,0.1644745761672938,1.2895906349609865
selected,1329072457046006,22151207,oracle_matched_random,0.17872196646177624,1.629976136423421,0.2135858699746247,1.4278929195071002,0.19109841986383339,1.3721631328454347,True,True,True,True,True,7,49,88,92,0.13924435212150793,0.13640251083632335,3.090872055886237e-05,0.0004420572510390312,0.19106875734594395,1.371918264290313
selected,1329072458046019,22151207,lidar_only,0.13062488704973418,1.651373073612265,0.1276402471318167,1.498788877249674,0.1276402471318167,1.498788877249674,True,True,True,True,True,7,49,143,0,0.2073322907942458,0.20580449102362736,0.0006498239602960119,0.009338421133659194,0.12823444117502494,1.4941473800024916
selected,1329072458046019,22151207,prediction_full,0.13062488704973418,1.651373073612265,0.1276402471318167,1.498788877249674,0.10768694596204365,1.5516288343923978,True,True,True,True,True,7,49,143,86,0.2073322907942458,0.20873403615090697,0.0006498239602960119,0.009338421133659194,0.10829360698204721,1.546864320200976
selected,1329072458046019,22151207,prediction_common,0.13062488704973418,1.651373073612265,0.1276402471318167,1.498788877249674,0.08899416457245739,1.4728353594854964,True,True,True,True,True,7,49,143,222,0.2073322907942458,0.21455493868146214,0.0006498239602960119,0.009338421133659194,0.08961433816510787,1.468617083442209
selected,1329072458046019,22151207,oracle_prediction,0.13062488704973418,1.651373073612265,0.1276402471318167,1.498788877249674,0.0870492245245965,1.420545646299158,True,True,True,True,True,7,49,143,200,0.2073322907942458,0.21639406759270008,0.0006498239602960119,0.009338421133659194,0.08765766250487061,1.4163425716418456
selected,1329072458046019,22151207,oracle_matched_random,0.13062488704973418,1.651373073612265,0.1276402471318167,1.498788877249674,0.0880462642414687,1.473707562679532,True,True,True,True,True,7,49,143,192,0.2073322907942458,0.21476914989711757,0.0006498239602960119,0.009338421133659194,0.0886665831336034,1.4694869175064442
selected,1329072459045984,22151207,lidar_only,0.1962314650740955,1.4992863652626682,0.18866344615000935,1.4914294693757695,0.18866344615000935,1.4914294693757695,True,True,True,True,True,6,42,146,0,0.19259666131645112,0.1916081964600086,0.00011528463232104763,0.0022128853885078903,0.1885581207649478,1.492949458733
selected,1329072459045984,22151207,prediction_full,0.1962314650740955,1.4992863652626682,0.18866344615000935,1.4914294693757695,0.17790101102663225,1.5203410761213805,True,True,True,True,True,7,49,146,60,0.19259666131645112,0.19308296370839761,0.00011528463232104763,0.0022128853885078903,0.17779546271138386,1.5217814644290508
selected,1329072459045984,22151207,prediction_common,0.1962314650740955,1.4992863652626682,0.18866344615000935,1.4914294693757695,0.15274895936177932,1.1871218350114785,True,True,True,True,True,7,49,146,190,0.19259666131645112,0.21010866214729665,0.00011528463232104763,0.0022128853885078903,0.15263655103606055,1.1885257149418005
selected,1329072459045984,22151207,oracle_prediction,0.1962314650740955,1.4992863652626682,0.18866344615000935,1.4914294693757695,0.14853587870831242,1.1256634636882448,True,True,True,True,True,7,49,146,150,0.19259666131645112,0.21674422340519475,0.00011528463232104763,0.0022128853885078903,0.14842216864554278,1.1270903116252895
selected,1329072459045984,22151207,oracle_matched_random,0.1962314650740955,1.4992863652626682,0.18866344615000935,1.4914294693757695,0.15230897777723398,1.2293876464087277,True,True,True,True,True,7,49,146,143,0.19259666131645112,0.20893121445771354,0.00011528463232104763,0.0022128853885078903,0.15219643514866946,1.230791115910377
selected,1329072460046114,22151207,lidar_only,0.10658990431448034,1.025934715631293,0.07581782189517379,0.9278580285090802,0.07581782189517379,0.9278580285090802,True,True,True,True,True,8,56,120,0,0.19402464241416667,0.18915829901895467,7.752986701331774e-06,0.0003113707141897546,0.07581435565583372,0.9277781303486523
selected,1329072460046114,22151207,prediction_full,0.10658990431448034,1.025934715631293,0.07581782189517379,0.9278580285090802,0.0806085514890546,0.8709705899742138,True,True,True,True,True,7,49,120,80,0.19402464241416667,0.1915676133884535,7.752986701331774e-06,0.0003113707141897546,0.08060567691494859,0.870895750730935
selected,1329072460046114,22151207,prediction_common,0.10658990431448034,1.025934715631293,0.07581782189517379,0.9278580285090802,0.06811557028118756,0.965727022769871,True,True,True,True,True,7,49,120,214,0.19402464241416667,0.1945143865073308,7.752986701331774e-06,0.0003113707141897546,0.06811328069651357,0.9656224970432568
selected,1329072460046114,22151207,oracle_prediction,0.10658990431448034,1.025934715631293,0.07581782189517379,0.9278580285090802,0.05738333113198115,0.8795480529321876,True,True,True,True,True,7,49,120,171,0.19402464241416667,0.19661929359947802,7.752986701331774e-06,0.0003113707141897546,0.057380268437536096,0.8794289277106396
selected,1329072460046114,22151207,oracle_matched_random,0.10658990431448034,1.025934715631293,0.07581782189517379,0.9278580285090802,0.06732659472667617,0.9185015649897702,True,True,True,True,True,7,49,120,156,0.19402464241416667,0.19456940848672882,7.752986701331774e-06,0.0003113707141897546,0.06732340691429128,0.9183875944707188
selected,1329072461046181,22151207,lidar_only,0.1417898882728472,0.7290006778405419,0.14853571388986708,0.8335111063756641,0.14853571388986708,0.8335111063756641,True,True,True,True,True,7,49,112,0,0.1707679666906346,0.17007938903897024,8.86084925391968e-05,0.0006511486296816759,0.14847837076807505,0.8331479247182655
selected,1329072461046181,22151207,prediction_full,0.1417898882728472,0.7290006778405419,0.14853571388986708,0.8335111063756641,0.1279680762747089,0.7236610906890303,True,True,True,True,True,7,49,112,66,0.1707679666906346,0.1730604011137976,8.86084925391968e-05,0.0006511486296816759,0.12790878702109076,0.7231938207407976
selected,1329072461046181,22151207,prediction_common,0.1417898882728472,0.7290006778405419,0.14853571388986708,0.8335111063756641,0.10320587543643449,0.6642471700296344,True,True,True,True,True,7,49,112,192,0.1707679666906346,0.18328755955897952,8.86084925391968e-05,0.0006511486296816759,0.10315931884951772,0.6637414233540352
selected,1329072461046181,22151207,oracle_prediction,0.1417898882728472,0.7290006778405419,0.14853571388986708,0.8335111063756641,0.09270747797244443,0.6608611028317278,True,True,True,True,True,7,49,112,138,0.1707679666906346,0.18885411679969288,8.86084925391968e-05,0.0006511486296816759,0.09265706751893214,0.6603744272850249
selected,1329072461046181,22151207,oracle_matched_random,0.1417898882728472,0.7290006778405419,0.14853571388986708,0.8335111063756641,0.1010247708296308,0.7114138798287809,True,True,True,True,True,7,49,112,124,0.1707679666906346,0.18530122974316166,8.86084925391968e-05,0.0006511486296816759,0.10097931149429273,0.7109524671569307
selected,1329072462046291,22151207,lidar_only,0.17374329911581637,0.7382586176016223,0.11857380843323821,1.0789812876877796,0.11857380843323821,1.0789812876877796,True,True,True,True,True,8,56,71,0,0.1466000114752395,0.13637234781575058,1.8638778587059784e-05,0.000527839339685896,0.11858553368259238,1.0794657106872536
selected,1329072462046291,22151207,prediction_full,0.17374329911581637,0.7382586176016223,0.11857380843323821,1.0789812876877796,0.1220568871442913,1.0636497291724736,True,True,True,True,True,8,56,71,73,0.1466000114752395,0.1369886506585706,1.8638778587059784e-05,0.000527839339685896,0.12206635554515455,1.0641583747836978
selected,1329072462046291,22151207,prediction_common,0.17374329911581637,0.7382586176016223,0.11857380843323821,1.0789812876877796,0.10955587401732637,1.1271971269280951,True,True,True,True,True,8,56,71,204,0.1466000114752395,0.13878568640341316,1.8638778587059784e-05,0.000527839339685896,0.1095633346706731,1.127641448892934
selected,1329072462046291,22151207,oracle_prediction,0.17374329911581637,0.7382586176016223,0.11857380843323821,1.0789812876877796,0.0952361305755277,1.0626179269643448,True,True,True,True,True,8,56,71,163,0.1466000114752395,0.14068318300400331,1.8638778587059784e-05,0.000527839339685896,0.09524234082825352,1.0630871086317366
selected,1329072462046291,22151207,oracle_matched_random,0.17374329911581637,0.7382586176016223,0.11857380843323821,1.0789812876877796,0.10824844621215177,1.1125229017418254,True,True,True,True,True,8,56,71,135,0.1466000114752395,0.1391556051971999,1.8638778587059784e-05,0.000527839339685896,0.10825527108042618,1.11297619553806
selected,1329072463046389,22151207,lidar_only,0.2346562358641041,0.38967177804877146,0.2183447928922212,0.5271960314585594,0.2183447928922212,0.5271960314585594,True,True,True,True,True,7,49,120,0,0.19601031095345903,0.19416649820508697,0.0009201186961899652,0.0007154513332238275,0.21924171922516283,0.5266847272611059
selected,1329072463046389,22151207,prediction_full,0.2346562358641041,0.38967177804877146,0.2183447928922212,0.5271960314585594,0.20766014352108172,0.4967670048054894,True,True,True,True,True,8,56,120,46,0.19601031095345903,0.1968783102684356,0.0009201186961899652,0.0007154513332238275,0.20856422960541776,0.49608919767742454
selected,1329072463046389,22151207,prediction_common,0.2346562358641041,0.38967177804877146,0.2183447928922212,0.5271960314585594,0.20536256267582115,0.8268736926079185,True,True,True,True,True,8,56,120,112,0.19601031095345903,0.20871649693104724,0.0009201186961899652,0.0007154513332238275,0.20628237206068706,0.8262761900039965
selected,1329072463046389,22151207,oracle_prediction,0.2346562358641041,0.38967177804877146,0.2183447928922212,0.5271960314585594,0.1845238264200676,0.8087931531057208,True,True,True,True,True,8,56,120,88,0.19601031095345903,0.2093852673207948,0.0009201186961899652,0.0007154513332238275,0.1854423727870194,0.808151953491546
selected,1329072463046389,22151207,oracle_matched_random,0.2346562358641041,0.38967177804877146,0.2183447928922212,0.5271960314585594,0.2069511363476093,0.827876344643844,True,True,True,True,True,8,56,120,49,0.19601031095345903,0.20668191881688813,0.0009201186961899652,0.0007154513332238275,0.20787035346068608,0.8272724171707013
selected,1329072464046495,22151207,lidar_only,0.13299293919414223,0.9299289063619491,0.1419670966568408,1.011119354894896,0.1419670966568408,1.011119354894896,True,True,True,True,True,8,56,104,0,0.14516834496716985,0.14280627208637145,0.0005126441263213537,0.008726897932643484,0.1424663533099759,1.0058433306592172
selected,1329072464046495,22151207,prediction_full,0.13299293919414223,0.9299289063619491,0.1419670966568408,1.011119354894896,0.13481717430753998,0.9330717043990392,True,True,True,True,True,8,56,104,84,0.14516834496716985,0.1492678667216405,0.0005126441263213537,0.008726897932643484,0.13529341652448304,0.929511302030127
selected,1329072464046495,22151207,prediction_common,0.13299293919414223,0.9299289063619491,0.1419670966568408,1.011119354894896,0.10551428180461836,0.926038885642245,True,True,True,True,True,9,63,104,187,0.14516834496716985,0.17968162621759198,0.0005126441263213537,0.008726897932643484,0.10585532324579043,0.9265988837500233
selected,1329072464046495,22151207,oracle_prediction,0.13299293919414223,0.9299289063619491,0.1419670966568408,1.011119354894896,0.0962575492998035,0.7407784686891757,True,True,True,True,True,9,63,104,160,0.14516834496716985,0.18563848650940662,0.0005126441263213537,0.008726897932643484,0.09656342035254091,0.7424333019206852
selected,1329072464046495,22151207,oracle_matched_random,0.13299293919414223,0.9299289063619491,0.1419670966568408,1.011119354894896,0.10494452850944475,0.8776333683125928,True,True,True,True,True,8,56,104,127,0.14516834496716985,0.18074142982346822,0.0005126441263213537,0.008726897932643484,0.10528290191064395,0.878027761140235
selected,1329072465046598,22151207,lidar_only,0.2205963879607107,0.8087499601195738,0.21622330328053999,0.8059747435128473,0.21622330328053999,0.8059747435128473,True,True,True,True,True,6,42,111,0,0.15088460394267966,0.14900512208931005,8.528503230797871e-05,0.0035461852125371596,0.21613879584135925,0.8035410916784321
selected,1329072465046598,22151207,prediction_full,0.2205963879607107,0.8087499601195738,0.21622330328053999,0.8059747435128473,0.21104578331081378,0.8090598854116403,True,True,True,True,True,7,49,111,59,0.15088460394267966,0.152728291485151,8.528503230797871e-05,0.0035461852125371596,0.21096067588492415,0.807486894348616
selected,1329072465046598,22151207,prediction_common,0.2205963879607107,0.8087499601195738,0.21622330328053999,0.8059747435128473,0.18291826559630286,0.2976416072186586,True,True,True,True,True,8,56,111,147,0.15088460394267966,0.17705430232139796,8.528503230797871e-05,0.0035461852125371596,0.1828331785253796,0.29786774254719967
selected,1329072465046598,22151207,oracle_prediction,0.2205963879607107,0.8087499601195738,0.21622330328053999,0.8059747435128473,0.16437812509548436,0.2960353289921633,True,True,True,True,True,8,56,111,125,0.15088460394267966,0.19120087627656007,8.528503230797871e-05,0.0035461852125371596,0.1642933610146902,0.2979094299457765
selected,1329072465046598,22151207,oracle_matched_random,0.2205963879607107,0.8087499601195738,0.21622330328053999,0.8059747435128473,0.18270634001534847,0.31473629851656865,True,True,True,True,True,8,56,111,102,0.15088460394267966,0.18067269362554356,8.528503230797871e-05,0.0035461852125371596,0.18262140722295647,0.3152038517904669
selected,1329072466046718,22151207,lidar_only,0.2182174304057578,1.1319079074253797,0.21400829045509037,1.096035645084216,0.21400829045509037,1.096035645084216,True,True,True,True,True,7,49,100,0,0.16399698900026036,0.16257800229672612,0.0001807200803610034,0.003636748742871007,0.21384052290660488,1.0994320951844054
selected,1329072466046718,22151207,prediction_full,0.2182174304057578,1.1319079074253797,0.21400829045509037,1.096035645084216,0.20551865458196078,1.296106616334724,True,True,True,True,True,7,49,100,39,0.16399698900026036,0.16444892489919194,0.0001807200803610034,0.003636748742871007,0.2053517597774647,1.2993098824121423
selected,1329072466046718,22151207,prediction_common,0.2182174304057578,1.1319079074253797,0.21400829045509037,1.096035645084216,0.15837539462478767,1.5878608396223575,True,True,True,True,True,8,56,100,198,0.16399698900026036,0.17793160464455973,0.0001807200803610034,0.003636748742871007,0.15820924990458307,1.590726855137333
selected,1329072466046718,22151207,oracle_prediction,0.2182174304057578,1.1319079074253797,0.21400829045509037,1.096035645084216,0.16694466730629906,1.3154444880405651,True,True,True,True,True,8,56,100,119,0.16399698900026036,0.17485829652514825,0.0001807200803610034,0.003636748742871007,0.16679021189118604,1.3185244432259722
selected,1329072466046718,22151207,oracle_matched_random,0.2182174304057578,1.1319079074253797,0.21400829045509037,1.096035645084216,0.16610432544101913,1.4104599510791958,True,True,True,True,True,8,56,100,103,0.16399698900026036,0.17325565803472404,0.0001807200803610034,0.003636748742871007,0.16594125510252006,1.4133855372158366
selected,1329072467046788,22151207,lidar_only,0.17552142384714847,1.1044955594010506,0.180436462317456,1.0635623336599762,0.180436462317456,1.0635623336599762,True,True,True,True,True,7,49,119,0,0.18184717375962636,0.18070946485660963,9.647270328617424e-06,0.0004928938013428018,0.18042815884507304,1.0633844117168674
selected,1329072467046788,22151207,prediction_full,0.17552142384714847,1.1044955594010506,0.180436462317456,1.0635623336599762,0.16982083710265242,1.1930993609608562,True,True,True,True,True,7,49,119,43,0.18184717375962636,0.1822194633060882,9.647270328617424e-06,0.0004928938013428018,0.16981268596272753,1.1929729699891884
selected,1329072467046788,22151207,prediction_common,0.17552142384714847,1.1044955594010506,0.180436462317456,1.0635623336599762,0.12643898328937178,1.2702135895641216,True,True,True,True,True,8,56,119,176,0.18184717375962636,0.19607839961650345,9.647270328617424e-06,0.0004928938013428018,0.12643108201832773,1.2701015951841534
selected,1329072467046788,22151207,oracle_prediction,0.17552142384714847,1.1044955594010506,0.180436462317456,1.0635623336599762,0.11251347884104008,1.2716096311923524,True,True,True,True,True,8,56,119,156,0.18184717375962636,0.2072140699156746,9.647270328617424e-06,0.0004928938013428018,0.11250613612383364,1.2715125489861554
selected,1329072467046788,22151207,oracle_matched_random,0.17552142384714847,1.1044955594010506,0.180436462317456,1.0635623336599762,0.11945348624905387,1.2423556824910709,True,True,True,True,True,8,56,119,136,0.18184717375962636,0.20061585511493635,9.647270328617424e-06,0.0004928938013428018,0.11944589554104483,1.242252572621203
selected,1329072468046888,22151207,lidar_only,0.21159564392995675,0.6635027537940377,0.1950460569238029,0.5372028743121746,0.1950460569238029,0.5372028743121746,True,True,True,True,True,8,56,116,0,0.16782095597561006,0.16255248120812885,2.98098362948106e-06,0.00085313949662459,0.19504636223598473,0.5374155861668434
selected,1329072468046888,22151207,prediction_full,0.21159564392995675,0.6635027537940377,0.1950460569238029,0.5372028743121746,0.17616923159062486,0.899690667287601,True,True,True,True,True,8,56,116,49,0.16782095597561006,0.1662643223248924,2.98098362948106e-06,0.00085313949662459,0.1761696349915088,0.8998076607336728
selected,1329072468046888,22151207,prediction_common,0.21159564392995675,0.6635027537940377,0.1950460569238029,0.5372028743121746,0.1540442870487545,0.8907942561130286,True,True,True,True,True,8,56,116,159,0.16782095597561006,0.1703066311348065,2.98098362948106e-06,0.00085313949662459,0.1540445099613202,0.8909523910012594
selected,1329072468046888,22151207,oracle_prediction,0.21159564392995675,0.6635027537940377,0.1950460569238029,0.5372028743121746,0.1312525909622703,0.8223126108725627,True,True,True,True,True,8,56,116,131,0.16782095597561006,0.17759880955021376,2.98098362948106e-06,0.00085313949662459,0.13125310668543083,0.8224177423009431
selected,1329072468046888,22151207,oracle_matched_random,0.21159564392995675,0.6635027537940377,0.1950460569238029,0.5372028743121746,0.14993624878182804,0.8171921856149955,True,True,True,True,True,8,56,116,99,0.16782095597561006,0.17021591913668485,2.98098362948106e-06,0.00085313949662459,0.1499365022102977,0.8173659565345545
selected,1329072469046987,22151207,lidar_only,0.1511525592216,0.9437990407459209,0.14860394621597875,1.0606637789291644,0.14860394621597875,1.0606637789291644,True,True,True,True,True,7,49,145,0,0.1609146447553377,0.15943187736128286,8.999963873956546e-06,0.0010584338501832494,0.148596105426221,1.0614140798245475
selected,1329072469046987,22151207,prediction_full,0.1511525592216,0.9437990407459209,0.14860394621597875,1.0606637789291644,0.14123827125698682,1.1801662507623516,True,True,True,True,True,8,56,145,51,0.1609146447553377,0.1605585823872877,8.999963873956546e-06,0.0010584338501832494,0.14123029259287478,1.1809101962024673
selected,1329072469046987,22151207,prediction_common,0.1511525592216,0.9437990407459209,0.14860394621597875,1.0606637789291644,0.1129018185477497,1.2491058971610514,True,True,True,True,True,8,56,145,162,0.1609146447553377,0.16726160754010952,8.999963873956546e-06,0.0010584338501832494,0.11289379067825635,1.249795059579129
selected,1329072469046987,22151207,oracle_prediction,0.1511525592216,0.9437990407459209,0.14860394621597875,1.0606637789291644,0.08653186239377733,1.1824541464531382,True,True,True,True,True,8,56,145,118,0.1609146447553377,0.1790759995741994,8.999963873956546e-06,0.0010584338501832494,0.08652467165378669,1.1831124492992218
selected,1329072469046987,22151207,oracle_matched_random,0.1511525592216,0.9437990407459209,0.14860394621597875,1.0606637789291644,0.10474299858899312,1.24026202984205,True,True,True,True,True,8,56,145,90,0.1609146447553377,0.16893553058829364,8.999963873956546e-06,0.0010584338501832494,0.1047350455599119,1.2409705774372095
selected,1329072470047086,22151207,lidar_only,0.13887343315833992,0.9994964407145621,0.17666996243127273,0.9439123556843365,0.17666996243127273,0.9439123556843365,True,True,True,True,True,8,56,118,0,0.1521577447819963,0.14659618494571783,1.324424953336892e-05,0.005891100117315285,0.17665758987555424,0.9390388625799568
selected,1329072470047086,22151207,prediction_full,0.13887343315833992,0.9994964407145621,0.17666996243127273,0.9439123556843365,0.1747161151766142,1.0091844638506815,True,True,True,True,True,8,56,118,47,0.1521577447819963,0.1483119767793595,1.324424953336892e-05,0.005891100117315285,0.17470349399411073,1.0047243911286374
selected,1329072470047086,22151207,prediction_common,0.13887343315833992,0.9994964407145621,0.17666996243127273,0.9439123556843365,0.13339426645908242,1.1686955797865854,True,True,True,True,True,8,56,118,145,0.1521577447819963,0.1542539159336201,1.324424953336892e-05,0.005891100117315285,0.13338190912161876,1.1639722544975684
selected,1329072470047086,22151207,oracle_prediction,0.13887343315833992,0.9994964407145621,0.17666996243127273,0.9439123556843365,0.10086734017716635,1.077314719975733,True,True,True,True,True,8,56,118,102,0.1521577447819963,0.16725043041950416,1.324424953336892e-05,0.005891100117315285,0.10085648288459578,1.0728301690547917
selected,1329072470047086,22151207,oracle_matched_random,0.13887343315833992,0.9994964407145621,0.17666996243127273,0.9439123556843365,0.13551194883561937,1.0712703901543863,True,True,True,True,True,7,49,118,69,0.1521577447819963,0.15312580105870477,1.324424953336892e-05,0.005891100117315285,0.13550004838999674,1.066450516649443
selected,1329072471047185,22151207,lidar_only,0.1627479844265709,1.379686831144173,0.10220858355447293,1.3571782919368804,0.10220858355447293,1.3571782919368804,True,True,True,True,True,8,56,100,0,0.1415314888724272,0.1295909030717258,9.557971311719706e-05,0.03957763229612862,0.10228059919864925,1.396467566059908
selected,1329072471047185,22151207,prediction_full,0.1627479844265709,1.379686831144173,0.10220858355447293,1.3571782919368804,0.10147001159070275,1.4631915156775699,True,True,True,True,True,8,56,100,46,0.1415314888724272,0.13118031387351742,9.557971311719706e-05,0.03957763229612862,0.10155015342914815,1.5019912094268226
selected,1329072471047185,22151207,prediction_common,0.1627479844265709,1.379686831144173,0.10220858355447293,1.3571782919368804,0.10033751012675252,1.4978434645525796,True,True,True,True,True,8,56,100,126,0.1415314888724272,0.13722777134682987,9.557971311719706e-05,0.03957763229612862,0.10043117321808283,1.5346507497110167
selected,1329072471047185,22151207,oracle_prediction,0.1627479844265709,1.379686831144173,0.10220858355447293,1.3571782919368804,0.08000582595946666,1.3492974634852082,True,True,True,True,True,8,56,100,73,0.1415314888724272,0.14027590966495523,9.557971311719706e-05,0.03957763229612862,0.08010069960977984,1.3821836458124486
selected,1329072471047185,22151207,oracle_matched_random,0.1627479844265709,1.379686831144173,0.10220858355447293,1.3571782919368804,0.09458270628047821,1.4723479939333164,True,True,True,True,True,8,56,100,58,0.1415314888724272,0.137022560976646,9.557971311719706e-05,0.03957763229612862,0.09467743112004312,1.5080648362236153
selected,1329072472047291,22151207,lidar_only,0.07759894899512511,1.3598396705156262,0.05172768925427656,1.3430744147461182,0.05172768925427656,1.3430744147461182,True,True,True,True,True,8,56,120,0,0.1520128850340661,0.14786060314653032,0.0003081764411084876,0.0033757514648970364,0.05157552113104901,1.3419506069794613
selected,1329072472047291,22151207,prediction_full,0.07759894899512511,1.3598396705156262,0.05172768925427656,1.3430744147461182,0.056490920806384855,1.4395992882153885,True,True,True,True,True,8,56,120,68,0.1520128850340661,0.1486304033620756,0.0003081764411084876,0.0033757514648970364,0.056341456285326615,1.4384339708489589
selected,1329072472047291,22151207,prediction_common,0.07759894899512511,1.3598396705156262,0.05172768925427656,1.3430744147461182,0.0605676167182869,1.3637003103808403,True,True,True,True,True,8,56,120,140,0.1520128850340661,0.1519045086479895,0.0003081764411084876,0.0033757514648970364,0.060451497913978774,1.3623639156032152
selected,1329072472047291,22151207,oracle_prediction,0.07759894899512511,1.3598396705156262,0.05172768925427656,1.3430744147461182,0.044764963216650994,1.1929921480027066,True,True,True,True,True,8,56,120,98,0.1520128850340661,0.15354799030520916,0.0003081764411084876,0.0033757514648970364,0.04464514200502556,1.1917923983652086
selected,1329072472047291,22151207,oracle_matched_random,0.07759894899512511,1.3598396705156262,0.05172768925427656,1.3430744147461182,0.056952573083707755,1.3752446894767012,True,True,True,True,True,8,56,120,70,0.1520128850340661,0.15258776590390996,0.0003081764411084876,0.0033757514648970364,0.056835985578510426,1.3738508996825736
selected,1329072473047388,22151207,lidar_only,0.16667752439067818,0.7441339242503741,0.16423590623053091,0.7735359654042909,0.16423590623053091,0.7735359654042909,True,True,True,True,True,7,49,117,0,0.14179311642291595,0.1396293432886083,0.002011890615729058,0.031445683152090474,0.16614555810948187,0.7534052281709592
selected,1329072473047388,22151207,prediction_full,0.16667752439067818,0.7441339242503741,0.16423590623053091,0.7735359654042909,0.1572805855637898,0.7232959053402087,True,True,True,True,True,8,56,117,35,0.14179311642291595,0.1402695481493019,0.002011890615729058,0.031445683152090474,0.1591279184869203,0.7000036951433227
selected,1329072473047388,22151207,prediction_common,0.16667752439067818,0.7441339242503741,0.16423590623053091,0.7735359654042909,0.16126553624361226,0.6968024208156972,True,True,True,True,True,7,49,117,98,0.14179311642291595,0.14177675729233824,0.002011890615729058,0.031445683152090474,0.1630786088667938,0.6760059103179027
selected,1329072473047388,22151207,oracle_prediction,0.16667752439067818,0.7441339242503741,0.16423590623053091,0.7735359654042909,0.13364438275289275,0.5662258657198078,True,True,True,True,True,8,56,117,80,0.14179311642291595,0.14845818264776559,0.002011890615729058,0.031445683152090474,0.13538576839514269,0.5439159514310796
selected,1329072473047388,22151207,oracle_matched_random,0.16667752439067818,0.7441339242503741,0.16423590623053091,0.7735359654042909,0.14130036649712036,0.6777428977658342,True,True,True,True,True,8,56,117,56,0.14179311642291595,0.1463142015499814,0.002011890615729058,0.031445683152090474,0.14300620407726064,0.6546109535143244
selected,1329072474047486,22151207,lidar_only,0.023847778271891905,1.4769676210471392,0.03484337512490953,1.4030405406799944,0.03484337512490953,1.4030405406799944,True,True,True,True,True,8,56,123,0,0.1657674345670297,0.16328984926342824,0.0009202060791191845,0.02005359441998202,0.03509966286904039,1.3929320654302146
selected,1329072474047486,22151207,prediction_full,0.023847778271891905,1.4769676210471392,0.03484337512490953,1.4030405406799944,0.03142587719459154,1.3912261902823668,True,True,True,True,True,8,56,123,43,0.1657674345670297,0.16450927854198594,0.0009202060791191845,0.02005359441998202,0.031811341117346174,1.3806380255436461
selected,1329072474047486,22151207,prediction_common,0.023847778271891905,1.4769676210471392,0.03484337512490953,1.4030405406799944,0.052117085920645734,1.2624846337429496,True,True,True,True,True,8,56,123,57,0.1657674345670297,0.1658323751954028,0.0009202060791191845,0.02005359441998202,0.05234979652129283,1.25187361433514
selected,1329072474047486,22151207,oracle_prediction,0.023847778271891905,1.4769676210471392,0.03484337512490953,1.4030405406799944,0.06186735287554297,1.0004128157353878,True,True,True,True,True,9,63,123,45,0.1657674345670297,0.18756745320855653,0.0009202060791191845,0.02005359441998202,0.06207973898414501,0.98980785839678
selected,1329072474047486,22151207,oracle_matched_random,0.023847778271891905,1.4769676210471392,0.03484337512490953,1.4030405406799944,0.06789792256395201,1.0780556072751932,True,True,True,True,True,8,56,123,31,0.1657674345670297,0.17991894555172613,0.0009202060791191845,0.02005359441998202,0.06791099473464572,1.0676271157515136
selected,1329072475047581,22151207,lidar_only,0.1213756115374076,0.8372209556267906,0.12879251261791663,0.8002416200883916,0.12879251261791663,0.8002416200883916,True,True,True,True,True,7,49,95,0,0.10736516640252132,0.10617789516408434,0.0013779996735747671,0.045332119687677135,0.12936389809262816,0.7618572693138023
selected,1329072475047581,22151207,prediction_full,0.1213756115374076,0.8372209556267906,0.12879251261791663,0.8002416200883916,0.1013609979999731,0.8749162481895225,True,True,True,True,True,7,49,95,31,0.10736516640252132,0.10806571561059754,0.0013779996735747671,0.045332119687677135,0.1022560247798685,0.835908707816882
selected,1329072475047581,22151207,prediction_common,0.1213756115374076,0.8372209556267906,0.12879251261791663,0.8002416200883916,0.08569211966521245,0.8066860343076477,True,True,True,True,True,8,56,95,75,0.10736516640252132,0.11111724042102882,0.0013779996735747671,0.045332119687677135,0.08657882907574692,0.7689102195053892
selected,1329072475047581,22151207,oracle_prediction,0.1213756115374076,0.8372209556267906,0.12879251261791663,0.8002416200883916,0.05653536498312175,0.8738853818155347,True,True,True,True,True,8,56,95,66,0.10736516640252132,0.12650265935014868,0.0013779996735747671,0.045332119687677135,0.05752090501933161,0.8408945403985998
selected,1329072475047581,22151207,oracle_matched_random,0.1213756115374076,0.8372209556267906,0.12879251261791663,0.8002416200883916,0.06614749064729404,0.8014981534943415,True,True,True,True,True,8,56,95,45,0.10736516640252132,0.12317271553237832,0.0013779996735747671,0.045332119687677135,0.06719863476553761,0.7686929698441389
selected,1329072476047685,22151207,lidar_only,0.1326607167936344,1.6972126678761188,0.11210415954711035,1.6052212047671974,0.11210415954711035,1.6052212047671974,True,True,True,True,True,7,49,203,0,0.20075681016257263,0.19950218096771408,0.002418478209719933,0.017411997581637414,0.11124125659423127,1.5978053215110781
selected,1329072476047685,22151207,prediction_full,0.1326607167936344,1.6972126678761188,0.11210415954711035,1.6052212047671974,0.11572485429791651,1.5591879617388977,True,True,True,True,True,7,49,203,29,0.20075681016257263,0.20059427776624508,0.002418478209719933,0.017411997581637414,0.11463632035859905,1.5517041772062992
selected,1329072476047685,22151207,prediction_common,0.1326607167936344,1.6972126678761188,0.11210415954711035,1.6052212047671974,0.12575800602413706,1.5993728535570086,True,True,True,True,True,7,49,203,51,0.20075681016257263,0.20051746272239973,0.002418478209719933,0.017411997581637414,0.12472551129427535,1.591760207636943
selected,1329072476047685,22151207,oracle_prediction,0.1326607167936344,1.6972126678761188,0.11210415954711035,1.6052212047671974,0.15184743861842567,1.5264790235903196,True,True,True,True,True,8,56,203,40,0.20075681016257263,0.21041866479235113,0.002418478209719933,0.017411997581637414,0.1505979107169758,1.5189482192850157
selected,1329072476047685,22151207,oracle_matched_random,0.1326607167936344,1.6972126678761188,0.11210415954711035,1.6052212047671974,0.14468618499704705,1.5754010017013698,True,True,True,True,True,7,49,203,26,0.20075681016257263,0.20470717255006018,0.002418478209719933,0.017411997581637414,0.14356098421735672,1.5677365420881753
selected,1329072477047783,22151207,lidar_only,0.08500519237841161,1.1325907165819011,0.07201644688375543,1.0763322236426132,0.07201644688375543,1.0763322236426132,True,True,True,True,True,7,49,316,0,0.2059523765822557,0.2047896831118837,0.005935610941440944,0.018644227501365615,0.07522326527305297,1.0816371195935606
selected,1329072477047783,22151207,prediction_full,0.08500519237841161,1.1325907165819011,0.07201644688375543,1.0763322236426132,0.06674540622469292,1.0712043971791418,True,True,True,True,True,7,49,316,37,0.2059523765822557,0.20493263103082007,0.005935610941440944,0.018644227501365615,0.06981254489107963,1.0760075612954623
selected,1329072477047783,22151207,prediction_common,0.08500519237841161,1.1325907165819011,0.07201644688375543,1.0763322236426132,0.07427227538738987,1.059621863482293,True,True,True,True,True,7,49,316,83,0.2059523765822557,0.2049978506045229,0.005935610941440944,0.018644227501365615,0.07789162067082803,1.065074343907463
selected,1329072477047783,22151207,oracle_prediction,0.08500519237841161,1.1325907165819011,0.07201644688375543,1.0763322236426132,0.08462284684262068,1.0388017348464211,True,True,True,True,True,7,49,316,79,0.2059523765822557,0.20707757935633836,0.005935610941440944,0.018644227501365615,0.08891960047755369,1.044931760834267
selected,1329072477047783,22151207,oracle_matched_random,0.08500519237841161,1.1325907165819011,0.07201644688375543,1.0763322236426132,0.09158650528714239,1.066026147400358,True,True,True,True,True,7,49,316,49,0.2059523765822557,0.2064134503933813,0.005935610941440944,0.018644227501365615,0.09550885693367707,1.0727259509540024
selected,1329072478047883,22151207,lidar_only,0.07292895382299244,1.2192632887041739,0.04951975015547032,1.11632046952199,0.04951975015547032,1.11632046952199,True,True,True,True,True,7,49,388,0,0.23124407113315648,0.22939249947542698,0.004859541582914007,0.03577805057576065,0.04857438031107065,1.0825450269395198
selected,1329072478047883,22151207,prediction_full,0.07292895382299244,1.2192632887041739,0.04951975015547032,1.11632046952199,0.05439024902124187,1.1079443009854844,True,True,True,True,True,7,49,388,33,0.23124407113315648,0.22964739968823186,0.004859541582914007,0.03577805057576065,0.05373488347214734,1.0740112802880937
selected,1329072478047883,22151207,prediction_common,0.07292895382299244,1.2192632887041739,0.04951975015547032,1.11632046952199,0.05488837994947781,1.0747985734561545,True,True,True,True,True,7,49,388,74,0.23124407113315648,0.23104184405850584,0.004859541582914007,0.03577805057576065,0.053548313486830965,1.0404874760606555
selected,1329072478047883,22151207,oracle_prediction,0.07292895382299244,1.2192632887041739,0.04951975015547032,1.11632046952199,0.07012714050617433,0.9682635524416229,True,True,True,True,True,8,56,388,62,0.23124407113315648,0.23950164398632592,0.004859541582914007,0.03577805057576065,0.06937719057392296,0.9336729118796597
selected,1329072478047883,22151207,oracle_matched_random,0.07292895382299244,1.2192632887041739,0.04951975015547032,1.11632046952199,0.08435542575250625,1.0642701691462682,True,True,True,True,True,8,56,388,32,0.23124407113315648,0.23819410010845535,0.004859541582914007,0.03577805057576065,0.08314070350037607,1.0297590646478996
selected,1329072479047984,22151207,lidar_only,0.11852340284008872,0.6406399529636996,0.12461483706288717,0.6521456164558564,0.12461483706288717,0.6521456164558564,True,True,True,True,True,7,49,324,0,0.2047454219465611,0.2028955447542024,0.0007436279849884118,0.00463229748982901,0.1241113517439064,0.6503096962785473
selected,1329072479047984,22151207,prediction_full,0.11852340284008872,0.6406399529636996,0.12461483706288717,0.6521456164558564,0.12399691804495652,0.6378041474529118,True,True,True,True,True,7,49,324,14,0.2047454219465611,0.20296898929631843,0.0007436279849884118,0.00463229748982901,0.1235075254026438,0.6359605776595461
selected,1329072479047984,22151207,prediction_common,0.11852340284008872,0.6406399529636996,0.12461483706288717,0.6521456164558564,0.12854858190309176,0.5948809977073646,True,True,True,True,True,7,49,324,38,0.2047454219465611,0.20339034700582057,0.0007436279849884118,0.00463229748982901,0.12804032651922778,0.5930690236685843
selected,1329072479047984,22151207,oracle_prediction,0.11852340284008872,0.6406399529636996,0.12461483706288717,0.6521456164558564,0.14573598826530743,0.3930056353107325,True,True,True,True,True,8,56,324,36,0.2047454219465611,0.21379080565595635,0.0007436279849884118,0.00463229748982901,0.14523882768127674,0.3917775697789851
selected,1329072479047984,22151207,oracle_matched_random,0.11852340284008872,0.6406399529636996,0.12461483706288717,0.6521456164558564,0.1353010709198991,0.5425750654223205,True,True,True,True,True,7,49,324,15,0.2047454219465611,0.2044944280896462,0.0007436279849884118,0.00463229748982901,0.13481357533573085,0.5405776055465256
selected,1329072480048089,22151208,lidar_only,0.17061688741727465,0.8509218244152287,0.15652884097022837,0.9083375304226282,0.15652884097022837,0.9083375304226282,True,True,True,True,True,8,56,308,0,0.17843113178366535,0.17456729112443267,0.00258142589172247,0.033289675616293986,0.15797453676698828,0.884944725438111
selected,1329072480048089,22151208,prediction_full,0.17061688741727465,0.8509218244152287,0.15652884097022837,0.9083375304226282,0.15426132448809948,0.9024638881235473,True,True,True,True,True,8,56,308,9,0.17843113178366535,0.17469258302714147,0.00258142589172247,0.033289675616293986,0.15567499082693836,0.8787217119453563
selected,1329072480048089,22151208,prediction_common,0.17061688741727465,0.8509218244152287,0.15652884097022837,0.9083375304226282,0.15364888168278582,0.8841538624142731,True,True,True,True,True,8,56,308,34,0.17843113178366535,0.1748839238341731,0.00258142589172247,0.033289675616293986,0.15503472274029498,0.8603065945982551
selected,1329072480048089,22151208,oracle_prediction,0.17061688741727465,0.8509218244152287,0.15652884097022837,0.9083375304226282,0.1398716473490133,0.7467488048028642,True,True,True,True,True,8,56,308,28,0.17843113178366535,0.19134874017537998,0.00258142589172247,0.033289675616293986,0.14065584959137672,0.7189712266196876
selected,1329072480048089,22151208,oracle_matched_random,0.17061688741727465,0.8509218244152287,0.15652884097022837,0.9083375304226282,0.15636715588723912,0.8872502704378616,True,True,True,True,True,7,49,308,11,0.17843113178366535,0.17500208749113919,0.00258142589172247,0.033289675616293986,0.15780293383022959,0.8644020830626755
selected,1329072481048185,22151208,lidar_only,0.1719952880440118,2.2736552450600622,0.1620524648560027,2.3084610227291598,0.1620524648560027,2.3084610227291598,False,False,False,True,True,7,49,334,0,0.19480999758142387,0.1940491244695555,0.004759940974739602,0.07960802230433812,0.1577454302135957,2.265098397945993
selected,1329072481048185,22151208,prediction_full,0.1719952880440118,2.2736552450600622,0.1620524648560027,2.3084610227291598,0.1652447169644996,2.288995397798566,False,False,False,True,True,7,49,334,9,0.19480999758142387,0.19417461136303868,0.004759940974739602,0.07960802230433812,0.16091778166096662,2.2453847929090958
selected,1329072481048185,22151208,prediction_common,0.1719952880440118,2.2736552450600622,0.1620524648560027,2.3084610227291598,0.16178807531012662,2.3007588432448673,False,False,False,True,True,7,49,334,23,0.19480999758142387,0.19409453970094812,0.004759940974739602,0.07960802230433812,0.1574983180670294,2.2576529075142036
selected,1329072481048185,22151208,oracle_prediction,0.1719952880440118,2.2736552450600622,0.1620524648560027,2.3084610227291598,0.1804769284092358,2.145530853520576,False,False,False,True,True,7,49,334,14,0.19480999758142387,0.19944930695647436,0.004759940974739602,0.07960802230433812,0.1762310177689363,2.1047631389556414
selected,1329072481048185,22151208,oracle_matched_random,0.1719952880440118,2.2736552450600622,0.1620524648560027,2.3084610227291598,0.17693087990933554,2.203923493921553,False,False,False,True,True,7,49,334,8,0.19480999758142387,0.19650052746906965,0.004759940974739602,0.07960802230433812,0.17273217308793715,2.1639326744389518
selected,1329072482048280,22151208,lidar_only,0.08966723127711544,1.7633911219495995,0.10090628751617262,1.817415196802655,0.10090628751617262,1.817415196802655,True,True,True,True,True,7,49,381,0,0.19969651731471877,0.19792569970675278,0.0012351006683425354,0.005754366551354722,0.10079419702629812,1.8130153340839217
selected,1329072482048280,22151208,prediction_full,0.08966723127711544,1.7633911219495995,0.10090628751617262,1.817415196802655,0.10218497455122309,1.817014983672196,True,True,True,True,True,7,49,381,15,0.19969651731471877,0.19797657027288787,0.0012351006683425354,0.005754366551354722,0.10208415635574723,1.8126049211337394
selected,1329072482048280,22151208,prediction_common,0.08966723127711544,1.7633911219495995,0.10090628751617262,1.817415196802655,0.1026377155437058,1.8222608278081993,True,True,True,True,True,7,49,381,30,0.19969651731471877,0.1979607119628909,0.0012351006683425354,0.005754366551354722,0.10251202048201452,1.81782865913343
selected,1329072482048280,22151208,oracle_prediction,0.08966723127711544,1.7633911219495995,0.10090628751617262,1.817415196802655,0.10496417921695932,1.682193758076614,True,True,True,True,True,7,49,381,22,0.19969651731471877,0.20233330789260984,0.0012351006683425354,0.005754366551354722,0.10459985978061323,1.6776001468521196
selected,1329072482048280,22151208,oracle_matched_random,0.08966723127711544,1.7633911219495995,0.10090628751617262,1.817415196802655,0.1031974869619975,1.742739004750703,True,True,True,True,True,7,49,381,7,0.19969651731471877,0.1994007575942815,0.0012351006683425354,0.005754366551354722,0.10291294843981577,1.738329607316504
selected,1329072483048390,22151208,lidar_only,0.07300788100389066,1.620056328096431,0.0755230911485188,1.666013539845861,0.0755230911485188,1.666013539845861,True,True,True,True,True,7,49,333,0,0.1994798369465737,0.19845909735692313,0.0018728832652456808,0.02211969244584515,0.0738940181967303,1.6726593238964522
selected,1329072483048390,22151208,prediction_full,0.07300788100389066,1.620056328096431,0.0755230911485188,1.666013539845861,0.07329848256633532,1.6657465548043826,True,True,True,True,True,7,49,333,14,0.1994798369465737,0.19851371070954488,0.0018728832652456808,0.02211969244584515,0.07164178451864135,1.6723390167806869
selected,1329072483048390,22151208,prediction_common,0.07300788100389066,1.620056328096431,0.0755230911485188,1.666013539845861,0.06899995634387088,1.6615258643742126,True,True,True,True,True,7,49,333,28,0.1994798369465737,0.19858314098514993,0.0018728832652456808,0.02211969244584515,0.06731893775061641,1.6683280170669124
selected,1329072483048390,22151208,oracle_prediction,0.07300788100389066,1.620056328096431,0.0755230911485188,1.666013539845861,0.027379716803802304,1.5333712770914771,True,True,True,True,True,8,56,333,22,0.1994798369465737,0.20973197397676674,0.0018728832652456808,0.02211969244584515,0.026196019743310265,1.5417337909356053
selected,1329072483048390,22151208,oracle_matched_random,0.07300788100389066,1.620056328096431,0.0755230911485188,1.666013539845861,0.08116033453356734,1.6194157938338511,True,True,True,True,True,7,49,333,8,0.1994798369465737,0.19895486071095148,0.0018728832652456808,0.02211969244584515,0.07965398849635764,1.6259817552467462
selected,1329072484048480,22151208,lidar_only,0.08330955692620359,0.9587858035501271,0.10386909409030301,1.0460123529195655,0.10386909409030301,1.0460123529195655,True,True,True,True,True,7,49,372,0,0.19096692393598927,0.1879057880323755,0.0031438428106229876,0.017536707504333386,0.1065129523963067,1.0292047927446883
selected,1329072484048480,22151208,prediction_full,0.08330955692620359,0.9587858035501271,0.10386909409030301,1.0460123529195655,0.10401913885436213,1.052162544845854,True,True,True,True,True,7,49,372,16,0.19096692393598927,0.18802715842776607,0.0031438428106229876,0.017536707504333386,0.10668827551453154,1.0355438149440057
selected,1329072484048480,22151208,prediction_common,0.08330955692620359,0.9587858035501271,0.10386909409030301,1.0460123529195655,0.10589654117607888,1.0239927973926235,True,True,True,True,True,7,49,372,47,0.19096692393598927,0.18818722658849277,0.0031438428106229876,0.017536707504333386,0.10864721019552558,1.0072032435349096
selected,1329072484048480,22151208,oracle_prediction,0.08330955692620359,0.9587858035501271,0.10386909409030301,1.0460123529195655,0.10637590104641104,0.9107746314660929,True,True,True,True,True,8,56,372,44,0.19096692393598927,0.19439427430940612,0.0031438428106229876,0.017536707504333386,0.10941278037453535,0.8941674642095492
selected,1329072484048480,22151208,oracle_matched_random,0.08330955692620359,0.9587858035501271,0.10386909409030301,1.0460123529195655,0.12480110646017924,0.964363106379775,True,True,True,True,True,8,56,372,19,0.19096692393598927,0.19283557698209836,0.0031438428106229876,0.017536707504333386,0.12775040743409208,0.9481931493044952
selected,1329072485048580,22151208,lidar_only,0.4188013304231194,3.513290920210788,0.41540812870566113,3.552149884650667,0.41540812870566113,3.552149884650667,False,False,False,True,True,7,49,343,0,0.21658283528790595,0.21539753711437234,0.002610965933379195,0.02118295373531213,0.4179937697753872,3.542758678189071
selected,1329072485048580,22151208,prediction_full,0.4188013304231194,3.513290920210788,0.41540812870566113,3.552149884650667,0.41509614484662455,3.5229831842072907,False,False,False,True,True,7,49,343,15,0.21658283528790595,0.2155078294802396,0.002610965933379195,0.02118295373531213,0.4176843187878396,3.513407381506998
selected,1329072485048580,22151208,prediction_common,0.4188013304231194,3.513290920210788,0.41540812870566113,3.552149884650667,0.41979886082661255,3.5355626758905094,False,False,False,True,True,7,49,343,25,0.21658283528790595,0.2156404203394383,0.002610965933379195,0.02118295373531213,0.4223880586364142,3.5259002513186077
selected,1329072485048580,22151208,oracle_prediction,0.4188013304231194,3.513290920210788,0.41540812870566113,3.552149884650667,0.40744502258173837,3.3569954055112965,False,False,False,True,True,8,56,343,9,0.21658283528790595,0.2209746366554065,0.002610965933379195,0.02118295373531213,0.4100288471180982,3.347072531363422
selected,1329072485048580,22151208,oracle_matched_random,0.4188013304231194,3.513290920210788,0.41540812870566113,3.552149884650667,0.4346802552889727,3.495063738582312,False,False,False,True,True,8,56,343,5,0.21658283528790595,0.21780114733687544,0.002610965933379195,0.02118295373531213,0.4372668904155914,3.4848870772464426
selected,1329072486048680,22151208,lidar_only,0.09314592242065174,0.49125143104397195,0.08307817947947918,0.463575698181656,0.08307817947947918,0.463575698181656,True,True,True,True,True,7,49,321,0,0.19544030820145344,0.19464733260313852,1.2786610378393434e-05,9.411891844138263e-08,0.08306695752413855,0.46357574856635025
selected,1329072486048680,22151208,prediction_full,0.09314592242065174,0.49125143104397195,0.08307817947947918,0.463575698181656,0.08189920283288783,0.4439354185035719,True,True,True,True,True,7,49,321,14,0.19544030820145344,0.19485600836799283,1.2786610378393434e-05,9.411891844138263e-08,0.08188800780868591,0.4439354732362347
selected,1329072486048680,22151208,prediction_common,0.09314592242065174,0.49125143104397195,0.08307817947947918,0.463575698181656,0.08167259132382376,0.46306601857964214,True,True,True,True,True,7,49,321,37,0.19544030820145344,0.19484536788568574,1.2786610378393434e-05,9.411891844138263e-08,0.08166147861266095,0.4630660753611698
selected,1329072486048680,22151208,oracle_prediction,0.09314592242065174,0.49125143104397195,0.08307817947947918,0.463575698181656,0.07906746343809094,0.3652343355517135,True,True,True,True,True,8,56,321,29,0.19544030820145344,0.19745498428683356,1.2786610378393434e-05,9.411891844138263e-08,0.07905529891037702,0.3652344017884948
selected,1329072486048680,22151208,oracle_matched_random,0.09314592242065174,0.49125143104397195,0.08307817947947918,0.463575698181656,0.07894750219433212,0.4796104062483103,True,True,True,True,True,7,49,321,9,0.19544030820145344,0.19521073669784275,1.2786610378393434e-05,9.411891844138263e-08,0.07893643833430006,0.479610463486847
selected,1329072487048768,22151208,lidar_only,0.10413401554655817,0.5896894663932044,0.10728249116568474,0.5703125900362072,0.10728249116568474,0.5703125900362072,True,True,True,True,True,6,42,375,0,0.209674584260287,0.20950197534381595,0.006568552559217799,0.03697518244083498,0.11367298420866462,0.5965702961098149
selected,1329072487048768,22151208,prediction_full,0.10413401554655817,0.5896894663932044,0.10728249116568474,0.5703125900362072,0.11183068260677817,0.5958120726208805,True,True,True,True,True,6,42,375,13,0.209674584260287,0.2096228656049607,0.006568552559217799,0.03697518244083498,0.1181661056160737,0.62316673099348
selected,1329072487048768,22151208,prediction_common,0.10413401554655817,0.5896894663932044,0.10728249116568474,0.5703125900362072,0.11223716332238451,0.5647781366314822,True,True,True,True,True,7,49,375,22,0.209674584260287,0.209738395639349,0.006568552559217799,0.03697518244083498,0.11858790494831904,0.5908430928375472
selected,1329072487048768,22151208,oracle_prediction,0.10413401554655817,0.5896894663932044,0.10728249116568474,0.5703125900362072,0.13816082289411202,0.5429132104730189,True,True,True,True,True,8,56,375,21,0.209674584260287,0.220943649479287,0.006568552559217799,0.03697518244083498,0.14426798952635936,0.5657692483716269
selected,1329072487048768,22151208,oracle_matched_random,0.10413401554655817,0.5896894663932044,0.10728249116568474,0.5703125900362072,0.13132611977688732,0.5786764158241143,True,True,True,True,True,7,49,375,5,0.209674584260287,0.21262430260895476,0.006568552559217799,0.03697518244083498,0.13752270366189237,0.6078930017637821
selected,1329072488048879,22151208,lidar_only,0.11843647153943117,0.9498020815219517,0.1382083875188176,1.104369717533277,0.1382083875188176,1.104369717533277,True,True,True,True,True,7,49,296,0,0.19724490191961283,0.19525793058637148,0.002975613635190926,0.009579932934635575,0.14040365963088708,1.113650889721067
selected,1329072488048879,22151208,prediction_full,0.11843647153943117,0.9498020815219517,0.1382083875188176,1.104369717533277,0.14246902802286168,1.124332604432039,True,True,True,True,True,8,56,296,21,0.19724490191961283,0.19537953123877866,0.002975613635190926,0.009579932934635575,0.14465710597346665,1.1335842358098724
selected,1329072488048879,22151208,prediction_common,0.11843647153943117,0.9498020815219517,0.1382083875188176,1.104369717533277,0.14962849902527448,1.078394988444867,True,True,True,True,True,8,56,296,23,0.19724490191961283,0.19592689627780038,0.002975613635190926,0.009579932934635575,0.15181082407486315,1.0876618163543603
selected,1329072488048879,22151208,oracle_prediction,0.11843647153943117,0.9498020815219517,0.1382083875188176,1.104369717533277,0.16943034606083537,0.7197107760541231,True,True,True,True,True,7,49,296,20,0.19724490191961283,0.21579550444045403,0.002975613635190926,0.009579932934635575,0.17157319214019737,0.7288424873036468
selected,1329072488048879,22151208,oracle_matched_random,0.11843647153943117,0.9498020815219517,0.1382083875188176,1.104369717533277,0.14566889864927257,1.1133386569288275,True,True,True,True,True,7,49,296,1,0.19724490191961283,0.1957138873654817,0.002975613635190926,0.009579932934635575,0.14771459173871934,1.1226777824242988
selected,1329072489049003,22151208,lidar_only,0.24102625676884581,1.1109235567111575,0.26097072330962295,1.033180615771958,0.26097072330962295,1.033180615771958,True,True,True,True,True,8,56,239,0,0.1466288032207428,0.1434862403920571,0.004253308291427718,0.023101448481164393,0.25694610085055375,1.0468375277672408
selected,1329072489049003,22151208,prediction_full,0.24102625676884581,1.1109235567111575,0.26097072330962295,1.033180615771958,0.2620919147051599,1.0385342729474694,True,True,True,True,True,8,56,239,15,0.1466288032207428,0.14349946272103473,0.004253308291427718,0.023101448481164393,0.2580697707460044,1.0522059341545207
selected,1329072489049003,22151208,prediction_common,0.24102625676884581,1.1109235567111575,0.26097072330962295,1.033180615771958,0.2537856228284509,1.0598464710583184,True,True,True,True,True,8,56,239,29,0.1466288032207428,0.14363947347173525,0.004253308291427718,0.023101448481164393,0.249739188859271,1.0741314368950383
selected,1329072489049003,22151208,oracle_prediction,0.24102625676884581,1.1109235567111575,0.26097072330962295,1.033180615771958,0.21710028803414244,1.1396029093504685,True,True,True,True,True,7,49,239,27,0.1466288032207428,0.14804324484175843,0.004253308291427718,0.023101448481164393,0.21304952488093726,1.15668826624241
selected,1329072489049003,22151208,oracle_matched_random,0.24102625676884581,1.1109235567111575,0.26097072330962295,1.033180615771958,0.25617940113191984,1.0513729989669118,True,True,True,True,True,7,49,239,5,0.1466288032207428,0.14446408687088033,0.004253308291427718,0.023101448481164393,0.2521404697416084,1.0655528229378484
selected,1329072490049078,22151208,lidar_only,0.1814622027659391,1.244796297932121,0.18083019031441558,1.3503834555585799,0.18083019031441558,1.3503834555585799,True,True,True,True,True,7,49,355,0,0.23549765398028225,0.23434804691780683,0.0009987330390441053,0.00173851060605081,0.1809490567928002,1.35142313286922
selected,1329072490049078,22151208,prediction_full,0.1814622027659391,1.244796297932121,0.18083019031441558,1.3503834555585799,0.18270018733699658,1.3461998280823464,True,True,True,True,True,7,49,355,24,0.23549765398028225,0.23448121566730035,0.0009987330390441053,0.00173851060605081,0.18283399014006088,1.3472282204001234
selected,1329072490049078,22151208,prediction_common,0.1814622027659391,1.244796297932121,0.18083019031441558,1.3503834555585799,0.18680217024706497,1.286613040890757,True,True,True,True,True,7,49,355,48,0.23549765398028225,0.2352099880156934,0.0009987330390441053,0.00173851060605081,0.18693155543494683,1.287654072298659
selected,1329072490049078,22151208,oracle_prediction,0.1814622027659391,1.244796297932121,0.18083019031441558,1.3503834555585799,0.21116195909124583,1.1274703056052864,True,True,True,True,True,8,56,355,46,0.23549765398028225,0.24818357326388077,0.0009987330390441053,0.00173851060605081,0.21130522951634834,1.1284892492766676
selected,1329072490049078,22151208,oracle_matched_random,0.1814622027659391,1.244796297932121,0.18083019031441558,1.3503834555585799,0.18123389096903164,1.1959776338223738,True,True,True,True,True,7,49,355,19,0.23549765398028225,0.2369085469024628,0.0009987330390441053,0.00173851060605081,0.1813295101449273,1.1970868250455904
selected,1329072491049176,22151208,lidar_only,0.04452001900494681,0.9976519481737701,0.046289278135198904,0.9630104168525512,0.046289278135198904,0.9630104168525512,True,True,True,True,True,7,49,284,0,0.19366722835155048,0.1914689354449521,0.004214290868122075,0.035241107888073844,0.04360712113052844,0.9281743551303079
selected,1329072491049176,22151208,prediction_full,0.04452001900494681,0.9976519481737701,0.046289278135198904,0.9630104168525512,0.04414950772990751,0.9695689319507242,True,True,True,True,True,7,49,284,32,0.19366722835155048,0.19258607593715057,0.004214290868122075,0.035241107888073844,0.04141523188701514,0.9346567068144027
selected,1329072491049176,22151208,prediction_common,0.04452001900494681,0.9976519481737701,0.046289278135198904,0.9630104168525512,0.043045394192528126,0.9601149595846724,True,True,True,True,True,7,49,284,42,0.19366722835155048,0.19166645061248874,0.004214290868122075,0.035241107888073844,0.04014095202656591,0.9251811556756003
selected,1329072491049176,22151208,oracle_prediction,0.04452001900494681,0.9976519481737701,0.046289278135198904,0.9630104168525512,0.05204386601016065,0.8518531135665175,True,True,True,True,True,8,56,284,34,0.19366722835155048,0.19920667994866523,0.004214290868122075,0.035241107888073844,0.04801448616178691,0.816653016950069
selected,1329072491049176,22151208,oracle_matched_random,0.04452001900494681,0.9976519481737701,0.046289278135198904,0.9630104168525512,0.05140833047559841,0.927232904100606,True,True,True,True,True,7,49,284,16,0.19366722835155048,0.19423028971620235,0.004214290868122075,0.035241107888073844,0.04839496372867586,0.8927983232881813
selected,1329072492049278,22151208,lidar_only,0.2046808310815054,0.8030145646219995,0.21018454035221104,0.8668942236863817,0.21018454035221104,0.8668942236863817,True,True,True,True,True,8,56,213,0,0.1637260383044856,0.16195161395398744,0.004851259298053273,0.04943018377898314,0.20612442738056447,0.8984134377243526
selected,1329072492049278,22151208,prediction_full,0.2046808310815054,0.8030145646219995,0.21018454035221104,0.8668942236863817,0.20151453361279975,0.8007869858245442,True,True,True,True,True,8,56,213,22,0.1637260383044856,0.16295027938373505,0.004851259298053273,0.04943018377898314,0.1973343981113482,0.8364078872399844
selected,1329072492049278,22151208,prediction_common,0.2046808310815054,0.8030145646219995,0.21018454035221104,0.8668942236863817,0.20446080613677195,0.8204391083709799,True,True,True,True,True,7,49,213,35,0.1637260383044856,0.16337562759975116,0.004851259298053273,0.04943018377898314,0.20018733878691047,0.857884760207335
selected,1329072492049278,22151208,oracle_prediction,0.2046808310815054,0.8030145646219995,0.21018454035221104,0.8668942236863817,0.18704418429615327,0.6341705358146739,True,True,True,True,True,8,56,213,25,0.1637260383044856,0.17451081266791177,0.004851259298053273,0.04943018377898314,0.18334334177475367,0.6751302861291216
selected,1329072492049278,22151208,oracle_matched_random,0.2046808310815054,0.8030145646219995,0.21018454035221104,0.8668942236863817,0.1983105058433859,0.785521325067163,True,True,True,True,True,7,49,213,9,0.1637260383044856,0.1652665001762278,0.004851259298053273,0.04943018377898314,0.1939633006985225,0.8250431107006834
selected,1329072493049365,22151208,lidar_only,0.10726840194283352,1.575170065238366,0.12385867279432697,1.582762729217719,0.12385867279432697,1.582762729217719,True,True,True,True,True,8,56,310,0,0.218476596363083,0.21674259821279082,0.004687297146052844,0.011909691955330013,0.12353468204392008,1.5807649481293333
selected,1329072493049365,22151208,prediction_full,0.10726840194283352,1.575170065238366,0.12385867279432697,1.582762729217719,0.12643143348933708,1.5702696177285937,True,True,True,True,True,8,56,310,26,0.218476596363083,0.2169881181173043,0.004687297146052844,0.011909691955330013,0.12614931985893268,1.5682251388419417
selected,1329072493049365,22151208,prediction_common,0.10726840194283352,1.575170065238366,0.12385867279432697,1.582762729217719,0.1275441403030773,1.5714532261575667,True,True,True,True,True,8,56,310,43,0.218476596363083,0.21711770571646413,0.004687297146052844,0.011909691955330013,0.12720221715474792,1.5692844066687857
selected,1329072493049365,22151208,oracle_prediction,0.10726840194283352,1.575170065238366,0.12385867279432697,1.582762729217719,0.15155055307219567,1.514492654126908,True,True,True,True,True,8,56,310,38,0.218476596363083,0.22256980565636003,0.004687297146052844,0.011909691955330013,0.1510576613230185,1.5124162154332166
selected,1329072493049365,22151208,oracle_matched_random,0.10726840194283352,1.575170065238366,0.12385867279432697,1.582762729217719,0.1457379245556547,1.5077983699297877,True,True,True,True,True,8,56,310,12,0.218476596363083,0.22130418759792136,0.004687297146052844,0.011909691955330013,0.14485458920462574,1.5053138443944938
selected,1329072494049476,22151208,lidar_only,0.1335385386622637,1.4068446197126794,0.13273713361682454,1.4707543845107351,0.13273713361682454,1.4707543845107351,True,True,True,True,True,7,49,257,0,0.16800887885546367,0.16684088346178114,0.005538046447556045,0.038132555527890015,0.13153800110376354,1.4396244549264579
selected,1329072494049476,22151208,prediction_full,0.1335385386622637,1.4068446197126794,0.13273713361682454,1.4707543845107351,0.1389783525254044,1.4579791070992403,True,True,True,True,True,7,49,257,35,0.16800887885546367,0.16734643320252213,0.005538046447556045,0.038132555527890015,0.13795847124375918,1.4265708534476407
selected,1329072494049476,22151208,prediction_common,0.1335385386622637,1.4068446197126794,0.13273713361682454,1.4707543845107351,0.1236546908664572,1.4805730463616162,True,True,True,True,True,8,56,257,46,0.16800887885546367,0.1675704369648722,0.005538046447556045,0.038132555527890015,0.12197429701891635,1.4507126668638552
selected,1329072494049476,22151208,oracle_prediction,0.1335385386622637,1.4068446197126794,0.13273713361682454,1.4707543845107351,0.12667377176843284,1.3766709807651982,True,True,True,True,True,7,49,257,35,0.16800887885546367,0.16964262897212043,0.005538046447556045,0.038132555527890015,0.12587563088637094,1.3486308378740968
selected,1329072494049476,22151208,oracle_matched_random,0.1335385386622637,1.4068446197126794,0.13273713361682454,1.4707543845107351,0.14272053115592812,1.4344511570171994,True,True,True,True,True,7,49,257,14,0.16800887885546367,0.1684439134305473,0.005538046447556045,0.038132555527890015,0.14169986320921546,1.4036993779881846
selected,1329072495049593,22151208,lidar_only,0.18620775843357953,0.6477051371428972,0.17279940546545364,0.6438581340500665,0.17279940546545364,0.6438581340500665,True,True,True,True,True,7,49,309,0,0.20728347928681815,0.20397722145412722,0.004034904088101284,0.012070014570498666,0.169481175967989,0.6538972671408625
selected,1329072495049593,22151208,prediction_full,0.18620775843357953,0.6477051371428972,0.17279940546545364,0.6438581340500665,0.17469871153130442,0.6715852159506963,True,True,True,True,True,7,49,309,30,0.20728347928681815,0.2041927220261917,0.004034904088101284,0.012070014570498666,0.17137328458442,0.6815832390217774
selected,1329072495049593,22151208,prediction_common,0.18620775843357953,0.6477051371428972,0.17279940546545364,0.6438581340500665,0.1795887411352236,0.6779369563186,True,True,True,True,True,7,49,309,58,0.20728347928681815,0.2044077273979729,0.004034904088101284,0.012070014570498666,0.17631546412906215,0.6883049413624545
selected,1329072495049593,22151208,oracle_prediction,0.18620775843357953,0.6477051371428972,0.17279940546545364,0.6438581340500665,0.1677250810717867,0.7570308003020421,True,True,True,True,True,7,49,309,51,0.20728347928681815,0.20604334085415124,0.004034904088101284,0.012070014570498666,0.16451550829432462,0.7673972322628206
selected,1329072495049593,22151208,oracle_matched_random,0.18620775843357953,0.6477051371428972,0.17279940546545364,0.6438581340500665,0.18778041232302417,0.7136796403687816,True,True,True,True,True,7,49,309,23,0.20728347928681815,0.20595503414388308,0.004034904088101284,0.012070014570498666,0.18454752161580448,0.7243788405233055
selected,1329072496049699,22151208,lidar_only,0.11672733293502507,0.8442250910344729,0.1090687161826805,0.8132244699207751,0.1090687161826805,0.8132244699207751,True,True,True,True,True,7,49,243,0,0.17139109051679158,0.17015374969754762,0.003349376289873634,0.03223747553426295,0.10744920349709132,0.781161233592814
selected,1329072496049699,22151208,prediction_full,0.11672733293502507,0.8442250910344729,0.1090687161826805,0.8132244699207751,0.10798892233700055,0.7918019465101237,True,True,True,True,True,7,49,243,27,0.17139109051679158,0.17040731146896243,0.003349376289873634,0.03223747553426295,0.10642434875521448,0.7599192769488371
selected,1329072496049699,22151208,prediction_common,0.11672733293502507,0.8442250910344729,0.1090687161826805,0.8132244699207751,0.11680903665922465,0.8051948281373278,True,True,True,True,True,7,49,243,53,0.17139109051679158,0.17046667598143508,0.003349376289873634,0.03223747553426295,0.11522867974140823,0.7731365539933204
selected,1329072496049699,22151208,oracle_prediction,0.11672733293502507,0.8442250910344729,0.1090687161826805,0.8132244699207751,0.1121242675625206,0.7662968354046737,True,True,True,True,True,7,49,243,47,0.17139109051679158,0.17244584391115325,0.003349376289873634,0.03223747553426295,0.11082949172034502,0.7345902381099616
selected,1329072496049699,22151208,oracle_matched_random,0.11672733293502507,0.8442250910344729,0.1090687161826805,0.8132244699207751,0.1216129444998628,0.7933595725326691,True,True,True,True,True,7,49,243,22,0.17139109051679158,0.17295895116205356,0.003349376289873634,0.03223747553426295,0.12035660255954,0.7618521558893846
selected,1329072497049763,22151208,lidar_only,0.2316266234536323,0.41872299491896653,0.22004523978434185,0.5685272827440815,0.22004523978434185,0.5685272827440815,True,True,True,True,True,9,63,159,0,0.11917098045041884,0.1134436372596331,1.3290134862186622e-05,6.65689026321822e-08,0.22003599647032382,0.5685273219992543
selected,1329072497049763,22151208,prediction_full,0.2316266234536323,0.41872299491896653,0.22004523978434185,0.5685272827440815,0.2155198900045276,0.5764444326010816,True,True,True,True,True,9,63,159,19,0.11917098045041884,0.11349909365055348,1.3290134862186622e-05,6.65689026321822e-08,0.21551062146426464,0.5764444719329282
selected,1329072497049763,22151208,prediction_common,0.2316266234536323,0.41872299491896653,0.22004523978434185,0.5685272827440815,0.22693086365930898,0.5270323507296738,True,True,True,True,True,8,56,159,48,0.11917098045041884,0.11388969074933455,1.3290134862186622e-05,6.65689026321822e-08,0.22692191980003784,0.5270323852061667
selected,1329072497049763,22151208,oracle_prediction,0.2316266234536323,0.41872299491896653,0.22004523978434185,0.5685272827440815,0.20375611207368075,0.4483283712891937,True,True,True,True,True,7,49,159,42,0.11917098045041884,0.11906722869215809,1.3290134862186622e-05,6.65689026321822e-08,0.20374824785441573,0.44832838753850274
selected,1329072497049763,22151208,oracle_matched_random,0.2316266234536323,0.41872299491896653,0.22004523978434185,0.5685272827440815,0.2370415080883611,0.4606776919542769,True,True,True,True,True,8,56,159,14,0.11917098045041884,0.11522350073315396,1.3290134862186622e-05,6.65689026321822e-08,0.23703246208348167,0.46067772132979273
selected,1329072498049865,22151208,lidar_only,0.15453546119385453,1.3858681419366554,0.1663214392049453,1.4719687749242865,0.1663214392049453,1.4719687749242865,True,True,True,True,True,7,49,280,0,0.20114548385872483,0.19894425594672632,0.00509305948292036,0.035109819701736024,0.1649639291369313,1.4434078807861352
selected,1329072498049865,22151208,prediction_full,0.15453546119385453,1.3858681419366554,0.1663214392049453,1.4719687749242865,0.1663406939177422,1.4988435453389866,True,True,True,True,True,8,56,280,24,0.20114548385872483,0.19937751732694642,0.00509305948292036,0.035109819701736024,0.16484680197464854,1.4709980222233654
selected,1329072498049865,22151208,prediction_common,0.15453546119385453,1.3858681419366554,0.1663214392049453,1.4719687749242865,0.17049333895461247,1.4811378752201485,True,True,True,True,True,8,56,280,41,0.20114548385872483,0.19903402637270917,0.00509305948292036,0.035109819701736024,0.16902872808079356,1.4524829285007
selected,1329072498049865,22151208,oracle_prediction,0.15453546119385453,1.3858681419366554,0.1663214392049453,1.4719687749242865,0.18463511333750407,1.4639670371246614,True,True,True,True,True,8,56,280,36,0.20114548385872483,0.2008229229462728,0.00509305948292036,0.035109819701736024,0.1828707166310938,1.4350507681616447
selected,1329072498049865,22151208,oracle_matched_random,0.15453546119385453,1.3858681419366554,0.1663214392049453,1.4719687749242865,0.1775060704760302,1.459520266465369,True,True,True,True,True,7,49,280,17,0.20114548385872483,0.19982611488833812,0.00509305948292036,0.035109819701736024,0.17627900203847846,1.4304822042370866
selected,1329072499049966,22151208,lidar_only,0.24084524388826892,0.9984889605803507,0.23503859698551122,1.0631706702404502,0.23503859698551122,1.0631706702404502,True,True,True,True,True,8,56,199,0,0.14895639051596957,0.14509166981260654,0.0016431077386153767,0.0016298005409312439,0.23364090465805076,1.064281193967523
selected,1329072499049966,22151208,prediction_full,0.24084524388826892,0.9984889605803507,0.23503859698551122,1.0631706702404502,0.23539229437673492,0.9981582755692059,True,True,True,True,True,8,56,199,36,0.14895639051596957,0.14558277624537713,0.0016431077386153767,0.0016298005409312439,0.23398906635386593,0.9992042644443835
selected,1329072499049966,22151208,prediction_common,0.24084524388826892,0.9984889605803507,0.23503859698551122,1.0631706702404502,0.23677753449134745,1.0497752832142568,True,True,True,True,True,8,56,199,58,0.14895639051596957,0.14514526380990833,0.0016431077386153767,0.0016298005409312439,0.2353689373909916,1.0508858364978306
selected,1329072499049966,22151208,oracle_prediction,0.24084524388826892,0.9984889605803507,0.23503859698551122,1.0631706702404502,0.19335080914858654,1.0549379458481758,True,True,True,True,True,8,56,199,47,0.14895639051596957,0.15039082528269387,0.0016431077386153767,0.0016298005409312439,0.19198578834331814,1.0560946398542495
selected,1329072499049966,22151208,oracle_matched_random,0.24084524388826892,0.9984889605803507,0.23503859698551122,1.0631706702404502,0.23451650623170917,1.0697538971577463,True,True,True,True,True,8,56,199,22,0.14895639051596957,0.14826911006823662,0.0016431077386153767,0.0016298005409312439,0.23315202356281703,1.0708806535022466
selected,1329072500050065,22151208,lidar_only,0.21901384547136948,2.4390786508026467,0.2068926121190335,2.2893502817215854,0.2068926121190335,2.2893502817215854,False,False,False,True,True,7,49,161,0,0.12444585429042347,0.12308517200644603,0.007303086934449621,0.05181727797778325,0.21416004930335797,2.3279348646337477
selected,1329072500050065,22151208,prediction_full,0.21901384547136948,2.4390786508026467,0.2068926121190335,2.2893502817215854,0.21402680134418706,2.303325982606815,False,False,False,True,True,7,49,161,17,0.12444585429042347,0.12325267874339284,0.007303086934449621,0.05181727797778325,0.22127777758205577,2.3423648734906153
selected,1329072500050065,22151208,prediction_common,0.21901384547136948,2.4390786508026467,0.2068926121190335,2.2893502817215854,0.20714991196765506,2.282404854729353,False,False,False,True,True,8,56,161,43,0.12444585429042347,0.12395259453275684,0.007303086934449621,0.05181727797778325,0.21440070793939267,2.319988967923581
selected,1329072500050065,22151208,oracle_prediction,0.21901384547136948,2.4390786508026467,0.2068926121190335,2.2893502817215854,0.17573345035849,2.2259714985478216,False,False,False,True,True,10,70,161,27,0.12444585429042347,0.15254763194352866,0.007303086934449621,0.05181727797778325,0.18289445206266655,2.2556760743779747
selected,1329072500050065,22151208,oracle_matched_random,0.21901384547136948,2.4390786508026467,0.2068926121190335,2.2893502817215854,0.18515145110021794,2.2735272412821326,False,False,False,True,True,8,56,161,9,0.12444585429042347,0.12479323066742082,0.007303086934449621,0.05181727797778325,0.19243864817127954,2.3100824712992734
selected,1329072501050177,22151208,lidar_only,0.3869436078727511,1.9351057611163371,0.363507045681896,1.9494207373567722,0.363507045681896,1.9494207373567722,True,True,True,True,True,8,56,197,0,0.14445805761659838,0.14247811012331404,0.004081416938989854,0.07340658058900276,0.367518632769964,1.9299150994985488
selected,1329072501050177,22151208,prediction_full,0.3869436078727511,1.9351057611163371,0.363507045681896,1.9494207373567722,0.3654449629112485,1.988465474631118,True,True,True,True,True,8,56,197,28,0.14445805761659838,0.14260023941366642,0.004081416938989854,0.07340658058900276,0.3694515344119202,1.969261259797506
selected,1329072501050177,22151208,prediction_common,0.3869436078727511,1.9351057611163371,0.363507045681896,1.9494207373567722,0.36389331386576335,1.9220676575972437,True,True,True,True,True,8,56,197,29,0.14445805761659838,0.14288352564059778,0.004081416938989854,0.07340658058900276,0.3678812717734925,1.902290321966258
selected,1329072501050177,22151208,oracle_prediction,0.3869436078727511,1.9351057611163371,0.363507045681896,1.9494207373567722,0.3438139795421875,1.8092461083839209,True,True,True,True,True,8,56,197,19,0.14445805761659838,0.14742451644881943,0.004081416938989854,0.07340658058900276,0.34779937328048777,1.7874670125427714
selected,1329072501050177,22151208,oracle_matched_random,0.3869436078727511,1.9351057611163371,0.363507045681896,1.9494207373567722,0.3638333793551034,1.95169181373875,True,True,True,True,True,8,56,197,5,0.14445805761659838,0.14579841895738097,0.004081416938989854,0.07340658058900276,0.3677945854454413,1.9317758471135278
selected,1329072502050270,22151208,lidar_only,0.2867016487834914,1.9321600398504888,0.2862353188748741,1.8485845615770569,0.2862353188748741,1.8485845615770569,True,True,True,True,True,8,56,107,0,0.0764754170283615,0.07342793512640848,0.0012866859644390363,0.0028537880045592674,0.287404625115152,1.8475481101798072
selected,1329072502050270,22151208,prediction_full,0.2867016487834914,1.9321600398504888,0.2862353188748741,1.8485845615770569,0.2956606833184029,1.8395921853037391,True,True,True,True,True,8,56,107,18,0.0764754170283615,0.07356291140458208,0.0012866859644390363,0.0028537880045592674,0.29682811877752613,1.8384914146744709
selected,1329072502050270,22151208,prediction_common,0.2867016487834914,1.9321600398504888,0.2862353188748741,1.8485845615770569,0.2795871450034677,1.9046413915677027,True,True,True,True,True,8,56,107,23,0.0764754170283615,0.07444097860525212,0.0012866859644390363,0.0028537880045592674,0.28071874524580176,1.903813025360464
selected,1329072502050270,22151208,oracle_prediction,0.2867016487834914,1.9321600398504888,0.2862353188748741,1.8485845615770569,0.2011693414608287,1.8423349400694222,True,True,True,True,True,8,56,107,16,0.0764754170283615,0.09263303309325063,0.0012866859644390363,0.0028537880045592674,0.20217686713525596,1.8418540245134163
selected,1329072502050270,22151208,oracle_matched_random,0.2867016487834914,1.9321600398504888,0.2862353188748741,1.8485845615770569,0.2793333994152927,2.196863639720528,True,True,False,True,True,9,63,107,7,0.0764754170283615,0.08549521176050566,0.0012866859644390363,0.0028537880045592674,0.280340645186378,2.196547325735658
selected,1329072503050385,22151208,lidar_only,0.05576245275164298,1.5063865373143421,0.05028697669737331,1.5244826912096718,0.05028697669737331,1.5244826912096718,True,True,True,True,True,7,49,283,0,0.17404549633501923,0.1733668445846462,0.006471022970804589,0.045347896698910053,0.04685548913314972,1.5663420207486847
selected,1329072503050385,22151208,prediction_full,0.05576245275164298,1.5063865373143421,0.05028697669737331,1.5244826912096718,0.05808269528757114,1.43180903744701,True,True,True,True,True,7,49,283,32,0.17404549633501923,0.17432261661115914,0.006471022970804589,0.045347896698910053,0.05496690364437134,1.4730248133646182
selected,1329072503050385,22151208,prediction_common,0.05576245275164298,1.5063865373143421,0.05028697669737331,1.5244826912096718,0.04934545678796999,1.5548025789948958,True,True,True,True,True,7,49,283,21,0.17404549633501923,0.1736029440922557,0.006471022970804589,0.045347896698910053,0.046685122156391264,1.5967938907889276
selected,1329072503050385,22151208,oracle_prediction,0.05576245275164298,1.5063865373143421,0.05028697669737331,1.5244826912096718,0.06390927631001565,1.5583054360199704,True,True,True,True,True,8,56,283,12,0.17404549633501923,0.18308114386348798,0.006471022970804589,0.045347896698910053,0.06083930074719539,1.5996865226022552
selected,1329072503050385,22151208,oracle_matched_random,0.05576245275164298,1.5063865373143421,0.05028697669737331,1.5244826912096718,0.04953237886509185,1.5473886108224542,True,True,True,True,True,7,49,283,1,0.17404549633501923,0.17358032556939731,0.006471022970804589,0.045347896698910053,0.0462461966831572,1.5897567233803098
selected,1329072504050472,22151208,lidar_only,0.0951412524091456,1.5855309922628351,0.09670343926973612,1.538937339401134,0.09670343926973612,1.538937339401134,True,True,True,True,True,7,49,329,0,0.19659869623187481,0.1957207967083574,0.004887245958645772,0.02694784708602905,0.09641033897482292,1.5641303508028481
selected,1329072504050472,22151208,prediction_full,0.0951412524091456,1.5855309922628351,0.09670343926973612,1.538937339401134,0.09944648262457784,1.5001767955668999,True,True,True,True,True,7,49,329,29,0.19659869623187481,0.196115627485902,0.004887245958645772,0.02694784708602905,0.09903039005214224,1.5250835927677258
selected,1329072504050472,22151208,prediction_common,0.0951412524091456,1.5855309922628351,0.09670343926973612,1.538937339401134,0.09879346574000886,1.5354240723906596,True,True,True,True,True,7,49,329,19,0.19659869623187481,0.1957710797615922,0.004887245958645772,0.02694784708602905,0.098472709371398,1.5605457333267798
selected,1329072504050472,22151208,oracle_prediction,0.0951412524091456,1.5855309922628351,0.09670343926973612,1.538937339401134,0.09668954411909934,1.4326026648612034,True,True,True,True,True,8,56,329,12,0.19659869623187481,0.20258261942294103,0.004887245958645772,0.02694784708602905,0.09629046499877678,1.457813819109172
selected,1329072504050472,22151208,oracle_matched_random,0.0951412524091456,1.5855309922628351,0.09670343926973612,1.538937339401134,0.08813036404698726,1.5935990260003732,True,True,True,True,True,8,56,329,1,0.19659869623187481,0.2002706157480236,0.004887245958645772,0.02694784708602905,0.08888267185782321,1.6190001380775954
selected,1329072505050576,22151208,lidar_only,0.05300325752610303,1.5296410184115183,0.05443586546404031,1.6025364725793017,0.05443586546404031,1.6025364725793017,True,True,True,True,True,7,49,335,0,0.18062576798632948,0.1789243176830349,0.00235421639485342,0.01617150171447129,0.05460311089914293,1.587337789997042
selected,1329072505050576,22151208,prediction_full,0.05300325752610303,1.5296410184115183,0.05443586546404031,1.6025364725793017,0.05348157915134504,1.5547082640340633,True,True,True,True,True,7,49,335,36,0.18062576798632948,0.17941951802612452,0.00235421639485342,0.01617150171447129,0.053632004127242706,1.539350823888594
selected,1329072505050576,22151208,prediction_common,0.05300325752610303,1.5296410184115183,0.05443586546404031,1.6025364725793017,0.05410956544981986,1.591540721668083,True,True,True,True,True,7,49,335,17,0.18062576798632948,0.17898877474442446,0.00235421639485342,0.01617150171447129,0.05425401360958794,1.5763159183246862
selected,1329072505050576,22151208,oracle_prediction,0.05300325752610303,1.5296410184115183,0.05443586546404031,1.6025364725793017,0.055648314875421406,1.4329042252799529,True,True,True,True,True,8,56,335,16,0.18062576798632948,0.18980467947747165,0.00235421639485342,0.01617150171447129,0.05572304703489803,1.4174125458503033
selected,1329072505050576,22151208,oracle_matched_random,0.05300325752610303,1.5296410184115183,0.05443586546404031,1.6025364725793017,0.05898426632214782,1.5613523483759633,True,True,True,True,True,7,49,335,3,0.18062576798632948,0.18082337421976652,0.00235421639485342,0.01617150171447129,0.05940933585480968,1.5458262050260592
selected,1329072506050659,22151208,lidar_only,0.09434609318240139,1.6441412855835829,0.07529372427151741,1.694065403451314,0.07529372427151741,1.694065403451314,True,True,True,True,True,8,56,388,0,0.2062233229475649,0.20431046667526262,0.0007907431127869524,0.007048383289858853,0.07595110183031313,1.7008803007888424
selected,1329072506050659,22151208,prediction_full,0.09434609318240139,1.6441412855835829,0.07529372427151741,1.694065403451314,0.07744021506988148,1.716724788537876,True,True,True,True,True,8,56,388,27,0.2062233229475649,0.20456524038607943,0.0007907431127869524,0.007048383289858853,0.07811955071262788,1.7234902461041803
selected,1329072506050659,22151208,prediction_common,0.09434609318240139,1.6441412855835829,0.07529372427151741,1.694065403451314,0.07596458718975248,1.6723607972087402,True,True,True,True,True,8,56,388,23,0.2062233229475649,0.2044482147941611,0.0007907431127869524,0.007048383289858853,0.07660850105084414,1.6791999757859322
selected,1329072506050659,22151208,oracle_prediction,0.09434609318240139,1.6441412855835829,0.07529372427151741,1.694065403451314,0.07317370533709981,1.4335273296977251,True,True,True,True,True,8,56,388,17,0.2062233229475649,0.21703722211844753,0.0007907431127869524,0.007048383289858853,0.07383918270062739,1.4404296954785487
selected,1329072506050659,22151208,oracle_matched_random,0.09434609318240139,1.6441412855835829,0.07529372427151741,1.694065403451314,0.076153749491046,1.6848112951403698,True,True,True,True,True,8,56,388,1,0.2062233229475649,0.20443909548338016,0.0007907431127869524,0.007048383289858853,0.07681697916419779,1.6915952135583892
selected,1329072507050769,22151208,lidar_only,0.045000277968548844,1.3642118115500885,0.044123399590904465,1.322054551754808,0.044123399590904465,1.322054551754808,True,True,True,True,True,7,49,433,0,0.21341288452223195,0.21256479848177737,0.0038905873115672963,0.027432551826659938,0.04416471261278167,1.3475483242491715
selected,1329072507050769,22151208,prediction_full,0.045000277968548844,1.3642118115500885,0.044123399590904465,1.322054551754808,0.0444147100932442,1.3199257685630783,True,True,True,True,True,7,49,433,31,0.21341288452223195,0.21262248872646405,0.0038905873115672963,0.027432551826659938,0.04439582655238338,1.3454747266570977
selected,1329072507050769,22151208,prediction_common,0.045000277968548844,1.3642118115500885,0.044123399590904465,1.322054551754808,0.04264984402537981,1.3458797546018622,True,True,True,True,True,7,49,433,28,0.21341288452223195,0.21272646449296756,0.0038905873115672963,0.027432551826659938,0.042720622097905524,1.3712032780514962
selected,1329072507050769,22151208,oracle_prediction,0.045000277968548844,1.3642118115500885,0.044123399590904465,1.322054551754808,0.0326823097292282,1.3188097767367721,True,True,True,True,True,7,49,433,17,0.21341288452223195,0.21863221513964,0.0038905873115672963,0.027432551826659938,0.030807662287964676,1.3436527658209438
selected,1329072507050769,22151208,oracle_matched_random,0.045000277968548844,1.3642118115500885,0.044123399590904465,1.322054551754808,0.04063792161590882,1.3421695832787397,True,True,True,True,True,6,42,433,6,0.21341288452223195,0.2130150488271322,0.0038905873115672963,0.027432551826659938,0.040478796414002656,1.3673818426885063
selected,1329072508050860,22151208,lidar_only,0.07162853919412163,1.3893525104850855,0.07595986045397089,1.3771428447296885,0.07595986045397089,1.3771428447296885,True,True,True,True,True,7,49,479,0,0.2336111043032364,0.23290729245147576,0.006115862337054093,0.05176319329814078,0.07740242619827703,1.40165260328359
selected,1329072508050860,22151208,prediction_full,0.07162853919412163,1.3893525104850855,0.07595986045397089,1.3771428447296885,0.07354135282353809,1.3909388408576515,True,True,True,True,True,7,49,479,29,0.2336111043032364,0.2331667428767404,0.006115862337054093,0.05176319329814078,0.07515248603667964,1.4155066067946518
selected,1329072508050860,22151208,prediction_common,0.07162853919412163,1.3893525104850855,0.07595986045397089,1.3771428447296885,0.0729859014012223,1.3810785770091245,True,True,True,True,True,6,42,479,48,0.2336111043032364,0.23313947845147784,0.006115862337054093,0.05176319329814078,0.07399554403014683,1.4053551435573266
selected,1329072508050860,22151208,oracle_prediction,0.07162853919412163,1.3893525104850855,0.07595986045397089,1.3771428447296885,0.04950846564904442,1.245668127188567,True,True,True,True,True,8,56,479,31,0.2336111043032364,0.2450511230920526,0.006115862337054093,0.05176319329814078,0.04894319651427279,1.2744256305241781
selected,1329072508050860,22151208,oracle_matched_random,0.07162853919412163,1.3893525104850855,0.07595986045397089,1.3771428447296885,0.06292571985018323,1.3433367805554137,True,True,True,True,True,7,49,479,11,0.2336111043032364,0.23535587643000813,0.006115862337054093,0.05176319329814078,0.06352214106420781,1.3694589550511187
selected,1329072509050959,22151208,lidar_only,0.13840436813116744,2.628871570852423,0.12675495571933587,2.6474545234120215,0.12675495571933587,2.6474545234120215,False,False,False,True,True,7,49,336,0,0.18991241449484741,0.18899213826367373,0.00514568377034351,0.05238329247680855,0.12994281640534547,2.687890509589401
selected,1329072509050959,22151208,prediction_full,0.13840436813116744,2.628871570852423,0.12675495571933587,2.6474545234120215,0.13006101201075584,2.609878399592817,False,False,False,True,True,7,49,336,19,0.18991241449484741,0.18948319288619384,0.00514568377034351,0.05238329247680855,0.13332190228117832,2.6497377073790043
selected,1329072509050959,22151208,prediction_common,0.13840436813116744,2.628871570852423,0.12675495571933587,2.6474545234120215,0.12641563844584833,2.609040414367003,False,False,False,True,True,7,49,336,28,0.18991241449484741,0.18960175204124374,0.00514568377034351,0.05238329247680855,0.12965135507012163,2.64882567231941
selected,1329072509050959,22151208,oracle_prediction,0.13840436813116744,2.628871570852423,0.12675495571933587,2.6474545234120215,0.12906253209908128,2.247111273579976,False,False,False,True,True,10,70,336,19,0.18991241449484741,0.2155806592613571,0.00514568377034351,0.05238329247680855,0.1331578434620521,2.2861753687187907
selected,1329072509050959,22151208,oracle_matched_random,0.13840436813116744,2.628871570852423,0.12675495571933587,2.6474545234120215,0.13284323106760942,2.442678403638804,False,False,False,True,True,8,56,336,10,0.18991241449484741,0.195977049270166,0.00514568377034351,0.05238329247680855,0.13656301572509202,2.482326758238419
selected,1329072510051083,22151208,lidar_only,0.0552861087351836,1.2432747659767076,0.05083663312155558,1.1958414833197248,0.05083663312155558,1.1958414833197248,True,True,True,True,True,7,49,394,0,0.2063149639238521,0.20554435285764208,0.0032102418355369295,0.014322466957004102,0.05047655426828886,1.2030497106822995
selected,1329072510051083,22151208,prediction_full,0.0552861087351836,1.2432747659767076,0.05083663312155558,1.1958414833197248,0.05178950715348693,1.2066973861896306,True,True,True,True,True,7,49,394,16,0.2063149639238521,0.20558111388856826,0.0032102418355369295,0.014322466957004102,0.05133717440203451,1.2139048238475456
selected,1329072510051083,22151208,prediction_common,0.0552861087351836,1.2432747659767076,0.05083663312155558,1.1958414833197248,0.050528815569102506,1.1873339989227725,True,True,True,True,True,7,49,394,39,0.2063149639238521,0.2060632946489777,0.0032102418355369295,0.014322466957004102,0.04972941007537643,1.194436664931176
selected,1329072510051083,22151208,oracle_prediction,0.0552861087351836,1.2432747659767076,0.05083663312155558,1.1958414833197248,0.0441917754471223,0.9995692609766965,True,True,True,True,True,9,63,394,29,0.2063149639238521,0.2225400799403185,0.0032102418355369295,0.014322466957004102,0.04187159874173572,1.0081075465899303
selected,1329072510051083,22151208,oracle_matched_random,0.0552861087351836,1.2432747659767076,0.05083663312155558,1.1958414833197248,0.04111162976095525,1.1029226446465235,True,True,True,True,True,8,56,394,5,0.2063149639238521,0.20808011039706523,0.0032102418355369295,0.014322466957004102,0.04077228025353927,1.1105927708450636
selected,1329072511051190,22151208,lidar_only,0.10137073948484066,1.2407164343074806,0.1045492906289728,1.2348282274207543,0.1045492906289728,1.2348282274207543,True,True,True,True,True,7,49,493,0,0.2377635484219792,0.2360797689504099,0.0047452491944528444,0.010652323324674532,0.10085936253682067,1.2351631830746221
selected,1329072511051190,22151208,prediction_full,0.10137073948484066,1.2407164343074806,0.1045492906289728,1.2348282274207543,0.10503908792194977,1.2592437820069988,True,True,True,True,True,7,49,493,22,0.2377635484219792,0.23641165368709585,0.0047452491944528444,0.010652323324674532,0.1012615439585799,1.2595682344530492
selected,1329072511051190,22151208,prediction_common,0.10137073948484066,1.2407164343074806,0.1045492906289728,1.2348282274207543,0.10526124171380255,1.2442985965883164,True,True,True,True,True,7,49,493,31,0.2377635484219792,0.2361640997452732,0.0047452491944528444,0.010652323324674532,0.10153486255635688,1.2446490040647524
selected,1329072511051190,22151208,oracle_prediction,0.10137073948484066,1.2407164343074806,0.1045492906289728,1.2348282274207543,0.10164832963929514,1.2518444796254533,True,True,True,True,True,7,49,493,27,0.2377635484219792,0.23757992746286044,0.0047452491944528444,0.010652323324674532,0.09791597012656734,1.2524097545967117
selected,1329072511051190,22151208,oracle_matched_random,0.10137073948484066,1.2407164343074806,0.1045492906289728,1.2348282274207543,0.10345082530234083,1.229626200092928,True,True,True,True,True,7,49,493,7,0.2377635484219792,0.23617903910479981,0.0047452491944528444,0.010652323324674532,0.09980926158919716,1.2300622736719344
selected,1329072512051301,22151208,lidar_only,0.0806739882277169,4.037728064798435,0.04381849472848648,4.212060074500351,0.04381849472848648,4.212060074500351,False,False,False,True,True,8,56,281,0,0.15582259162085624,0.14916377663279573,0.005340892848301434,0.07506482720936782,0.04497579594353958,4.250739008876641
selected,1329072512051301,22151208,prediction_full,0.0806739882277169,4.037728064798435,0.04381849472848648,4.212060074500351,0.045099130396989706,4.194781342522309,False,False,False,True,True,8,56,281,19,0.15582259162085624,0.14954456934551758,0.005340892848301434,0.07506482720936782,0.046360891815903964,4.233853701351069
selected,1329072512051301,22151208,prediction_common,0.0806739882277169,4.037728064798435,0.04381849472848648,4.212060074500351,0.04517946126659482,4.204313436151683,False,False,False,True,True,8,56,281,25,0.15582259162085624,0.1493778960645401,0.005340892848301434,0.07506482720936782,0.046400782097400825,4.243149073624994
selected,1329072512051301,22151208,oracle_prediction,0.0806739882277169,4.037728064798435,0.04381849472848648,4.212060074500351,0.07487474208737328,4.056522448470081,False,False,False,True,True,8,56,281,18,0.15582259162085624,0.15567746599318588,0.005340892848301434,0.07506482720936782,0.07628318250671187,4.094755735445183
selected,1329072512051301,22151208,oracle_matched_random,0.0806739882277169,4.037728064798435,0.04381849472848648,4.212060074500351,0.04446742364393888,4.178189727361351,False,False,False,True,True,8,56,281,6,0.15582259162085624,0.14973363621778873,0.005340892848301434,0.07506482720936782,0.044906786802753805,4.216859409708251
selected,1329072513051357,22151208,lidar_only,0.11341147424674089,2.6004104513411,0.12561865948390613,2.603095652584846,0.12561865948390613,2.603095652584846,False,False,False,True,True,7,49,386,0,0.1977300489495365,0.1962325932755586,0.005365126115328153,0.16072425323224068,0.13037867356639113,2.7083482091471867
selected,1329072513051357,22151208,prediction_full,0.11341147424674089,2.6004104513411,0.12561865948390613,2.603095652584846,0.1259815551955332,2.610313447872642,False,False,False,True,True,7,49,386,22,0.1977300489495365,0.19627872506886854,0.005365126115328153,0.16072425323224068,0.13077189187530097,2.715251098326237
selected,1329072513051357,22151208,prediction_common,0.11341147424674089,2.6004104513411,0.12561865948390613,2.603095652584846,0.12281370661931411,2.607267792629108,False,False,False,True,True,7,49,386,38,0.1977300489495365,0.19633621746651367,0.005365126115328153,0.16072425323224068,0.12752646671367165,2.7118960785063733
selected,1329072513051357,22151208,oracle_prediction,0.11341147424674089,2.6004104513411,0.12561865948390613,2.603095652584846,0.10361514986103758,2.5191991776376383,False,False,False,True,True,8,56,386,25,0.1977300489495365,0.20501453776959883,0.005365126115328153,0.16072425323224068,0.10820329645652256,2.6183619752122698
selected,1329072513051357,22151208,oracle_matched_random,0.11341147424674089,2.6004104513411,0.12561865948390613,2.603095652584846,0.12535433972983742,2.584524511383189,False,False,False,True,True,7,49,386,15,0.1977300489495365,0.19780053484869256,0.005365126115328153,0.16072425323224068,0.130077519922272,2.6884008800536985
selected,1329072514051464,22151208,lidar_only,0.16176674760869542,2.6716221166954357,0.16222814641844494,2.6922056369450806,0.16222814641844494,2.6922056369450806,False,False,False,True,True,6,42,367,0,0.1909861097092704,0.1908736103572288,0.0003241265077387585,0.006680770374818818,0.16214020458073775,2.6856335195601773
selected,1329072514051464,22151208,prediction_full,0.16176674760869542,2.6716221166954357,0.16222814641844494,2.6922056369450806,0.1639683655311173,2.6560679052548406,False,False,False,True,True,7,49,367,28,0.1909861097092704,0.19147947931775153,0.0003241265077387585,0.006680770374818818,0.16387687696839653,2.649510839783713
selected,1329072514051464,22151208,prediction_common,0.16176674760869542,2.6716221166954357,0.16222814641844494,2.6922056369450806,0.16534294887442752,2.6748190447428626,False,False,False,True,True,6,42,367,24,0.1909861097092704,0.19103468646410868,0.0003241265077387585,0.006680770374818818,0.16525527110093638,2.6682538619085197
selected,1329072514051464,22151208,oracle_prediction,0.16176674760869542,2.6716221166954357,0.16222814641844494,2.6922056369450806,0.1569467982149435,2.429507030142507,False,False,False,True,True,8,56,367,19,0.1909861097092704,0.20578075566711101,0.0003241265077387585,0.006680770374818818,0.15689053512705778,2.422938081457591
selected,1329072514051464,22151208,oracle_matched_random,0.16176674760869542,2.6716221166954357,0.16222814641844494,2.6922056369450806,0.1534336233693549,2.6313968588726593,False,False,False,True,True,7,49,367,6,0.1909861097092704,0.19369407907207115,0.0003241265077387585,0.006680770374818818,0.15336362480516852,2.624817187922022
selected,1329072515051556,22151208,lidar_only,0.06932353385632124,1.5576544427764722,0.05723883702319441,1.5055262467610102,0.05723883702319441,1.5055262467610102,True,True,True,True,True,8,56,329,0,0.19608819590815074,0.19026377928128013,0.004857374069729239,0.09209391457767309,0.05818416446932904,1.4568739098584462
selected,1329072515051556,22151208,prediction_full,0.06932353385632124,1.5576544427764722,0.05723883702319441,1.5055262467610102,0.058868502467345644,1.5091623294109835,True,True,True,True,True,8,56,329,20,0.19608819590815074,0.19031125030048415,0.004857374069729239,0.09209391457767309,0.05969602264678094,1.4602185749442627
selected,1329072515051556,22151208,prediction_common,0.06932353385632124,1.5576544427764722,0.05723883702319441,1.5055262467610102,0.06013782039847628,1.4927991575280932,True,True,True,True,True,8,56,329,21,0.19608819590815074,0.19039493032270713,0.004857374069729239,0.09209391457767309,0.061429093508975206,1.4448088634849225
selected,1329072515051556,22151208,oracle_prediction,0.06932353385632124,1.5576544427764722,0.05723883702319441,1.5055262467610102,0.09867752621020455,1.3919902679775071,True,True,True,True,True,8,56,329,20,0.19608819590815074,0.198985420787389,0.004857374069729239,0.09209391457767309,0.10137827386359619,1.346030710497994
selected,1329072515051556,22151208,oracle_matched_random,0.06932353385632124,1.5576544427764722,0.05723883702319441,1.5055262467610102,0.07736687637406635,1.4904114931891972,True,True,True,True,True,8,56,329,9,0.19608819590815074,0.1932405665099948,0.004857374069729239,0.09209391457767309,0.07782074509209094,1.438874014184919
balanced,1329069247934369,22151154,lidar_only,0.3664628847810439,0.9296714650253443,0.34092259616433385,0.9512175489334739,0.34092259616433385,0.9512175489334739,True,True,True,True,True,8,56,202,0,0.10306621635231508,0.10080282107060105,4.095924918043034e-06,3.972043083366393e-05,0.34092157478177837,0.9512463311534942
balanced,1329069247934369,22151154,prediction_full,0.3664628847810439,0.9296714650253443,0.34092259616433385,0.9512175489334739,0.3414353027504662,0.965288053792111,True,True,True,True,True,8,56,202,10,0.10306621635231508,0.10085593491779084,4.095924918043034e-06,3.972043083366393e-05,0.3414342768362227,0.9653167410226849
balanced,1329069247934369,22151154,prediction_common,0.3664628847810439,0.9296714650253443,0.34092259616433385,0.9512175489334739,0.3410045394473501,0.9679140283154043,True,True,True,True,True,8,56,202,15,0.10306621635231508,0.1008478500130185,4.095924918043034e-06,3.972043083366393e-05,0.34100350401327756,0.9679427123482283
balanced,1329069247934369,22151154,oracle_prediction,0.3664628847810439,0.9296714650253443,0.34092259616433385,0.9512175489334739,0.3416183757802582,1.1438300907770989,True,True,True,True,True,8,56,202,15,0.10306621635231508,0.10561137737262785,4.095924918043034e-06,3.972043083366393e-05,0.34161717746932657,1.143857575196343
balanced,1329069247934369,22151154,oracle_matched_random,0.3664628847810439,0.9296714650253443,0.34092259616433385,0.9512175489334739,0.34233817621676543,1.1058519262570972,True,True,True,True,True,8,56,202,2,0.10306621635231508,0.10342308413447916,4.095924918043034e-06,3.972043083366393e-05,0.3423371147865549,1.1058801430327934
balanced,1329069248934466,22151154,lidar_only,0.21010492484006338,1.321213441346579,0.19994469238943585,1.343892341978939,0.19994469238943585,1.343892341978939,True,True,True,True,True,8,56,269,0,0.14483815077267148,0.1428225062148526,0.0006499514647348136,0.05262952042275299,0.20050668883979064,1.3839951295769868
balanced,1329069248934466,22151154,prediction_full,0.21010492484006338,1.321213441346579,0.19994469238943585,1.343892341978939,0.202577314103151,1.3273601990066253,True,True,True,True,True,8,56,269,10,0.14483815077267148,0.142896314152269,0.0006499514647348136,0.05262952042275299,0.20314024282596518,1.3672615871508962
balanced,1329069248934466,22151154,prediction_common,0.21010492484006338,1.321213441346579,0.19994469238943585,1.343892341978939,0.2022098314890542,1.3176032987624415,True,True,True,True,True,7,49,269,26,0.14483815077267148,0.14301187044036806,0.0006499514647348136,0.05262952042275299,0.20277802222098185,1.357570079106001
balanced,1329069248934466,22151154,oracle_prediction,0.21010492484006338,1.321213441346579,0.19994469238943585,1.343892341978939,0.22270949945763593,1.1322721081849463,True,True,True,True,True,9,63,269,24,0.14483815077267148,0.15725191236163064,0.0006499514647348136,0.05262952042275299,0.22331582936491287,1.168760917482263
balanced,1329069248934466,22151154,oracle_matched_random,0.21010492484006338,1.321213441346579,0.19994469238943585,1.343892341978939,0.19844262853620692,1.328526301503772,True,True,True,True,True,8,56,269,5,0.14483815077267148,0.14615516234432044,0.0006499514647348136,0.05262952042275299,0.19900385877354762,1.3713979607128475
balanced,1329069249934565,22151154,lidar_only,0.1474960145132368,1.289443568970737,0.1521909284936527,1.2891440938952394,0.1521909284936527,1.2891440938952394,True,True,True,True,True,7,49,455,0,0.208340852415237,0.20789677367450737,0.0005555434625794187,0.0038305112506365363,0.15256637756788663,1.2906906523639061
balanced,1329069249934565,22151154,prediction_full,0.1474960145132368,1.289443568970737,0.1521909284936527,1.2891440938952394,0.15196719519416355,1.2753457660052574,True,True,True,True,True,7,49,455,17,0.208340852415237,0.20794851622648203,0.0005555434625794187,0.0038305112506365363,0.1523475421593918,1.2769003369424612
balanced,1329069249934565,22151154,prediction_common,0.1474960145132368,1.289443568970737,0.1521909284936527,1.2891440938952394,0.15229424041785353,1.2827593675574123,True,True,True,True,True,7,49,455,20,0.208340852415237,0.20791450683718957,0.0005555434625794187,0.0038305112506365363,0.15267422693338126,1.2843046276897963
balanced,1329069249934565,22151154,oracle_prediction,0.1474960145132368,1.289443568970737,0.1521909284936527,1.2891440938952394,0.15671544418871428,1.200035212848969,True,True,True,True,True,8,56,455,17,0.208340852415237,0.2119801717003724,0.0005555434625794187,0.0038305112506365363,0.1571444207259299,1.2015067707807288
balanced,1329069249934565,22151154,oracle_matched_random,0.1474960145132368,1.289443568970737,0.1521909284936527,1.2891440938952394,0.1489659846664741,1.2629863696341344,True,True,True,True,True,7,49,455,2,0.208340852415237,0.2082700505903119,0.0005555434625794187,0.0038305112506365363,0.14935044380000473,1.2644659253699653
balanced,1329069250934671,22151154,lidar_only,0.09958584935563577,0.6208754862775666,0.10184016331864741,0.6723988151771355,0.10184016331864741,0.6723988151771355,True,True,True,True,True,7,49,406,0,0.20544579902993465,0.2032654001216897,0.0002928705249878755,0.004358366082239895,0.10202182103432117,0.673066253627149
balanced,1329069250934671,22151154,prediction_full,0.09958584935563577,0.6208754862775666,0.10184016331864741,0.6723988151771355,0.102202864510864,0.707217958389462,True,True,True,True,True,7,49,406,16,0.20544579902993465,0.20357269871272085,0.0002928705249878755,0.004358366082239895,0.10238015052561217,0.7078630288696403
balanced,1329069250934671,22151154,prediction_common,0.09958584935563577,0.6208754862775666,0.10184016331864741,0.6723988151771355,0.10144785364860695,0.6686732919056584,True,True,True,True,True,7,49,406,29,0.20544579902993465,0.20330947425896434,0.0002928705249878755,0.004358366082239895,0.10163264951416151,0.6692637632626911
balanced,1329069250934671,22151154,oracle_prediction,0.09958584935563577,0.6208754862775666,0.10184016331864741,0.6723988151771355,0.10077115942977759,0.6306385658965384,True,True,True,True,True,8,56,406,28,0.20544579902993465,0.20547342319690207,0.0002928705249878755,0.004358366082239895,0.10097510611107294,0.6307378500595577
balanced,1329069250934671,22151154,oracle_matched_random,0.09958584935563577,0.6208754862775666,0.10184016331864741,0.6723988151771355,0.09638426241485765,0.668387578906199,True,True,True,True,True,7,49,406,9,0.20544579902993465,0.2039103164834188,0.0002928705249878755,0.004358366082239895,0.0965679613524711,0.6688124133276862
balanced,1329069251934750,22151154,lidar_only,0.10224493145442173,0.6928166400332538,0.08764307781051012,0.6352118420197295,0.08764307781051012,0.6352118420197295,True,True,True,True,True,8,56,328,0,0.1737631010961572,0.16970669416428746,1.5882438880877724e-05,0.00011349183626967868,0.0876470463723912,0.6352961400959278
balanced,1329069251934750,22151154,prediction_full,0.10224493145442173,0.6928166400332538,0.08764307781051012,0.6352118420197295,0.08748224518894261,0.6378922387606615,True,True,True,True,True,8,56,328,7,0.1737631010961572,0.1697747280202718,1.5882438880877724e-05,0.00011349183626967868,0.08748629288464009,0.6379760423862703
balanced,1329069251934750,22151154,prediction_common,0.10224493145442173,0.6928166400332538,0.08764307781051012,0.6352118420197295,0.0887149256610831,0.6264664259549657,True,True,True,True,True,8,56,328,17,0.1737631010961572,0.16977094916489024,1.5882438880877724e-05,0.00011349183626967868,0.0887191058924398,0.6265522213509689
balanced,1329069251934750,22151154,oracle_prediction,0.10224493145442173,0.6928166400332538,0.08764307781051012,0.6352118420197295,0.10091876974243315,0.48274166683035613,True,True,True,True,True,9,63,328,15,0.1737631010961572,0.1795340944621682,1.5882438880877724e-05,0.00011349183626967868,0.10092532463351646,0.4828359494653127
balanced,1329069251934750,22151154,oracle_matched_random,0.10224493145442173,0.6928166400332538,0.08764307781051012,0.6352118420197295,0.09469915361720717,0.6264461005941103,True,True,True,True,True,8,56,328,2,0.1737631010961572,0.1727237040559656,1.5882438880877724e-05,0.00011349183626967868,0.0947047602734857,0.626535930053567
balanced,1329069252934879,22151154,lidar_only,0.16223218128972153,0.999176164827299,0.1561021977693547,1.017214391352879,0.1561021977693547,1.017214391352879,True,True,True,True,True,7,49,431,0,0.22138625365584888,0.21969272928696895,0.0005627852686127532,0.006036603355642882,0.15568707270416063,1.0126266295986488
balanced,1329069252934879,22151154,prediction_full,0.16223218128972153,0.999176164827299,0.1561021977693547,1.017214391352879,0.15668365061215642,1.0300801801691215,True,True,True,True,True,7,49,431,12,0.22138625365584888,0.21972437161439504,0.0005627852686127532,0.006036603355642882,0.156268460426857,1.0254954792329167
balanced,1329069252934879,22151154,prediction_common,0.16223218128972153,0.999176164827299,0.1561021977693547,1.017214391352879,0.15709781429801475,1.0178861735833962,True,True,True,True,True,7,49,431,19,0.22138625365584888,0.21970999868765392,0.0005627852686127532,0.006036603355642882,0.15668068641162122,1.0133248593468562
balanced,1329069252934879,22151154,oracle_prediction,0.16223218128972153,0.999176164827299,0.1561021977693547,1.017214391352879,0.17378448257595056,0.8976703853609378,True,True,True,True,True,7,49,431,14,0.22138625365584888,0.22654650680302163,0.0005627852686127532,0.006036603355642882,0.17336562426763147,0.8935437302649729
balanced,1329069252934879,22151154,oracle_matched_random,0.16223218128972153,0.999176164827299,0.1561021977693547,1.017214391352879,0.15965517434380347,1.1055729985546412,True,True,True,True,True,8,56,431,3,0.22138625365584888,0.22227152174288092,0.0005627852686127532,0.006036603355642882,0.15921944975297517,1.1010412685090918
balanced,1329069253934960,22151154,lidar_only,0.09154035787075343,1.3756555250220104,0.09200355185527341,1.3632637027663261,0.09200355185527341,1.3632637027663261,True,True,True,True,True,7,49,391,0,0.19732964980302314,0.1958948786531002,0.0002079397826842145,0.001778893031216574,0.09196978577022916,1.362224960532083
balanced,1329069253934960,22151154,prediction_full,0.09154035787075343,1.3756555250220104,0.09200355185527341,1.3632637027663261,0.09236056046266791,1.3860397449421804,True,True,True,True,True,7,49,391,19,0.19732964980302314,0.1959818174847243,0.0002079397826842145,0.001778893031216574,0.09232435906453113,1.3850000917291396
balanced,1329069253934960,22151154,prediction_common,0.09154035787075343,1.3756555250220104,0.09200355185527341,1.3632637027663261,0.09249396268688771,1.382283384537114,True,True,True,True,True,7,49,391,23,0.19732964980302314,0.19598321285842096,0.0002079397826842145,0.001778893031216574,0.09245626807907245,1.3812574701869715
balanced,1329069253934960,22151154,oracle_prediction,0.09154035787075343,1.3756555250220104,0.09200355185527341,1.3632637027663261,0.10770427410953795,1.2919324525733784,True,True,True,True,True,7,49,391,16,0.19732964980302314,0.1987920760371248,0.0002079397826842145,0.001778893031216574,0.10764791503423139,1.290978913032317
balanced,1329069253934960,22151154,oracle_matched_random,0.09154035787075343,1.3756555250220104,0.09200355185527341,1.3632637027663261,0.08887111582834252,1.3528975173915,True,True,True,True,True,7,49,391,4,0.19732964980302314,0.1962152676113775,0.0002079397826842145,0.001778893031216574,0.08882888328112042,1.351858779387582
balanced,1329069254935036,22151154,lidar_only,0.0897303485058068,1.7204352320973715,0.08328999968584601,1.4466332204352095,0.08328999968584601,1.4466332204352095,True,True,True,True,True,8,56,376,0,0.18909469505159401,0.1832539503422072,0.0003942851224564329,0.0009145834101002289,0.08354804218487355,1.4457338838530782
balanced,1329069254935036,22151154,prediction_full,0.0897303485058068,1.7204352320973715,0.08328999968584601,1.4466332204352095,0.0813196857048504,1.4594187058228365,True,True,True,True,True,8,56,376,27,0.18909469505159401,0.18330796880313563,0.0003942851224564329,0.0009145834101002289,0.08157303102646696,1.458520611904885
balanced,1329069254935036,22151154,prediction_common,0.0897303485058068,1.7204352320973715,0.08328999968584601,1.4466332204352095,0.08259765934401801,1.436554104929074,True,True,True,True,True,8,56,376,28,0.18909469505159401,0.18330973397493697,0.0003942851224564329,0.0009145834101002289,0.08285161525432062,1.435653669088903
balanced,1329069254935036,22151154,oracle_prediction,0.0897303485058068,1.7204352320973715,0.08328999968584601,1.4466332204352095,0.07715240603555058,1.349850557708623,True,True,True,True,True,8,56,376,27,0.18909469505159401,0.18685156653202803,0.0003942851224564329,0.0009145834101002289,0.0773687478102994,1.348947062141728
balanced,1329069254935036,22151154,oracle_matched_random,0.0897303485058068,1.7204352320973715,0.08328999968584601,1.4466332204352095,0.08011494559749265,1.394708687785947,True,True,True,True,True,8,56,376,8,0.18909469505159401,0.18391099562213895,0.0003942851224564329,0.0009145834101002289,0.08036731152081165,1.3938082777535612
balanced,1329069255935134,22151154,lidar_only,0.1403799166109988,0.8111766228929749,0.1491847429907182,0.7439739284329231,0.1491847429907182,0.7439739284329231,True,True,True,True,True,7,49,414,0,0.19048490983317,0.1892668724918232,0.0010667460066926268,0.00611331663422505,0.14841459182558486,0.7386812269044537
balanced,1329069255935134,22151154,prediction_full,0.1403799166109988,0.8111766228929749,0.1491847429907182,0.7439739284329231,0.14923291055799312,0.7434555931758539,True,True,True,True,True,7,49,414,18,0.19048490983317,0.18946713018979675,0.0010667460066926268,0.00611331663422505,0.14845987982718611,0.7381474492405218
balanced,1329069255935134,22151154,prediction_common,0.1403799166109988,0.8111766228929749,0.1491847429907182,0.7439739284329231,0.15039360662950726,0.7192076206152418,True,True,True,True,True,7,49,414,28,0.19048490983317,0.18940107251476607,0.0010667460066926268,0.00611331663422505,0.14961042180354317,0.7139453820188062
balanced,1329069255935134,22151154,oracle_prediction,0.1403799166109988,0.8111766228929749,0.1491847429907182,0.7439739284329231,0.16190221444828426,0.5705167922235573,True,True,True,True,True,8,56,414,27,0.19048490983317,0.19605269149884455,0.0010667460066926268,0.00611331663422505,0.16105597455855886,0.5655680404634096
balanced,1329069255935134,22151154,oracle_matched_random,0.1403799166109988,0.8111766228929749,0.1491847429907182,0.7439739284329231,0.15469581968217716,0.6723043602565116,True,True,True,True,True,7,49,414,9,0.19048490983317,0.19035814800923465,0.0010667460066926268,0.00611331663422505,0.15391227929905676,0.6671344591310726
balanced,1329069256935232,22151154,lidar_only,0.20022293821902704,0.7002203855131269,0.2115779057522041,0.6394728692841064,0.2115779057522041,0.6394728692841064,True,True,True,True,True,8,56,381,0,0.19861166295373486,0.19468999739544637,0.00030134536966274964,0.0007923709643473923,0.21133532416102047,0.6398790076652683
balanced,1329069256935232,22151154,prediction_full,0.20022293821902704,0.7002203855131269,0.2115779057522041,0.6394728692841064,0.21253108580621538,0.6067128313053199,True,True,True,True,True,8,56,381,14,0.19861166295373486,0.19481653749159017,0.00030134536966274964,0.0007923709643473923,0.21228782825018186,0.6071269414038242
balanced,1329069256935232,22151154,prediction_common,0.20022293821902704,0.7002203855131269,0.2115779057522041,0.6394728692841064,0.2117729868901416,0.6314020287583777,True,True,True,True,True,8,56,381,31,0.19861166295373486,0.19514976933672173,0.00030134536966274964,0.0007923709643473923,0.21153407398426388,0.631872624689254
balanced,1329069256935232,22151154,oracle_prediction,0.20022293821902704,0.7002203855131269,0.2115779057522041,0.6394728692841064,0.21306807686902257,0.649845851979351,True,True,True,True,True,8,56,381,30,0.19861166295373486,0.2026461273213845,0.00030134536966274964,0.0007923709643473923,0.21284098767431095,0.6504775484207101
balanced,1329069256935232,22151154,oracle_matched_random,0.20022293821902704,0.7002203855131269,0.2115779057522041,0.6394728692841064,0.20910842066401447,0.6545256130225194,True,True,True,True,True,8,56,381,11,0.19861166295373486,0.19779073643877398,0.00030134536966274964,0.0007923709643473923,0.20888553630286907,0.6550433242449186
balanced,1329069257935326,22151154,lidar_only,0.1496350179420433,0.7413783972271949,0.1667792293614353,0.8718917180103134,0.1667792293614353,0.8718917180103134,True,True,True,True,True,7,49,347,0,0.17549841915715414,0.17231168730670265,0.000693252333747999,0.005300418582786865,0.16645609783875653,0.8720578443523221
balanced,1329069257935326,22151154,prediction_full,0.1496350179420433,0.7413783972271949,0.1667792293614353,0.8718917180103134,0.16163882515266464,0.8207629308704307,True,True,True,True,True,7,49,347,18,0.17549841915715414,0.17262890545442577,0.000693252333747999,0.005300418582786865,0.16129909483082044,0.8206117088411884
balanced,1329069257935326,22151154,prediction_common,0.1496350179420433,0.7413783972271949,0.1667792293614353,0.8718917180103134,0.1646156416326803,0.8804711724388329,True,True,True,True,True,7,49,347,31,0.17549841915715414,0.1730595763630956,0.000693252333747999,0.005300418582786865,0.16433132440139694,0.8803437968043949
balanced,1329069257935326,22151154,oracle_prediction,0.1496350179420433,0.7413783972271949,0.1667792293614353,0.8718917180103134,0.15078474962506053,0.8326239920078442,True,True,True,True,True,8,56,347,27,0.17549841915715414,0.17904513886615148,0.000693252333747999,0.005300418582786865,0.1505613610144482,0.8316827127241743
balanced,1329069257935326,22151154,oracle_matched_random,0.1496350179420433,0.7413783972271949,0.1667792293614353,0.8718917180103134,0.1620526659596897,0.9016704959534445,True,True,True,True,True,8,56,347,8,0.17549841915715414,0.17990625929419218,0.000693252333747999,0.005300418582786865,0.1618704795060844,0.9007738554118876
balanced,1329069258935419,22151154,lidar_only,0.19906595470602828,1.4994524217061103,0.18990356609930084,1.346234373171189,0.18990356609930084,1.346234373171189,True,True,True,True,True,8,56,251,0,0.1390969955874163,0.1337080794329861,0.0009397250344461635,0.026254680963412397,0.18967090424396726,1.324122470431881
balanced,1329069258935419,22151154,prediction_full,0.19906595470602828,1.4994524217061103,0.18990356609930084,1.346234373171189,0.1887886151934252,1.3795740175848,True,True,True,True,True,8,56,251,12,0.1390969955874163,0.13391560905159178,0.0009397250344461635,0.026254680963412397,0.18854399631660457,1.357518126580672
balanced,1329069258935419,22151154,prediction_common,0.19906595470602828,1.4994524217061103,0.18990356609930084,1.346234373171189,0.18897565991893697,1.335725760994533,True,True,True,True,True,8,56,251,20,0.1390969955874163,0.13373955775734306,0.0009397250344461635,0.026254680963412397,0.18873249975022852,1.313633574550324
balanced,1329069258935419,22151154,oracle_prediction,0.19906595470602828,1.4994524217061103,0.18990356609930084,1.346234373171189,0.19766592160045807,1.2160820930666263,True,True,True,True,True,8,56,251,17,0.1390969955874163,0.13947677710444356,0.0009397250344461635,0.026254680963412397,0.19750359716724228,1.1967661478857474
balanced,1329069258935419,22151154,oracle_matched_random,0.19906595470602828,1.4994524217061103,0.18990356609930084,1.346234373171189,0.19557205434184208,1.2463811635620796,True,True,True,True,True,8,56,251,9,0.1390969955874163,0.1379077622044137,0.0009397250344461635,0.026254680963412397,0.1953591759481294,1.2256657643936757
balanced,1329069259935526,22151154,lidar_only,0.20186638263493045,0.7723118406839422,0.14119322729493217,0.9347138784684837,0.14119322729493217,0.9347138784684837,True,True,True,True,True,9,63,209,0,0.1366050999093275,0.12406184022846944,0.0010935106611194322,0.0017680418967707938,0.14052364376182838,0.935970602091629
balanced,1329069259935526,22151154,prediction_full,0.20186638263493045,0.7723118406839422,0.14119322729493217,0.9347138784684837,0.13992111412568717,0.9069636965342839,True,True,True,True,True,9,63,209,14,0.1366050999093275,0.12431608727019201,0.0010935106611194322,0.0017680418967707938,0.13924394518664043,0.9081565842981032
balanced,1329069259935526,22151154,prediction_common,0.20186638263493045,0.7723118406839422,0.14119322729493217,0.9347138784684837,0.13622217927242206,0.9022732649921672,True,True,True,True,True,9,63,209,18,0.1366050999093275,0.12425490497884108,0.0010935106611194322,0.0017680418967707938,0.13554995616072749,0.903483619908467
balanced,1329069259935526,22151154,oracle_prediction,0.20186638263493045,0.7723118406839422,0.14119322729493217,0.9347138784684837,0.1138470264596929,0.8162689201784579,True,True,True,True,True,9,63,209,18,0.1366050999093275,0.13339404705341149,0.0010935106611194322,0.0017680418967707938,0.11326848913802134,0.8171328460820297
balanced,1329069259935526,22151154,oracle_matched_random,0.20186638263493045,0.7723118406839422,0.14119322729493217,0.9347138784684837,0.14222910610960454,1.0257499623153037,True,True,True,True,True,9,63,209,5,0.1366050999093275,0.1265431986646178,0.0010935106611194322,0.0017680418967707938,0.14161469276986124,1.0267664837918389
balanced,1329069260935613,22151154,lidar_only,0.22224480917490524,1.789907806955652,0.21429381143210646,1.8471974842745869,0.21429381143210646,1.8471974842745869,True,True,True,True,True,8,56,189,0,0.12092721988974152,0.11532155246948937,0.0009656571132975239,0.01742941807280241,0.21364199788073163,1.8337982544088351
balanced,1329069260935613,22151154,prediction_full,0.22224480917490524,1.789907806955652,0.21429381143210646,1.8471974842745869,0.21073963249367506,1.7989800324716902,True,True,True,True,True,8,56,189,15,0.12092721988974152,0.1154473660128207,0.0009656571132975239,0.01742941807280241,0.21008814298319747,1.7853192058864287
balanced,1329069260935613,22151154,prediction_common,0.22224480917490524,1.789907806955652,0.21429381143210646,1.8471974842745869,0.21241160118959168,1.7864743485115884,True,True,True,True,True,8,56,189,27,0.12092721988974152,0.11566314526822555,0.0009656571132975239,0.01742941807280241,0.21177055899223055,1.7727919256709657
balanced,1329069260935613,22151154,oracle_prediction,0.22224480917490524,1.789907806955652,0.21429381143210646,1.8471974842745869,0.20315098092053777,1.4184527478493916,True,True,True,True,True,9,63,189,21,0.12092721988974152,0.1336082928464679,0.0009656571132975239,0.01742941807280241,0.2027220574069387,1.4053648663180276
balanced,1329069260935613,22151154,oracle_matched_random,0.22224480917490524,1.789907806955652,0.21429381143210646,1.8471974842745869,0.23034628917141908,1.7112393774095747,True,True,True,True,True,8,56,189,7,0.12092721988974152,0.12206532089387033,0.0009656571132975239,0.01742941807280241,0.22958793472969977,1.6956450999173909
balanced,1329069261935738,22151154,lidar_only,0.20656144934378604,0.9201995798291982,0.20261509804741848,0.9261561234900635,0.20261509804741848,0.9261561234900635,True,True,True,True,True,8,56,105,0,0.06628471202776527,0.06443219511863432,0.001222011470328207,0.003938779762292047,0.20317589087563934,0.9261861931059134
balanced,1329069261935738,22151154,prediction_full,0.20656144934378604,0.9201995798291982,0.20261509804741848,0.9261561234900635,0.20177260118789347,0.8735878758429994,True,True,True,True,True,7,49,105,5,0.06628471202776527,0.06465181751488251,0.001222011470328207,0.003938779762292047,0.20229340306833773,0.8739833150245959
balanced,1329069261935738,22151154,prediction_common,0.20656144934378604,0.9201995798291982,0.20261509804741848,0.9261561234900635,0.20142809861083613,0.9360643517161705,True,True,True,True,True,8,56,105,23,0.06628471202776527,0.06470891328990809,0.001222011470328207,0.003938779762292047,0.20201473207870796,0.9358215947998675
balanced,1329069261935738,22151154,oracle_prediction,0.20656144934378604,0.9201995798291982,0.20261509804741848,0.9261561234900635,0.19891538885144738,1.3130941457417251,True,True,True,True,True,9,63,105,21,0.06628471202776527,0.07402615749406466,0.001222011470328207,0.003938779762292047,0.19966564237767215,1.3121533719730838
balanced,1329069261935738,22151154,oracle_matched_random,0.20656144934378604,0.9201995798291982,0.20261509804741848,0.9261561234900635,0.21345305077352988,0.8112855177937409,True,True,True,True,True,7,49,105,6,0.06628471202776527,0.06668363300405367,0.001222011470328207,0.003938779762292047,0.21406828016277277,0.8105602311181251
balanced,1329069262935798,22151154,lidar_only,0.16717587582673563,2.504289193426838,0.17206857582490392,2.6762687846450373,0.17206857582490392,2.6762687846450373,False,False,False,True,True,7,49,201,0,0.12504296232231038,0.12431178327426322,0.0006197749869698992,0.001023371053157685,0.17183691775611412,2.675459335529498
balanced,1329069262935798,22151154,prediction_full,0.16717587582673563,2.504289193426838,0.17206857582490392,2.6762687846450373,0.16996501417690096,2.6457183015819736,False,False,False,True,True,7,49,201,8,0.12504296232231038,0.12435944311558864,0.0006197749869698992,0.001023371053157685,0.16973109115056656,2.6449102479064224
balanced,1329069262935798,22151154,prediction_common,0.16717587582673563,2.504289193426838,0.17206857582490392,2.6762687846450373,0.16871540368970092,2.62716939979112,False,False,False,True,True,7,49,201,20,0.12504296232231038,0.12453464002949781,0.0006197749869698992,0.001023371053157685,0.16848075867829257,2.626362751715164
balanced,1329069262935798,22151154,oracle_prediction,0.16717587582673563,2.504289193426838,0.17206857582490392,2.6762687846450373,0.1514527539149948,2.0334128999730283,False,False,False,True,True,8,56,201,17,0.12504296232231038,0.13588887147981177,0.0006197749869698992,0.001023371053157685,0.15120151344639485,2.0326438099865
balanced,1329069262935798,22151154,oracle_matched_random,0.16717587582673563,2.504289193426838,0.17206857582490392,2.6762687846450373,0.15509823020714514,2.4260797450549147,False,False,False,True,True,8,56,201,5,0.12504296232231038,0.12933983065493934,0.0006197749869698992,0.001023371053157685,0.15494012470772162,2.4252393521342235
balanced,1329069263935898,22151154,lidar_only,0.06652243658857115,2.78716336752015,0.025459082113940913,2.8385470668154262,0.025459082113940913,2.8385470668154262,False,False,False,True,True,8,56,191,0,0.11872053271357501,0.11592708360931026,0.0017408737591827874,0.07806770816012844,0.027190900142418917,2.809295482983914
balanced,1329069263935898,22151154,prediction_full,0.06652243658857115,2.78716336752015,0.025459082113940913,2.8385470668154262,0.025774609062960408,2.8864157525352923,False,False,False,True,True,8,56,191,15,0.11872053271357501,0.11598303223609038,0.0017408737591827874,0.07806770816012844,0.027472017230483616,2.857706647296946
balanced,1329069263935898,22151154,prediction_common,0.06652243658857115,2.78716336752015,0.025459082113940913,2.8385470668154262,0.02483803190274987,2.740520269349561,False,False,False,True,True,8,56,191,29,0.11872053271357501,0.11615603830592545,0.0017408737591827874,0.07806770816012844,0.026394351825430328,2.7110001373424835
balanced,1329069263935898,22151154,oracle_prediction,0.06652243658857115,2.78716336752015,0.025459082113940913,2.8385470668154262,0.07047878141417636,2.1185055401659363,False,False,False,True,True,9,63,191,24,0.11872053271357501,0.13349609392168046,0.0017408737591827874,0.07806770816012844,0.06982338888938464,2.090942828997483
balanced,1329069263935898,22151154,oracle_matched_random,0.06652243658857115,2.78716336752015,0.025459082113940913,2.8385470668154262,0.02573953776980497,2.7523551988790556,False,False,False,True,True,8,56,191,4,0.11872053271357501,0.11619693133644746,0.0017408737591827874,0.07806770816012844,0.027359244345620447,2.721691600511349
balanced,1329069264935993,22151154,lidar_only,0.07833638056706856,2.242981834468946,0.07471475101301309,2.40974596208974,0.07471475101301309,2.40974596208974,False,False,False,True,True,8,56,170,0,0.10150134319333702,0.09770787046039577,0.0015253710063916344,0.006726707038100436,0.07448837411562596,2.413587769700935
balanced,1329069264935993,22151154,prediction_full,0.07833638056706856,2.242981834468946,0.07471475101301309,2.40974596208974,0.0706083866253338,2.3102297461423658,False,False,False,True,True,8,56,170,19,0.10150134319333702,0.09795933315454636,0.0015253710063916344,0.006726707038100436,0.0702697910989236,2.314137158429397
balanced,1329069264935993,22151154,prediction_common,0.07833638056706856,2.242981834468946,0.07471475101301309,2.40974596208974,0.07236700861325283,2.2516075793713624,False,False,False,True,True,8,56,170,31,0.10150134319333702,0.09834559777723058,0.0015253710063916344,0.006726707038100436,0.07201754758739488,2.2555239151522275
balanced,1329069264935993,22151154,oracle_prediction,0.07833638056706856,2.242981834468946,0.07471475101301309,2.40974596208974,0.10504234023812292,1.7106361198858386,False,False,True,True,True,8,56,170,30,0.10150134319333702,0.11196195238908337,0.0015253710063916344,0.006726707038100436,0.10430511402604238,1.7151751383767249
balanced,1329069264935993,22151154,oracle_matched_random,0.07833638056706856,2.242981834468946,0.07471475101301309,2.40974596208974,0.08147927064442916,2.3605086105032362,False,False,False,True,True,8,56,170,6,0.10150134319333702,0.09951015677765068,0.0015253710063916344,0.006726707038100436,0.0815347389654621,2.3643725054616103
balanced,1329069265936142,22151154,lidar_only,0.21331696516944282,3.194844858329392,0.2222622716578191,3.2133055540086577,0.2222622716578191,3.2133055540086577,False,False,False,True,True,8,56,108,0,0.07176761937403135,0.0702853635089554,0.0016163706088973863,0.032231246688525526,0.22387813947664031,3.1910109564193916
balanced,1329069265936142,22151154,prediction_full,0.21331696516944282,3.194844858329392,0.2222622716578191,3.2133055540086577,0.2258746790250811,3.1980303383363236,False,False,False,True,True,8,56,108,16,0.07176761937403135,0.07042879324757494,0.0016163706088973863,0.032231246688525526,0.2274900584213431,3.1754848801619517
balanced,1329069265936142,22151154,prediction_common,0.21331696516944282,3.194844858329392,0.2222622716578191,3.2133055540086577,0.23639668216959567,3.2312647665985765,False,False,False,True,True,8,56,108,18,0.07176761937403135,0.07074542220627017,0.0016163706088973863,0.032231246688525526,0.2380110401334837,3.2083147230571196
balanced,1329069265936142,22151154,oracle_prediction,0.21331696516944282,3.194844858329392,0.2222622716578191,3.2133055540086577,0.24398713558320645,2.8508854371142744,False,False,False,True,True,8,56,108,11,0.07176761937403135,0.07477041354349973,0.0016163706088973863,0.032231246688525526,0.24554148471181797,2.8281061352718195
balanced,1329069265936142,22151154,oracle_matched_random,0.21331696516944282,3.194844858329392,0.2222622716578191,3.2133055540086577,0.2508055567999097,3.1379575945403864,False,False,False,True,True,8,56,108,3,0.07176761937403135,0.07275079350094517,0.0016163706088973863,0.032231246688525526,0.25240466477291074,3.1143031145221136
balanced,1329069266936186,22151154,lidar_only,0.10585175979558513,2.686367144039653,0.12408204161554451,2.7783295356589237,0.12408204161554451,2.7783295356589237,False,False,False,True,True,8,56,190,0,0.13042483076748582,0.12856343831907954,0.0009468442982054061,0.017084810376976484,0.12477450399995442,2.7767386455677476
balanced,1329069266936186,22151154,prediction_full,0.10585175979558513,2.686367144039653,0.12408204161554451,2.7783295356589237,0.12671062411209602,2.8152391540803015,False,False,False,True,True,8,56,190,17,0.13042483076748582,0.12864113878145797,0.0009468442982054061,0.017084810376976484,0.12739304405782786,2.813709483977009
balanced,1329069266936186,22151154,prediction_common,0.10585175979558513,2.686367144039653,0.12408204161554451,2.7783295356589237,0.11670132477912896,2.6982333097017404,False,False,False,True,True,8,56,190,28,0.13042483076748582,0.1287920277074335,0.0009468442982054061,0.017084810376976484,0.11741315983117587,2.69657054076796
balanced,1329069266936186,22151154,oracle_prediction,0.10585175979558513,2.686367144039653,0.12408204161554451,2.7783295356589237,0.08102062808969855,2.1997263150468394,False,False,False,True,True,8,56,190,27,0.13042483076748582,0.1400972924878307,0.0009468442982054061,0.017084810376976484,0.08176687254255538,2.1970757512574317
balanced,1329069266936186,22151154,oracle_matched_random,0.10585175979558513,2.686367144039653,0.12408204161554451,2.7783295356589237,0.12425876345355473,2.7176034413888677,False,False,False,True,True,8,56,190,10,0.13042483076748582,0.12905168260898003,0.0009468442982054061,0.017084810376976484,0.12496690990230529,2.715605938772977
balanced,1329069267936284,22151154,lidar_only,0.2848890213838482,2.9647484661979755,0.2617073004834231,2.9640742720049613,0.2617073004834231,2.9640742720049613,False,False,False,True,True,8,56,227,0,0.15097290986317874,0.14817241513861265,0.0021144406666193543,0.017678861473539878,0.26318076474701246,2.9482530845075092
balanced,1329069267936284,22151154,prediction_full,0.2848890213838482,2.9647484661979755,0.2617073004834231,2.9640742720049613,0.27262030136890447,3.0772004457002047,False,False,False,True,True,8,56,227,30,0.15097290986317874,0.14902961039838056,0.0021144406666193543,0.017678861473539878,0.2741058579947779,3.061299214531951
balanced,1329069267936284,22151154,prediction_common,0.2848890213838482,2.9647484661979755,0.2617073004834231,2.9640742720049613,0.2567853018847356,2.9137193384156816,False,False,False,True,True,8,56,227,29,0.15097290986317874,0.14830289529973362,0.0021144406666193543,0.017678861473539878,0.2582733049103799,2.8978792025573648
balanced,1329069267936284,22151154,oracle_prediction,0.2848890213838482,2.9647484661979755,0.2617073004834231,2.9640742720049613,0.22130405239711537,2.6738333942280046,False,False,False,True,True,8,56,227,20,0.15097290986317874,0.1551491146592029,0.0021144406666193543,0.017678861473539878,0.22281831263412638,2.658207476722938
balanced,1329069267936284,22151154,oracle_matched_random,0.2848890213838482,2.9647484661979755,0.2617073004834231,2.9640742720049613,0.24547182137753376,2.7817436013038375,False,False,False,True,True,8,56,227,8,0.15097290986317874,0.15069279961990162,0.0021144406666193543,0.017678861473539878,0.24696134123749405,2.765771316391933
balanced,1329069268938839,22151154,lidar_only,0.15377627260033275,1.883473053209172,0.12076917377977829,1.7092602718025898,0.12076917377977829,1.7092602718025898,True,True,True,True,True,8,56,176,0,0.12890851328594688,0.12283030097224582,0.0027153313570463344,0.01994051041467745,0.121217645673665,1.7062830104385318
balanced,1329069268938839,22151154,prediction_full,0.15377627260033275,1.883473053209172,0.12076917377977829,1.7092602718025898,0.1284620810503521,1.7817474163390672,True,True,True,True,True,8,56,176,20,0.12890851328594688,0.12301365325364215,0.0027153313570463344,0.01994051041467745,0.12891171096886528,1.778874632673804
balanced,1329069268938839,22151154,prediction_common,0.15377627260033275,1.883473053209172,0.12076917377977829,1.7092602718025898,0.1255129068274455,1.6977841886736864,True,True,True,True,True,8,56,176,26,0.12890851328594688,0.1232319856965497,0.0027153313570463344,0.01994051041467745,0.12607898114478136,1.6946145785172615
balanced,1329069268938839,22151154,oracle_prediction,0.15377627260033275,1.883473053209172,0.12076917377977829,1.7092602718025898,0.12505935018802652,1.4328078174201428,True,True,True,True,True,8,56,176,24,0.12890851328594688,0.13503316632758738,0.0027153313570463344,0.01994051041467745,0.12569683615344837,1.4284633220073115
balanced,1329069268938839,22151154,oracle_matched_random,0.15377627260033275,1.883473053209172,0.12076917377977829,1.7092602718025898,0.11009974908613727,1.5158307333296583,True,True,True,True,True,8,56,176,8,0.12890851328594688,0.1261599722954103,0.0027153313570463344,0.01994051041467745,0.11064165650728774,1.5114957903011228
balanced,1329069269936473,22151154,lidar_only,0.23280085492327865,2.449362196151333,0.23489369890251172,2.367735183237437,0.23489369890251172,2.367735183237437,False,False,False,True,True,8,56,136,0,0.0910436303369598,0.08877199592157033,0.0011590136016481165,0.0018322902495946929,0.23450546291675414,2.3677543495950673
balanced,1329069269936473,22151154,prediction_full,0.23280085492327865,2.449362196151333,0.23489369890251172,2.367735183237437,0.2394326805066654,2.381143461589547,False,False,False,True,True,8,56,136,16,0.0910436303369598,0.08924828636656845,0.0011590136016481165,0.0018322902495946929,0.2390303492851005,2.381169231488452
balanced,1329069269936473,22151154,prediction_common,0.23280085492327865,2.449362196151333,0.23489369890251172,2.367735183237437,0.23368047818022175,2.3087435784829045,False,False,False,True,True,8,56,136,23,0.0910436303369598,0.0893747688310636,0.0011590136016481165,0.0018322902495946929,0.23330604238886038,2.3088342018072527
balanced,1329069269936473,22151154,oracle_prediction,0.23280085492327865,2.449362196151333,0.23489369890251172,2.367735183237437,0.19776699113132193,1.7604343448387552,False,False,True,True,True,9,63,136,22,0.0910436303369598,0.11054409783432019,0.0011590136016481165,0.0018322902495946929,0.19749523700808946,1.7609739735061036
balanced,1329069269936473,22151154,oracle_matched_random,0.23280085492327865,2.449362196151333,0.23489369890251172,2.367735183237437,0.23902497229968403,2.5415930083343548,False,False,False,True,True,8,56,136,6,0.0910436303369598,0.09163412921373124,0.0011590136016481165,0.0018322902495946929,0.23872261999425168,2.5417067870892525
balanced,1329069270936571,22151154,lidar_only,0.26360832978484644,1.3334491274452656,0.20890395944496157,1.196963103493585,0.20890395944496157,1.196963103493585,True,True,True,True,True,8,56,137,0,0.10564949733904502,0.09919111342997675,0.0008071436406236623,0.0014739458121614186,0.20912182714140737,1.1971542446298393
balanced,1329069270936571,22151154,prediction_full,0.26360832978484644,1.3334491274452656,0.20890395944496157,1.196963103493585,0.20793815476839778,1.1737141362868875,True,True,True,True,True,8,56,137,17,0.10564949733904502,0.09923935847293619,0.0008071436406236623,0.0014739458121614186,0.20814756069969376,1.1738972537556205
balanced,1329069270936571,22151154,prediction_common,0.26360832978484644,1.3334491274452656,0.20890395944496157,1.196963103493585,0.20845877742551505,1.2013594965621053,True,True,True,True,True,8,56,137,24,0.10564949733904502,0.09933420496072834,0.0008071436406236623,0.0014739458121614186,0.20867929198013854,1.2015124112363404
balanced,1329069270936571,22151154,oracle_prediction,0.26360832978484644,1.3334491274452656,0.20890395944496157,1.196963103493585,0.13096231305479958,0.8253688864673699,True,True,True,True,True,9,63,137,18,0.10564949733904502,0.11550815165307854,0.0008071436406236623,0.0014739458121614186,0.1312500414960648,0.8249057007313798
balanced,1329069270936571,22151154,oracle_matched_random,0.26360832978484644,1.3334491274452656,0.20890395944496157,1.196963103493585,0.256111594786898,1.4166577103183835,True,True,True,True,True,8,56,137,5,0.10564949733904502,0.10186921926265179,0.0008071436406236623,0.0014739458121614186,0.25629488216729623,1.4169006634436907
balanced,1329069271936728,22151154,lidar_only,0.16696861167593555,1.0790583066979498,0.16842763673120606,1.0408162415944788,0.16842763673120606,1.0408162415944788,True,True,True,True,True,7,49,195,0,0.14348991564695354,0.14159309364783407,0.00019536676805088227,0.00017388649138529172,0.1684336982139409,1.0408329418041617
balanced,1329069271936728,22151154,prediction_full,0.16696861167593555,1.0790583066979498,0.16842763673120606,1.0408162415944788,0.17384010731058513,1.121122251880393,True,True,True,True,True,7,49,195,24,0.14348991564695354,0.14237171785556596,0.00019536676805088227,0.00017388649138529172,0.17384879295031158,1.1211300047208066
balanced,1329069271936728,22151154,prediction_common,0.16696861167593555,1.0790583066979498,0.16842763673120606,1.0408162415944788,0.16851371053809158,1.0340824532801012,True,True,True,True,True,7,49,195,25,0.14348991564695354,0.14165476889837814,0.00019536676805088227,0.00017388649138529172,0.16851657074956317,1.0341013259805798
balanced,1329069271936728,22151154,oracle_prediction,0.16696861167593555,1.0790583066979498,0.16842763673120606,1.0408162415944788,0.15705577961464107,0.9230254995550428,True,True,True,True,True,8,56,195,23,0.14348991564695354,0.14415757083943473,0.00019536676805088227,0.00017388649138529172,0.1570796007567226,0.9230647549989615
balanced,1329069271936728,22151154,oracle_matched_random,0.16696861167593555,1.0790583066979498,0.16842763673120606,1.0408162415944788,0.1592299932502077,0.900309388766667,True,True,True,True,True,8,56,195,10,0.14348991564695354,0.14394875933207565,0.00019536676805088227,0.00017388649138529172,0.15927102717758715,0.9003340899458184
balanced,1329069272936767,22151154,lidar_only,0.21228366606161284,1.038450647369272,0.19737677851233854,0.9844249627524165,0.19737677851233854,0.9844249627524165,True,True,True,True,True,7,49,176,0,0.12989038010933296,0.12905526651742855,0.0032317988325946097,0.0016380526662701147,0.19974074951152,0.9856862973832917
balanced,1329069272936767,22151154,prediction_full,0.21228366606161284,1.038450647369272,0.19737677851233854,0.9844249627524165,0.19856892440624607,1.0577749205821148,True,True,True,True,True,8,56,176,29,0.12989038010933296,0.12934015929565937,0.0032317988325946097,0.0016380526662701147,0.20084744379857772,1.0590908713263696
balanced,1329069272936767,22151154,prediction_common,0.21228366606161284,1.038450647369272,0.19737677851233854,0.9844249627524165,0.2062728335281747,1.0725920207791237,True,True,True,True,True,8,56,176,38,0.12989038010933296,0.1298173133401897,0.0032317988325946097,0.0016380526662701147,0.20848083723895053,1.073957467251531
balanced,1329069272936767,22151154,oracle_prediction,0.21228366606161284,1.038450647369272,0.19737677851233854,0.9844249627524165,0.21091908993045091,1.158416306612255,True,True,True,True,True,7,49,176,34,0.12989038010933296,0.13443044363970022,0.0032317988325946097,0.0016380526662701147,0.21280715872006858,1.159893085001059
balanced,1329069272936767,22151154,oracle_matched_random,0.21228366606161284,1.038450647369272,0.19737677851233854,0.9844249627524165,0.20672947010111717,1.0876093360266081,True,True,True,True,True,7,49,176,11,0.12989038010933296,0.12963001301008234,0.0032317988325946097,0.0016380526662701147,0.20895889359623193,1.088955308130772
balanced,1329069273936858,22151154,lidar_only,0.24766389192741103,1.6707791409024404,0.24610798516007062,1.5081970193585559,0.24610798516007062,1.5081970193585559,True,True,True,True,True,8,56,139,0,0.10735262257073167,0.10320021101274769,0.0023619633053986334,0.008960238813656646,0.24714863227204156,1.5158758576474334
balanced,1329069273936858,22151154,prediction_full,0.24766389192741103,1.6707791409024404,0.24610798516007062,1.5081970193585559,0.25141861882837774,1.5117720508453074,True,True,True,True,True,8,56,139,24,0.10735262257073167,0.1032754516824146,0.0023619633053986334,0.008960238813656646,0.2524606729968821,1.5194728475190966
balanced,1329069273936858,22151154,prediction_common,0.24766389192741103,1.6707791409024404,0.24610798516007062,1.5081970193585559,0.26754810304899523,1.6315931157411447,True,True,True,True,True,8,56,139,42,0.10735262257073167,0.10452080432726232,0.0023619633053986334,0.008960238813656646,0.2686865647047283,1.6391831354565465
balanced,1329069273936858,22151154,oracle_prediction,0.24766389192741103,1.6707791409024404,0.24610798516007062,1.5081970193585559,0.23807615828003906,1.4747204767808253,True,True,True,True,True,8,56,139,26,0.10735262257073167,0.10914939562003091,0.0023619633053986334,0.008960238813656646,0.23892494623464788,1.48267765065506
balanced,1329069273936858,22151154,oracle_matched_random,0.24766389192741103,1.6707791409024404,0.24610798516007062,1.5081970193585559,0.2806787001960057,1.6663944610404184,True,True,True,True,True,8,56,139,9,0.10735262257073167,0.10851049442243833,0.0023619633053986334,0.008960238813656646,0.28195376165791336,1.6737797641100298
balanced,1329069274936948,22151154,lidar_only,0.23429237594619684,2.2493974464469435,0.1974561840791009,1.9983100985699895,0.1974561840791009,1.9983100985699895,False,True,True,True,True,8,56,161,0,0.1235667948699668,0.10602137501464853,0.002304284650386567,0.0020524215168179084,0.19912756715303984,1.9988156946682258
balanced,1329069274936948,22151154,prediction_full,0.23429237594619684,2.2493974464469435,0.1974561840791009,1.9983100985699895,0.20932990973285448,2.0590455157746494,False,True,False,True,True,8,56,161,31,0.1235667948699668,0.10637553841254939,0.002304284650386567,0.0020524215168179084,0.21099346286758008,2.05952983199289
balanced,1329069274936948,22151154,prediction_common,0.23429237594619684,2.2493974464469435,0.1974561840791009,1.9983100985699895,0.19234055333540045,1.9430639545791384,False,True,True,True,True,8,56,161,41,0.1235667948699668,0.10617469187556688,0.002304284650386567,0.0020524215168179084,0.19406262168364377,1.943518827688524
balanced,1329069274936948,22151154,oracle_prediction,0.23429237594619684,2.2493974464469435,0.1974561840791009,1.9983100985699895,0.15659117660564578,1.640757992276901,False,True,True,True,True,8,56,161,28,0.1235667948699668,0.11902087947074812,0.002304284650386567,0.0020524215168179084,0.1579823878950506,1.6411830797826825
balanced,1329069274936948,22151154,oracle_matched_random,0.23429237594619684,2.2493974464469435,0.1974561840791009,1.9983100985699895,0.22141598360784975,2.045771818889295,False,True,False,True,True,8,56,161,9,0.1235667948699668,0.10696953909398015,0.002304284650386567,0.0020524215168179084,0.2231289806208157,2.046295139537288
balanced,1329069275937051,22151154,lidar_only,0.17044080036921913,1.9036645603375115,0.22117244515364495,1.8387541607387263,0.22117244515364495,1.8387541607387263,True,True,True,True,True,8,56,166,0,0.14255061115740159,0.13817329097124642,0.00044668081864965596,0.0066826809523030835,0.22091936729891384,1.8332036318058222
balanced,1329069275937051,22151154,prediction_full,0.17044080036921913,1.9036645603375115,0.22117244515364495,1.8387541607387263,0.21682855421773198,1.7995820106281233,True,True,True,True,True,8,56,166,18,0.14255061115740159,0.13955703569427036,0.00044668081864965596,0.0066826809523030835,0.21658209257803232,1.7937355297350264
balanced,1329069275937051,22151154,prediction_common,0.17044080036921913,1.9036645603375115,0.22117244515364495,1.8387541607387263,0.22178985040843957,1.8281109123159125,True,True,True,True,True,8,56,166,42,0.14255061115740159,0.13828764369379154,0.00044668081864965596,0.0066826809523030835,0.22154012321542113,1.8225468237232016
balanced,1329069275937051,22151154,oracle_prediction,0.17044080036921913,1.9036645603375115,0.22117244515364495,1.8387541607387263,0.22494165212335493,1.6291186466862806,True,True,True,True,True,8,56,166,33,0.14255061115740159,0.15214719197855878,0.00044668081864965596,0.0066826809523030835,0.22464243087005642,1.6234253222711081
balanced,1329069275937051,22151154,oracle_matched_random,0.17044080036921913,1.9036645603375115,0.22117244515364495,1.8387541607387263,0.20488524717791348,1.7859673532458942,True,True,True,True,True,8,56,166,9,0.14255061115740159,0.13894302270922515,0.00044668081864965596,0.0066826809523030835,0.20463103782431777,1.7802359933927137
balanced,1329069276937155,22151154,lidar_only,0.2637633623316653,2.531839180602137,0.287604080677689,2.557773175477954,0.287604080677689,2.557773175477954,False,False,False,True,True,8,56,63,0,0.06497982215917532,0.06336149238049922,0.002008321164531791,0.020114719566487336,0.2887962297982521,2.5611391384775204
balanced,1329069276937155,22151154,prediction_full,0.2637633623316653,2.531839180602137,0.287604080677689,2.557773175477954,0.30277859673698365,2.6250079358124627,False,False,False,True,True,8,56,63,13,0.06497982215917532,0.06376210429209488,0.002008321164531791,0.020114719566487336,0.3039855295708285,2.628463876988617
balanced,1329069276937155,22151154,prediction_common,0.2637633623316653,2.531839180602137,0.287604080677689,2.557773175477954,0.27999494444222917,2.551979578443625,False,False,False,True,True,8,56,63,46,0.06497982215917532,0.06432774196645259,0.002008321164531791,0.020114719566487336,0.28108892940526786,2.5559963203231333
balanced,1329069276937155,22151154,oracle_prediction,0.2637633623316653,2.531839180602137,0.287604080677689,2.557773175477954,0.20603572715729887,2.194060696082629,False,False,False,True,True,9,63,63,31,0.06497982215917532,0.0767275252738613,0.002008321164531791,0.020114719566487336,0.2064284877033449,2.1979789820140487
balanced,1329069276937155,22151154,oracle_matched_random,0.2637633623316653,2.531839180602137,0.287604080677689,2.557773175477954,0.2957055372739358,2.633396167081854,False,False,False,True,True,8,56,63,11,0.06497982215917532,0.06534989469724262,0.002008321164531791,0.020114719566487336,0.29679930144240774,2.637496088585016
balanced,1329069277937244,22151154,lidar_only,0.31257584487774775,2.6902886099445307,0.31699600954721296,2.677936451416082,0.31699600954721296,2.677936451416082,False,False,False,True,True,8,56,89,0,0.07476670496491213,0.07318065133121335,6.851172047086336e-05,0.003667266455579117,0.3169326562808655,2.674940084164262
balanced,1329069277937244,22151154,prediction_full,0.31257584487774775,2.6902886099445307,0.31699600954721296,2.677936451416082,0.3086283798435284,2.679779028652626,False,False,False,True,True,8,56,89,19,0.07476670496491213,0.07341675147791925,6.851172047086336e-05,0.003667266455579117,0.3085656064179389,2.67685327605737
balanced,1329069277937244,22151154,prediction_common,0.31257584487774775,2.6902886099445307,0.31699600954721296,2.677936451416082,0.3123832648660369,2.8986411709043773,False,False,False,True,True,8,56,89,40,0.07476670496491213,0.07612165626116703,6.851172047086336e-05,0.003667266455579117,0.31232230897838476,2.895968695732434
balanced,1329069277937244,22151154,oracle_prediction,0.31257584487774775,2.6902886099445307,0.31699600954721296,2.677936451416082,0.263527916216786,2.6328013075509022,False,False,False,True,True,8,56,89,8,0.07476670496491213,0.08012500246923293,6.851172047086336e-05,0.003667266455579117,0.2634674865386544,2.6300428716745516
balanced,1329069277937244,22151154,oracle_matched_random,0.31257584487774775,2.6902886099445307,0.31699600954721296,2.677936451416082,0.29600735374985376,2.7975897713746347,False,False,False,True,True,8,56,89,2,0.07476670496491213,0.07543321954337162,6.851172047086336e-05,0.003667266455579117,0.29594433535792236,2.7949073482979423
balanced,1329069278937334,22151154,lidar_only,0.11850515923570264,1.974398012619292,0.09651293688413573,1.7280785796881293,0.09651293688413573,1.7280785796881293,True,True,True,True,True,8,56,127,0,0.11883842858773273,0.11507308279307508,0.0005819784361133716,0.011602175971009366,0.09604185860058341,1.7288546064378112
balanced,1329069278937334,22151154,prediction_full,0.11850515923570264,1.974398012619292,0.09651293688413573,1.7280785796881293,0.11381491092769509,2.017803223753514,True,True,False,True,True,7,49,127,33,0.11883842858773273,0.11717581989803319,0.0005819784361133716,0.011602175971009366,0.1132975492176464,2.018865822594013
balanced,1329069278937334,22151154,prediction_common,0.11850515923570264,1.974398012619292,0.09651293688413573,1.7280785796881293,0.13764599036729264,2.003556176992591,True,True,False,True,True,7,49,127,48,0.11883842858773273,0.11941629111021064,0.0005819784361133716,0.011602175971009366,0.1371157045706233,2.0040940966481933
balanced,1329069278937334,22151154,oracle_prediction,0.11850515923570264,1.974398012619292,0.09651293688413573,1.7280785796881293,0.12862894643639794,1.7968858683642521,True,True,True,True,True,9,63,127,26,0.11883842858773273,0.1292703987991273,0.0005819784361133716,0.011602175971009366,0.12805077440873067,1.7985492150408744
balanced,1329069278937334,22151154,oracle_matched_random,0.11850515923570264,1.974398012619292,0.09651293688413573,1.7280785796881293,0.1691750895864169,1.9739858384834594,True,True,True,True,True,9,63,127,13,0.11883842858773273,0.12943270701632595,0.0005819784361133716,0.011602175971009366,0.16859733193201024,1.9743601475065453
balanced,1329069279937436,22151154,lidar_only,0.19778027388362013,1.4427847175530386,0.2376712015865111,1.3621196047572788,0.2376712015865111,1.3621196047572788,True,True,True,True,True,9,63,66,0,0.040326467148047065,0.037331620465685,0.00032025524534492426,0.004819691516195857,0.2378253303064516,1.3580727196345788
balanced,1329069279937436,22151154,prediction_full,0.19778027388362013,1.4427847175530386,0.2376712015865111,1.3621196047572788,0.24089256541843615,1.2204263688032047,True,True,True,True,True,8,56,66,16,0.040326467148047065,0.037872991575527655,0.00032025524534492426,0.004819691516195857,0.24106600717095986,1.216770803926394
balanced,1329069279937436,22151154,prediction_common,0.19778027388362013,1.4427847175530386,0.2376712015865111,1.3621196047572788,0.25654168751000506,1.2107358517260522,True,True,True,True,True,8,56,66,34,0.040326467148047065,0.0391435453721182,0.00032025524534492426,0.004819691516195857,0.2567271388990135,1.206589538220871
balanced,1329069279937436,22151154,oracle_prediction,0.19778027388362013,1.4427847175530386,0.2376712015865111,1.3621196047572788,0.283052306608407,0.9598847898487249,True,True,True,True,True,8,56,66,33,0.040326467148047065,0.04747741282020347,0.00032025524534492426,0.004819691516195857,0.2832574116307935,0.9557987889420052
balanced,1329069279937436,22151154,oracle_matched_random,0.19778027388362013,1.4427847175530386,0.2376712015865111,1.3621196047572788,0.28292203296931073,1.1827126207231007,True,True,True,True,True,8,56,66,12,0.040326467148047065,0.044100932146580604,0.00032025524534492426,0.004819691516195857,0.28312209869469235,1.1781749195111877
balanced,1329069280937529,22151154,lidar_only,0.11190048388640014,1.5875680354230757,0.14002526164734502,1.7750841315178658,0.14002526164734502,1.7750841315178658,True,True,True,True,True,8,56,178,0,0.13152540574358795,0.12923326827754553,0.0006911346317306841,0.06660386170066895,0.14063498013008463,1.8271678969896403
balanced,1329069280937529,22151154,prediction_full,0.11190048388640014,1.5875680354230757,0.14002526164734502,1.7750841315178658,0.1408315327394533,1.7819424019518695,True,True,True,True,True,8,56,178,1,0.13152540574358795,0.12924103379572133,0.0006911346317306841,0.06660386170066895,0.1414385505308321,1.8337205028313086
balanced,1329069280937529,22151154,prediction_common,0.11190048388640014,1.5875680354230757,0.14002526164734502,1.7750841315178658,0.14400625705422848,1.8119236310368598,True,True,True,True,True,8,56,178,7,0.13152540574358795,0.12931158618204044,0.0006911346317306841,0.06660386170066895,0.14460719497556263,1.863015746347907
balanced,1329069280937529,22151154,oracle_prediction,0.11190048388640014,1.5875680354230757,0.14002526164734502,1.7750841315178658,0.20127671229239352,1.9964719324617755,True,True,True,True,True,9,63,178,4,0.13152540574358795,0.1476323438134196,0.0006911346317306841,0.06660386170066895,0.2017248561102522,2.034967167522028
balanced,1329069280937529,22151154,oracle_matched_random,0.11190048388640014,1.5875680354230757,0.14002526164734502,1.7750841315178658,0.16285275331889523,2.1330697791425224,True,True,False,True,True,8,56,178,2,0.13152540574358795,0.13569853599824383,0.0006911346317306841,0.06660386170066895,0.16347100418802982,2.1842626409112293
balanced,1329069281937627,22151154,lidar_only,0.23253897839345553,2.4110411880055924,0.24870487853780715,2.707966792842575,0.24870487853780715,2.707966792842575,False,False,False,True,True,8,56,147,0,0.11922391242068352,0.11601003203396475,0.0004148858860059781,0.12392907718459403,0.2491056961369106,2.6410770408498156
balanced,1329069281937627,22151154,prediction_full,0.23253897839345553,2.4110411880055924,0.24870487853780715,2.707966792842575,0.24869359659313006,2.709082107590609,False,False,False,True,True,7,49,147,2,0.11922391242068352,0.11601248592540861,0.0004148858860059781,0.12392907718459403,0.24909454790596988,2.642296678026517
balanced,1329069281937627,22151154,prediction_common,0.23253897839345553,2.4110411880055924,0.24870487853780715,2.707966792842575,0.24849130492327387,2.702066333763141,False,False,False,True,True,8,56,147,3,0.11922391242068352,0.1160323320656137,0.0004148858860059781,0.12392907718459403,0.24889215563802278,2.634560219337835
balanced,1329069281937627,22151154,oracle_prediction,0.23253897839345553,2.4110411880055924,0.24870487853780715,2.707966792842575,0.22323821440646616,2.139595829449232,False,False,False,True,True,10,70,147,2,0.11922391242068352,0.15710606684932213,0.0004148858860059781,0.12392907718459403,0.22362524552959245,2.0470466688443336
balanced,1329069281937627,22151154,oracle_matched_random,0.23253897839345553,2.4110411880055924,0.24870487853780715,2.707966792842575,0.24870487853780715,2.707966792842575,False,False,False,True,True,8,56,147,0,0.11922391242068352,0.11601003203396475,0.0004148858860059781,0.12392907718459403,0.2491056961369106,2.6410770408498156
balanced,1329069282937723,22151154,lidar_only,0.1082558986171072,1.5128167030798318,0.12152028190925444,1.661490234742669,0.12152028190925444,1.661490234742669,True,True,True,True,True,8,56,96,0,0.06755465642590211,0.06580419922910592,2.7998034572939176e-05,0.07341176751466874,0.12151407300942017,1.7044872252994072
balanced,1329069282937723,22151154,prediction_full,0.1082558986171072,1.5128167030798318,0.12152028190925444,1.661490234742669,0.12456276172506195,1.6524009453546935,True,True,True,True,True,8,56,96,1,0.06755465642590211,0.06582347272688674,2.7998034572939176e-05,0.07341176751466874,0.12455622004850424,1.695416259257757
balanced,1329069282937723,22151154,prediction_common,0.1082558986171072,1.5128167030798318,0.12152028190925444,1.661490234742669,0.12152028190925444,1.661490234742669,True,True,True,True,True,8,56,96,0,0.06755465642590211,0.06580419922910592,2.7998034572939176e-05,0.07341176751466874,0.12151407300942017,1.7044872252994072
balanced,1329069282937723,22151154,oracle_prediction,0.1082558986171072,1.5128167030798318,0.12152028190925444,1.661490234742669,0.12152028190925444,1.661490234742669,True,True,True,True,True,8,56,96,0,0.06755465642590211,0.06580419922910592,2.7998034572939176e-05,0.07341176751466874,0.12151407300942017,1.7044872252994072
balanced,1329069282937723,22151154,oracle_matched_random,0.1082558986171072,1.5128167030798318,0.12152028190925444,1.661490234742669,0.12152028190925444,1.661490234742669,True,True,True,True,True,8,56,96,0,0.06755465642590211,0.06580419922910592,2.7998034572939176e-05,0.07341176751466874,0.12151407300942017,1.7044872252994072
balanced,1329069283937817,22151154,lidar_only,0.14701388332049586,1.6698321538432153,0.11094661436043367,1.795644107720143,0.11094661436043367,1.795644107720143,True,True,True,True,True,9,63,107,0,0.0755105691934108,0.07146786000764303,0.00017443024442781208,0.16802691419194216,0.11104767812989141,1.7644877460909358
balanced,1329069283937817,22151154,prediction_full,0.14701388332049586,1.6698321538432153,0.11094661436043367,1.795644107720143,0.11094661436043367,1.795644107720143,True,True,True,True,True,9,63,107,0,0.0755105691934108,0.07146786000764303,0.00017443024442781208,0.16802691419194216,0.11104767812989141,1.7644877460909358
balanced,1329069283937817,22151154,prediction_common,0.14701388332049586,1.6698321538432153,0.11094661436043367,1.795644107720143,0.11094661436043367,1.795644107720143,True,True,True,True,True,9,63,107,0,0.0755105691934108,0.07146786000764303,0.00017443024442781208,0.16802691419194216,0.11104767812989141,1.7644877460909358
balanced,1329069283937817,22151154,oracle_prediction,0.14701388332049586,1.6698321538432153,0.11094661436043367,1.795644107720143,0.11094661436043367,1.795644107720143,True,True,True,True,True,9,63,107,0,0.0755105691934108,0.07146786000764303,0.00017443024442781208,0.16802691419194216,0.11104767812989141,1.7644877460909358
balanced,1329069283937817,22151154,oracle_matched_random,0.14701388332049586,1.6698321538432153,0.11094661436043367,1.795644107720143,0.11094661436043367,1.795644107720143,True,True,True,True,True,9,63,107,0,0.0755105691934108,0.07146786000764303,0.00017443024442781208,0.16802691419194216,0.11104767812989141,1.7644877460909358
balanced,1329069284937904,22151154,lidar_only,0.19246884384850224,1.4465177022682425,0.2051119314578935,1.5257610790034195,0.2051119314578935,1.5257610790034195,True,True,True,True,True,8,56,117,0,0.09486654266014266,0.09317747502016155,5.988690789334737e-05,0.005854255520146763,0.20506167254775265,1.523678692066934
balanced,1329069284937904,22151154,prediction_full,0.19246884384850224,1.4465177022682425,0.2051119314578935,1.5257610790034195,0.2051119314578935,1.5257610790034195,True,True,True,True,True,8,56,117,0,0.09486654266014266,0.09317747502016155,5.988690789334737e-05,0.005854255520146763,0.20506167254775265,1.523678692066934
balanced,1329069284937904,22151154,prediction_common,0.19246884384850224,1.4465177022682425,0.2051119314578935,1.5257610790034195,0.2062982534578203,1.5017056829641215,True,True,True,True,True,8,56,117,3,0.09486654266014266,0.09322114871383004,5.988690789334737e-05,0.005854255520146763,0.2062478683610912,1.4997325703553217
balanced,1329069284937904,22151154,oracle_prediction,0.19246884384850224,1.4465177022682425,0.2051119314578935,1.5257610790034195,0.21696939803445695,1.3353822051226334,True,True,True,True,True,14,98,117,2,0.09486654266014266,0.17847776674184182,5.988690789334737e-05,0.005854255520146763,0.21690988438124725,1.3405006769020351
balanced,1329069284937904,22151154,oracle_matched_random,0.19246884384850224,1.4465177022682425,0.2051119314578935,1.5257610790034195,0.2051119314578935,1.5257610790034195,True,True,True,True,True,8,56,117,0,0.09486654266014266,0.09317747502016155,5.988690789334737e-05,0.005854255520146763,0.20506167254775265,1.523678692066934
balanced,1329069285938029,22151154,lidar_only,0.17841297243253493,1.4525071745174856,0.17827925747870355,1.6099946022428675,0.17827925747870355,1.6099946022428675,True,True,True,True,True,8,56,184,0,0.13791109264227192,0.13335930303722374,2.1701920344332443e-05,0.0036052708008027378,0.17827898070887593,1.6087743032006974
balanced,1329069285938029,22151154,prediction_full,0.17841297243253493,1.4525071745174856,0.17827925747870355,1.6099946022428675,0.1771907605672589,1.59433519614506,True,True,True,True,True,8,56,184,5,0.13791109264227192,0.13343223088656422,2.1701920344332443e-05,0.0036052708008027378,0.17719059469386741,1.593116125806542
balanced,1329069285938029,22151154,prediction_common,0.17841297243253493,1.4525071745174856,0.17827925747870355,1.6099946022428675,0.17315313557548306,1.5991350630444332,True,True,True,True,True,8,56,184,27,0.13791109264227192,0.13346877741255272,2.1701920344332443e-05,0.0036052708008027378,0.17315292489595646,1.597917061296495
balanced,1329069285938029,22151154,oracle_prediction,0.17841297243253493,1.4525071745174856,0.17827925747870355,1.6099946022428675,0.14338049030184635,1.3311519150440776,True,True,True,True,True,8,56,184,19,0.13791109264227192,0.14810823033564452,2.1701920344332443e-05,0.0036052708008027378,0.14338191296166558,1.3301694602423184
balanced,1329069285938029,22151154,oracle_matched_random,0.17841297243253493,1.4525071745174856,0.17827925747870355,1.6099946022428675,0.14973523980108422,1.572041130679075,True,True,True,True,True,8,56,184,14,0.13791109264227192,0.13664495788821318,2.1701920344332443e-05,0.0036052708008027378,0.14973632203107168,1.5706409704033257
balanced,1329069286938104,22151154,lidar_only,0.1019391461460455,2.04421363691183,0.1037281435875977,2.0534460432389756,0.1037281435875977,2.0534460432389756,False,False,False,True,True,7,49,218,0,0.15152105224535012,0.15102143415564329,0.00025316348735226,0.002024229910780825,0.10348234768633452,2.0527060912987936
balanced,1329069286938104,22151154,prediction_full,0.1019391461460455,2.04421363691183,0.1037281435875977,2.0534460432389756,0.1029435319459134,2.081455893208978,False,False,False,True,True,7,49,218,30,0.15152105224535012,0.1516219501131365,0.00025316348735226,0.002024229910780825,0.10270236726599075,2.0806638567050024
balanced,1329069286938104,22151154,prediction_common,0.1019391461460455,2.04421363691183,0.1037281435875977,2.0534460432389756,0.10086277561824271,2.035914037611555,False,False,False,True,True,6,42,218,37,0.15152105224535012,0.15190357135222343,0.00025316348735226,0.002024229910780825,0.10062041013027147,2.035215613684297
balanced,1329069286938104,22151154,oracle_prediction,0.1019391461460455,2.04421363691183,0.1037281435875977,2.0534460432389756,0.09430601097437692,1.8252431678591736,False,False,True,True,True,8,56,218,25,0.15152105224535012,0.17332219762412845,0.00025316348735226,0.002024229910780825,0.09418055941714976,1.8246041974680567
balanced,1329069286938104,22151154,oracle_matched_random,0.1019391461460455,2.04421363691183,0.1037281435875977,2.0534460432389756,0.09102946840992772,1.977562032872351,False,False,True,True,True,8,56,218,10,0.15152105224535012,0.15625337837719475,0.00025316348735226,0.002024229910780825,0.0908164739817007,1.9768108863212548
balanced,1329069287938199,22151154,lidar_only,0.49911374494583277,4.254526630790195,0.5099914011325701,4.304270003305611,0.5099914011325701,4.304270003305611,False,False,False,True,True,8,56,88,0,0.07138174917516295,0.0695782098099203,0.002443636225252929,0.05381258326271903,0.5075880492472454,4.291299644333999
balanced,1329069287938199,22151154,prediction_full,0.49911374494583277,4.254526630790195,0.5099914011325701,4.304270003305611,0.508621351789762,4.277065493848387,False,False,False,True,True,8,56,88,19,0.07138174917516295,0.07003686776114527,0.002443636225252929,0.05381258326271903,0.506208181425611,4.2650957593168926
balanced,1329069287938199,22151154,prediction_common,0.49911374494583277,4.254526630790195,0.5099914011325701,4.304270003305611,0.4953743722040079,4.207639271435134,False,False,False,True,True,8,56,88,27,0.07138174917516295,0.07099162491336714,0.002443636225252929,0.05381258326271903,0.49295416986655793,4.194986764287598
balanced,1329069287938199,22151154,oracle_prediction,0.49911374494583277,4.254526630790195,0.5099914011325701,4.304270003305611,0.46545382214478714,3.6818118051453066,False,False,False,True,True,12,84,88,9,0.07138174917516295,0.1114633052390372,0.002443636225252929,0.05381258326271903,0.463034090577748,3.6650744528081023
balanced,1329069287938199,22151154,oracle_matched_random,0.49911374494583277,4.254526630790195,0.5099914011325701,4.304270003305611,0.4507387261011778,4.133071401754609,False,False,False,True,True,9,63,88,9,0.07138174917516295,0.08095429146727103,0.002443636225252929,0.05381258326271903,0.4483030737673672,4.124730612381096
balanced,1329069288938293,22151154,lidar_only,0.302581198751144,3.7965793511193846,0.26444563704565344,3.7901142951928724,0.26444563704565344,3.7901142951928724,False,False,False,True,True,8,56,212,0,0.16035693766580467,0.15564577922445144,0.003114836684446263,0.04071236307530083,0.2620876722893516,3.7498725958269636
balanced,1329069288938293,22151154,prediction_full,0.302581198751144,3.7965793511193846,0.26444563704565344,3.7901142951928724,0.269371504313403,3.7452988319199676,False,False,False,True,True,8,56,212,34,0.16035693766580467,0.15603632898999792,0.003114836684446263,0.04071236307530083,0.2670419954986195,3.705067232803401
balanced,1329069288938293,22151154,prediction_common,0.302581198751144,3.7965793511193846,0.26444563704565344,3.7901142951928724,0.27443738051021804,3.715802919572866,False,False,False,True,True,8,56,212,55,0.16035693766580467,0.15767365696154298,0.003114836684446263,0.04071236307530083,0.2721008129929598,3.675515419880117
balanced,1329069288938293,22151154,oracle_prediction,0.302581198751144,3.7965793511193846,0.26444563704565344,3.7901142951928724,0.18706732908790358,3.4419070371472946,False,False,False,True,True,11,77,212,13,0.16035693766580467,0.21581567048227,0.003114836684446263,0.04071236307530083,0.1840561023561036,3.4018180344466185
balanced,1329069288938293,22151154,oracle_matched_random,0.302581198751144,3.7965793511193846,0.26444563704565344,3.7901142951928724,0.26540768485392024,3.689491443370864,False,False,False,True,True,8,56,212,6,0.16035693766580467,0.16024495182059803,0.003114836684446263,0.04071236307530083,0.2630829426771352,3.6491381785922443
balanced,1329069289938425,22151154,lidar_only,0.43433605490222643,2.7177401139742803,0.42886276007570445,2.6377727698816473,0.42886276007570445,2.6377727698816473,False,False,False,True,True,7,49,184,0,0.13563715432020712,0.1347394764080433,0.0012110495035469492,0.004277317335450548,0.4300716208467937,2.639033702368131
balanced,1329069289938425,22151154,prediction_full,0.43433605490222643,2.7177401139742803,0.42886276007570445,2.6377727698816473,0.4277781426184841,2.6019705297212163,False,False,False,True,True,8,56,184,33,0.13563715432020712,0.13528105005719276,0.0012110495035469492,0.004277317335450548,0.4289868653326241,2.6031751469781717
balanced,1329069289938425,22151154,prediction_common,0.43433605490222643,2.7177401139742803,0.42886276007570445,2.6377727698816473,0.44335963364297915,2.6650950337021873,False,False,False,True,True,8,56,184,52,0.13563715432020712,0.13765056405482975,0.0012110495035469492,0.004277317335450548,0.4445612384753742,2.666225403490131
balanced,1329069289938425,22151154,oracle_prediction,0.43433605490222643,2.7177401139742803,0.42886276007570445,2.6377727698816473,0.3939806405701067,2.392378742057966,False,False,False,True,True,9,63,184,10,0.13563715432020712,0.15309943595598252,0.0012110495035469492,0.004277317335450548,0.3951868824407118,2.3938642060718727
balanced,1329069289938425,22151154,oracle_matched_random,0.43433605490222643,2.7177401139742803,0.42886276007570445,2.6377727698816473,0.41564436622825196,2.5337449379673522,False,False,False,True,True,8,56,184,6,0.13563715432020712,0.1383673830465699,0.0012110495035469492,0.004277317335450548,0.4168521511640075,2.5348922870887782
balanced,1329069290938489,22151154,lidar_only,0.11912301237300406,1.5781804530962011,0.10259357647020616,1.5856503430063578,0.10259357647020616,1.5856503430063578,True,True,True,True,True,8,56,298,0,0.19979525039624546,0.19752646145790353,0.005450931212495715,0.018275777225295498,0.09728764468338606,1.569066403887526
balanced,1329069290938489,22151154,prediction_full,0.11912301237300406,1.5781804530962011,0.10259357647020616,1.5856503430063578,0.10548970343382909,1.5444526334220876,True,True,True,True,True,8,56,298,39,0.19979525039624546,0.19781085857434685,0.005450931212495715,0.018275777225295498,0.10017679324727377,1.5278837946756603
balanced,1329069290938489,22151154,prediction_common,0.11912301237300406,1.5781804530962011,0.10259357647020616,1.5856503430063578,0.10803981096195761,1.5305370330259855,True,True,True,True,True,7,49,298,52,0.19979525039624546,0.19845682752204805,0.005450931212495715,0.018275777225295498,0.10266906737851264,1.5142769517854247
balanced,1329069290938489,22151154,oracle_prediction,0.11912301237300406,1.5781804530962011,0.10259357647020616,1.5856503430063578,0.09623549397431429,1.3763988022004832,True,True,True,True,True,7,49,298,40,0.19979525039624546,0.2033458980350626,0.005450931212495715,0.018275777225295498,0.09108963813273405,1.3602835659332775
balanced,1329069290938489,22151154,oracle_matched_random,0.11912301237300406,1.5781804530962011,0.10259357647020616,1.5856503430063578,0.10725501850496202,1.5277201777239224,True,True,True,True,True,7,49,298,16,0.19979525039624546,0.198931160710928,0.005450931212495715,0.018275777225295498,0.10186989330066973,1.5115674834396056
balanced,1329069291938585,22151154,lidar_only,0.183562887507358,1.0783442793840532,0.16421913114878467,1.1380056984465294,0.16421913114878467,1.1380056984465294,True,True,True,True,True,8,56,277,0,0.19175744120707208,0.18739861669601274,0.005913858034564439,0.03714680378430919,0.16417522680485083,1.1262665782091486
balanced,1329069291938585,22151154,prediction_full,0.183562887507358,1.0783442793840532,0.16421913114878467,1.1380056984465294,0.16081288529399168,1.1895745584279052,True,True,True,True,True,8,56,277,38,0.19175744120707208,0.18799275661313183,0.005913858034564439,0.03714680378430919,0.16059165971661818,1.1778071089156494
balanced,1329069291938585,22151154,prediction_common,0.183562887507358,1.0783442793840532,0.16421913114878467,1.1380056984465294,0.1625026716468179,1.1653309299703465,True,True,True,True,True,8,56,277,52,0.19175744120707208,0.18756352894506143,0.005913858034564439,0.03714680378430919,0.16237807617779082,1.153487759642403
balanced,1329069291938585,22151154,oracle_prediction,0.183562887507358,1.0783442793840532,0.16421913114878467,1.1380056984465294,0.15443675246954086,1.1647964596371196,True,True,True,True,True,8,56,277,49,0.19175744120707208,0.18909826286680786,0.005913858034564439,0.03714680378430919,0.15410824051078698,1.15308456495869
balanced,1329069291938585,22151154,oracle_matched_random,0.183562887507358,1.0783442793840532,0.16421913114878467,1.1380056984465294,0.16099799252114894,1.2465448519220435,True,True,True,True,True,8,56,277,23,0.19175744120707208,0.19005361892670103,0.005913858034564439,0.03714680378430919,0.1609919322683728,1.2341826567249459
balanced,1329069292938682,22151154,lidar_only,0.17156514011446913,1.7607188424893514,0.18802203534361503,1.67179048368849,0.18802203534361503,1.67179048368849,True,True,True,True,True,7,49,277,0,0.19508304895343656,0.19147242093179193,0.0032054286616424992,0.02165520197068751,0.18994400511053972,1.678643525240193
balanced,1329069292938682,22151154,prediction_full,0.17156514011446913,1.7607188424893514,0.18802203534361503,1.67179048368849,0.18670613155353372,1.6614474893261122,True,True,True,True,True,7,49,277,46,0.19508304895343656,0.19205283846906443,0.0032054286616424992,0.02165520197068751,0.18855100098137295,1.668706836075518
balanced,1329069292938682,22151154,prediction_common,0.17156514011446913,1.7607188424893514,0.18802203534361503,1.67179048368849,0.1876023125618161,1.6357685070020391,True,True,True,True,True,7,49,277,76,0.19508304895343656,0.19218001570306628,0.0032054286616424992,0.02165520197068751,0.1893870288772214,1.6430108541168589
balanced,1329069292938682,22151154,oracle_prediction,0.17156514011446913,1.7607188424893514,0.18802203534361503,1.67179048368849,0.1784666460556649,1.5441840873168566,True,True,True,True,True,8,56,277,71,0.19508304895343656,0.19590546840224193,0.0032054286616424992,0.02165520197068751,0.18004058344917742,1.5518789637863075
balanced,1329069292938682,22151154,oracle_matched_random,0.17156514011446913,1.7607188424893514,0.18802203534361503,1.67179048368849,0.19098722728926576,1.6218714184214964,True,True,True,True,True,7,49,277,33,0.19508304895343656,0.19242754885490554,0.0032054286616424992,0.02165520197068751,0.19279512459834872,1.6291131787003015
balanced,1329069293938779,22151154,lidar_only,0.3425817727602557,2.21380785252663,0.36310230842816804,2.164898759047487,0.36310230842816804,2.164898759047487,False,False,False,True,True,8,56,149,0,0.15236783824110625,0.1506512549829292,0.0050184419257812,0.005408064866566652,0.3680073355807624,2.1698881509532475
balanced,1329069293938779,22151154,prediction_full,0.3425817727602557,2.21380785252663,0.36310230842816804,2.164898759047487,0.36660753179469824,2.100354009772872,False,False,False,True,True,8,56,149,26,0.15236783824110625,0.15115024154762047,0.0050184419257812,0.005408064866566652,0.3715148346445951,2.1053561688079125
balanced,1329069293938779,22151154,prediction_common,0.3425817727602557,2.21380785252663,0.36310230842816804,2.164898759047487,0.35666481864154226,2.0770717144017827,False,False,False,True,True,7,49,149,49,0.15236783824110625,0.15114002342634372,0.0050184419257812,0.005408064866566652,0.36158623531340406,2.08206518072256
balanced,1329069293938779,22151154,oracle_prediction,0.3425817727602557,2.21380785252663,0.36310230842816804,2.164898759047487,0.3217876658050963,1.801038362464071,False,False,True,True,True,9,63,149,40,0.15236783824110625,0.16656251256852753,0.0050184419257812,0.005408064866566652,0.3267594625748533,1.8061794933831965
balanced,1329069293938779,22151154,oracle_matched_random,0.3425817727602557,2.21380785252663,0.36310230842816804,2.164898759047487,0.350760770031499,2.099277647839908,False,False,False,True,True,7,49,149,20,0.15236783824110625,0.15209745266700464,0.0050184419257812,0.005408064866566652,0.35566650441238296,2.1043057801810163
balanced,1329069294938873,22151154,lidar_only,0.2198831551596281,2.5547807461723404,0.19255297322205478,2.4134829989147972,0.19255297322205478,2.4134829989147972,False,False,False,True,True,9,63,154,0,0.12618564700556556,0.12180157878298566,0.0013030467919325167,0.028678802330706663,0.19231215251059877,2.3936800178890816
balanced,1329069294938873,22151154,prediction_full,0.2198831551596281,2.5547807461723404,0.19255297322205478,2.4134829989147972,0.195886132789844,2.315995101092303,False,False,False,True,True,9,63,154,27,0.12618564700556556,0.12239332486544464,0.0013030467919325167,0.028678802330706663,0.19563874151778332,2.2964121521025227
balanced,1329069294938873,22151154,prediction_common,0.2198831551596281,2.5547807461723404,0.19255297322205478,2.4134829989147972,0.2071173944637517,2.410133440350449,False,False,False,True,True,8,56,154,56,0.12618564700556556,0.12254284299526469,0.0013030467919325167,0.028678802330706663,0.2067930492668227,2.3909943307870507
balanced,1329069294938873,22151154,oracle_prediction,0.2198831551596281,2.5547807461723404,0.19255297322205478,2.4134829989147972,0.15858990573767953,2.0495720020059953,False,False,False,True,True,9,63,154,36,0.12618564700556556,0.13636925908020023,0.0013030467919325167,0.028678802330706663,0.1582846903600473,2.0307995000089583
balanced,1329069294938873,22151154,oracle_matched_random,0.2198831551596281,2.5547807461723404,0.19255297322205478,2.4134829989147972,0.20391597119774607,2.473495921089959,False,False,False,True,True,8,56,154,15,0.12618564700556556,0.12272180924818524,0.0013030467919325167,0.028678802330706663,0.2036522976962063,2.454844207157245
balanced,1329069295938968,22151154,lidar_only,0.21586772336259805,1.8105119171248465,0.21156237734599698,1.7455335058629526,0.21156237734599698,1.7455335058629526,True,True,True,True,True,8,56,210,0,0.1460378600851829,0.13837159307902622,0.0005426083446834794,0.00035895801171062774,0.21178578560437736,1.745883242216881
balanced,1329069295938968,22151154,prediction_full,0.21586772336259805,1.8105119171248465,0.21156237734599698,1.7455335058629526,0.20587980397027283,1.7520283882636936,True,True,True,True,True,8,56,210,30,0.1460378600851829,0.1384867415020402,0.0005426083446834794,0.00035895801171062774,0.2061032117140297,1.7523792614457931
balanced,1329069295938968,22151154,prediction_common,0.21586772336259805,1.8105119171248465,0.21156237734599698,1.7455335058629526,0.21295733465957187,1.69134391789822,True,True,True,True,True,8,56,210,69,0.1460378600851829,0.13930198773530764,0.0005426083446834794,0.00035895801171062774,0.21321077021248477,1.6916928779129634
balanced,1329069295938968,22151154,oracle_prediction,0.21586772336259805,1.8105119171248465,0.21156237734599698,1.7455335058629526,0.18911487787645212,1.4622706530218226,True,True,True,True,True,8,56,210,58,0.1460378600851829,0.1490437102725064,0.0005426083446834794,0.00035895801171062774,0.18940824704815853,1.4626172643741422
balanced,1329069295938968,22151154,oracle_matched_random,0.21586772336259805,1.8105119171248465,0.21156237734599698,1.7455335058629526,0.2027313143036637,1.6891984037338819,True,True,True,True,True,8,56,210,27,0.1460378600851829,0.140107224901635,0.0005426083446834794,0.00035895801171062774,0.2029555840192273,1.6895486813223473
balanced,1329069296939107,22151154,lidar_only,0.04430860953866553,1.7634618061773764,0.09120680904893863,1.6460691973157826,0.09120680904893863,1.6460691973157826,True,True,True,True,True,8,56,258,0,0.17265789262335912,0.161988736397596,0.0013890203973704466,0.021255002981116777,0.09250411054146085,1.626538331414767
balanced,1329069296939107,22151154,prediction_full,0.04430860953866553,1.7634618061773764,0.09120680904893863,1.6460691973157826,0.10011999443170679,1.696824521926034,True,True,True,True,True,8,56,258,42,0.17265789262335912,0.16344112418903992,0.0013890203973704466,0.021255002981116777,0.1013818986547035,1.6777231614571297
balanced,1329069296939107,22151154,prediction_common,0.04430860953866553,1.7634618061773764,0.09120680904893863,1.6460691973157826,0.09159893062762242,1.6949297494125681,True,True,True,True,True,8,56,258,74,0.17265789262335912,0.1631041578164478,0.0013890203973704466,0.021255002981116777,0.09277194208634737,1.675467117847762
balanced,1329069296939107,22151154,oracle_prediction,0.04430860953866553,1.7634618061773764,0.09120680904893863,1.6460691973157826,0.09167386313331,1.5578221220209654,True,True,True,True,True,7,49,258,53,0.17265789262335912,0.16317549596737016,0.0013890203973704466,0.021255002981116777,0.09300607675630446,1.5383608876164219
balanced,1329069296939107,22151154,oracle_matched_random,0.04430860953866553,1.7634618061773764,0.09120680904893863,1.6460691973157826,0.0963447092602968,1.6471432942225257,True,True,True,True,True,8,56,258,20,0.17265789262335912,0.16243757926597985,0.0013890203973704466,0.021255002981116777,0.09761324310308804,1.627592993610404
balanced,1329069297939246,22151154,lidar_only,0.16165516319762588,0.8306069748508672,0.189033928890875,0.9235692161059198,0.189033928890875,0.9235692161059198,True,True,True,True,True,8,56,215,0,0.13780688328766574,0.134542730633839,0.0014735156383536853,0.00286881868611054,0.1880729988749394,0.922640833058169
balanced,1329069297939246,22151154,prediction_full,0.16165516319762588,0.8306069748508672,0.189033928890875,0.9235692161059198,0.18932801334060334,0.9208805319430545,True,True,True,True,True,8,56,215,26,0.13780688328766574,0.13470510237856648,0.0014735156383536853,0.00286881868611054,0.18836734311805275,0.9198499291912412
balanced,1329069297939246,22151154,prediction_common,0.16165516319762588,0.8306069748508672,0.189033928890875,0.9235692161059198,0.19251785575715688,0.9207908863350203,True,True,True,True,True,8,56,215,44,0.13780688328766574,0.13473783768451952,0.0014735156383536853,0.00286881868611054,0.19151941895493657,0.9199263074001409
balanced,1329069297939246,22151154,oracle_prediction,0.16165516319762588,0.8306069748508672,0.189033928890875,0.9235692161059198,0.18722439559911747,0.7595608755064458,True,True,True,True,True,8,56,215,39,0.13780688328766574,0.13998750589854053,0.0014735156383536853,0.00286881868611054,0.18609487196771965,0.7593004590224756
balanced,1329069297939246,22151154,oracle_matched_random,0.16165516319762588,0.8306069748508672,0.189033928890875,0.9235692161059198,0.1872951488407852,0.8261496635101097,True,True,True,True,True,8,56,215,14,0.13780688328766574,0.13974453295410774,0.0014735156383536853,0.00286881868611054,0.1860817542064759,0.8257034826422864
balanced,1329069298939253,22151154,lidar_only,0.07486274058027066,1.3504930333260992,0.07020792757475379,1.3008707272520612,0.07020792757475379,1.3008707272520612,True,True,True,True,True,8,56,302,0,0.18558075233429372,0.1833336775044664,0.004654969157381084,0.04937844351719149,0.0676277719376943,1.3322951627846857
balanced,1329069298939253,22151154,prediction_full,0.07486274058027066,1.3504930333260992,0.07020792757475379,1.3008707272520612,0.07165419198567738,1.2456636945249153,True,True,True,True,True,8,56,302,37,0.18558075233429372,0.1837498522497175,0.004654969157381084,0.04937844351719149,0.06911970076285653,1.2768969896506552
balanced,1329069298939253,22151154,prediction_common,0.07486274058027066,1.3504930333260992,0.07020792757475379,1.3008707272520612,0.07196591586912819,1.2653154030891547,True,True,True,True,True,8,56,302,29,0.18558075233429372,0.1835631349775977,0.004654969157381084,0.04937844351719149,0.0693802769041699,1.2969740393524394
balanced,1329069298939253,22151154,oracle_prediction,0.07486274058027066,1.3504930333260992,0.07020792757475379,1.3008707272520612,0.08028683258463848,1.0772530086386674,True,True,True,True,True,8,56,302,25,0.18558075233429372,0.196033703648292,0.004654969157381084,0.04937844351719149,0.07776469574785923,1.1094038882629673
balanced,1329069298939253,22151154,oracle_matched_random,0.07486274058027066,1.3504930333260992,0.07020792757475379,1.3008707272520612,0.06881650680062898,1.2377392548489938,True,True,True,True,True,7,49,302,4,0.18558075233429372,0.18491849410710073,0.004654969157381084,0.04937844351719149,0.06682683946637148,1.2701343763750006
balanced,1329069299939343,22151154,lidar_only,0.17625888506270448,1.8547111775546712,0.1418438246089109,1.963186861663193,0.1418438246089109,1.963186861663193,True,True,True,True,True,8,56,245,0,0.14567890415229603,0.14210633762213865,0.0054869473608868125,0.05097449084578796,0.14651118403025074,2.0079912594462836
balanced,1329069299939343,22151154,prediction_full,0.17625888506270448,1.8547111775546712,0.1418438246089109,1.963186861663193,0.14119478975277402,1.9389655103852166,True,True,True,True,True,8,56,245,28,0.14567890415229603,0.14227349839673964,0.0054869473608868125,0.05097449084578796,0.14578698796917,1.983640204580192
balanced,1329069299939343,22151154,prediction_common,0.17625888506270448,1.8547111775546712,0.1418438246089109,1.963186861663193,0.14027731910277164,1.976652040797089,True,True,True,True,True,8,56,245,27,0.14567890415229603,0.14219897257423933,0.0054869473608868125,0.05097449084578796,0.1449120573338319,2.0214084182124976
balanced,1329069299939343,22151154,oracle_prediction,0.17625888506270448,1.8547111775546712,0.1418438246089109,1.963186861663193,0.11160555398854051,1.8552930991109942,True,True,True,True,True,8,56,245,15,0.14567890415229603,0.15134197811420572,0.0054869473608868125,0.05097449084578796,0.11670099594880355,1.8995394467489903
balanced,1329069299939343,22151154,oracle_matched_random,0.17625888506270448,1.8547111775546712,0.1418438246089109,1.963186861663193,0.14629289643249418,1.9454481050166228,True,True,True,True,True,8,56,245,3,0.14567890415229603,0.14309013402232632,0.0054869473608868125,0.05097449084578796,0.15101634998707647,1.9900013270995844
balanced,1329069300939447,22151155,lidar_only,0.07291689559426588,0.6781971576647478,0.08074766641917185,0.6945509952104336,0.08074766641917185,0.6945509952104336,True,True,True,True,True,7,49,332,0,0.19887491426748344,0.1973240703659624,0.006552496880134332,0.033732289883702665,0.0785820618932937,0.7132219893016661
balanced,1329069300939447,22151155,prediction_full,0.07291689559426588,0.6781971576647478,0.08074766641917185,0.6945509952104336,0.079041185281081,0.71665325579701,True,True,True,True,True,8,56,332,35,0.19887491426748344,0.19788626482116498,0.006552496880134332,0.033732289883702665,0.07696508253112641,0.7324272102433094
balanced,1329069300939447,22151155,prediction_common,0.07291689559426588,0.6781971576647478,0.08074766641917185,0.6945509952104336,0.08484722672280155,0.6755373474817711,True,True,True,True,True,7,49,332,25,0.19887491426748344,0.19748557990089036,0.006552496880134332,0.033732289883702665,0.08237657168665354,0.6942093267957721
balanced,1329069300939447,22151155,oracle_prediction,0.07291689559426588,0.6781971576647478,0.08074766641917185,0.6945509952104336,0.10303636344418828,0.5246177372171661,True,True,True,True,True,8,56,332,21,0.19887491426748344,0.2088210634548199,0.006552496880134332,0.033732289883702665,0.0987567268030915,0.5382302805174797
balanced,1329069300939447,22151155,oracle_matched_random,0.07291689559426588,0.6781971576647478,0.08074766641917185,0.6945509952104336,0.08178450408902897,0.6606905081659704,True,True,True,True,True,8,56,332,2,0.19887491426748344,0.19833338569293799,0.006552496880134332,0.033732289883702665,0.07949128819355895,0.6767190698753359
balanced,1329069301939545,22151155,lidar_only,0.15111141218604776,1.3917645451115936,0.1259011688882768,1.3741488163078333,0.1259011688882768,1.3741488163078333,True,True,True,True,True,8,56,215,0,0.1375889534636318,0.13517235759629773,0.004175575209405041,0.019461836795612694,0.1259919174276049,1.3625896484793363
balanced,1329069301939545,22151155,prediction_full,0.15111141218604776,1.3917645451115936,0.1259011688882768,1.3741488163078333,0.12878318459749732,1.3580485335426464,True,True,True,True,True,8,56,215,15,0.1375889534636318,0.13524570812608494,0.004175575209405041,0.019461836795612694,0.12876947063105976,1.3467578982550295
balanced,1329069301939545,22151155,prediction_common,0.15111141218604776,1.3917645451115936,0.1259011688882768,1.3741488163078333,0.13202052742343487,1.3606114956316224,True,True,True,True,True,8,56,215,52,0.1375889534636318,0.13580468936279455,0.004175575209405041,0.019461836795612694,0.13199156895272682,1.3485072074871995
balanced,1329069301939545,22151155,oracle_prediction,0.15111141218604776,1.3917645451115936,0.1259011688882768,1.3741488163078333,0.127481048193363,1.0881057861743146,True,True,True,True,True,8,56,215,34,0.1375889534636318,0.1441068814847516,0.004175575209405041,0.019461836795612694,0.1265144578973118,1.0764765692566984
balanced,1329069301939545,22151155,oracle_matched_random,0.15111141218604776,1.3917645451115936,0.1259011688882768,1.3741488163078333,0.13250345496557595,1.3621059286584176,True,True,True,True,True,9,63,215,12,0.1375889534636318,0.1396728034239626,0.004175575209405041,0.019461836795612694,0.13300183088517253,1.3478985974109063
balanced,1329069302939638,22151155,lidar_only,0.08778569262937708,1.0686958217386433,0.08271629459341413,1.0949734665387107,0.08271629459341413,1.0949734665387107,True,True,True,True,True,7,49,399,0,0.19994025989550862,0.19781778186777024,0.0029597981791808976,0.006688463554946468,0.08148179698006933,1.1016274734249996
balanced,1329069302939638,22151155,prediction_full,0.08778569262937708,1.0686958217386433,0.08271629459341413,1.0949734665387107,0.08313379557387217,1.061778893870511,True,True,True,True,True,7,49,399,26,0.19994025989550862,0.19798940211220595,0.0029597981791808976,0.006688463554946468,0.08188609828022755,1.0684263758954693
balanced,1329069302939638,22151155,prediction_common,0.08778569262937708,1.0686958217386433,0.08271629459341413,1.0949734665387107,0.08700505673263073,1.0890627290401735,True,True,True,True,True,7,49,399,29,0.19994025989550862,0.19798540320871347,0.0029597981791808976,0.006688463554946468,0.08570869073399508,1.0957068208124563
balanced,1329069302939638,22151155,oracle_prediction,0.08778569262937708,1.0686958217386433,0.08271629459341413,1.0949734665387107,0.09897781897534824,0.8856553987977144,True,True,True,True,True,9,63,399,20,0.19994025989550862,0.2133491005251464,0.0029597981791808976,0.006688463554946468,0.09743432890438965,0.8920772108963386
balanced,1329069302939638,22151155,oracle_matched_random,0.08778569262937708,1.0686958217386433,0.08271629459341413,1.0949734665387107,0.08319807845935384,1.1112348072239424,True,True,True,True,True,7,49,399,7,0.19994025989550862,0.19886726736059235,0.0029597981791808976,0.006688463554946468,0.08195092782670736,1.1179202418775647
balanced,1329069303939739,22151155,lidar_only,0.10746901626934088,1.3121194755663614,0.1039436756420575,1.408684997629842,0.1039436756420575,1.408684997629842,True,True,True,True,True,7,49,441,0,0.2044340368765124,0.20231343285604156,0.005656218350489254,0.024543620532101327,0.10683495942104539,1.431341707062566
balanced,1329069303939739,22151155,prediction_full,0.10746901626934088,1.3121194755663614,0.1039436756420575,1.408684997629842,0.10263632743285643,1.4007909756468417,True,True,True,True,True,7,49,441,30,0.2044340368765124,0.20252006892175034,0.005656218350489254,0.024543620532101327,0.10546890778802254,1.423644483437201
balanced,1329069303939739,22151155,prediction_common,0.10746901626934088,1.3121194755663614,0.1039436756420575,1.408684997629842,0.1018727228675289,1.373474292754269,True,True,True,True,True,7,49,441,42,0.2044340368765124,0.20259497222559322,0.005656218350489254,0.024543620532101327,0.10466913707412044,1.396107286186121
balanced,1329069303939739,22151155,oracle_prediction,0.10746901626934088,1.3121194755663614,0.1039436756420575,1.408684997629842,0.08851013025423977,1.2064142538106448,True,True,True,True,True,8,56,441,38,0.2044340368765124,0.21310538818866373,0.005656218350489254,0.024543620532101327,0.0907152232225134,1.2285770368861666
balanced,1329069303939739,22151155,oracle_matched_random,0.10746901626934088,1.3121194755663614,0.1039436756420575,1.408684997629842,0.0959045328892942,1.3321384953550228,True,True,True,True,True,7,49,441,16,0.2044340368765124,0.20365005184084556,0.005656218350489254,0.024543620532101327,0.09868441016388235,1.3547721051599602
balanced,1329069304939831,22151155,lidar_only,0.10416838610338358,0.5230113111322438,0.09832013680348703,0.5391913570674199,0.09832013680348703,0.5391913570674199,True,True,True,True,True,7,49,434,0,0.19891704267031862,0.1976328901981524,0.005429417514249777,0.03385895401459319,0.09636377799295208,0.529992563985841
balanced,1329069304939831,22151155,prediction_full,0.10416838610338358,0.5230113111322438,0.09832013680348703,0.5391913570674199,0.0971644859701135,0.5742089844060594,True,True,True,True,True,7,49,434,30,0.19891704267031862,0.19792172508583195,0.005429417514249777,0.03385895401459319,0.09540303190535433,0.5627710036966107
balanced,1329069304939831,22151155,prediction_common,0.10416838610338358,0.5230113111322438,0.09832013680348703,0.5391913570674199,0.0990802968999024,0.5279231552878165,True,True,True,True,True,7,49,434,42,0.19891704267031862,0.19770491740845986,0.005429417514249777,0.03385895401459319,0.09720019550545195,0.5192490028211508
balanced,1329069304939831,22151155,oracle_prediction,0.10416838610338358,0.5230113111322438,0.09832013680348703,0.5391913570674199,0.10458812020443305,0.44982150324868525,True,True,True,True,True,7,49,434,39,0.19891704267031862,0.20175119849932371,0.005429417514249777,0.03385895401459319,0.10329757041930196,0.44244673116972727
balanced,1329069304939831,22151155,oracle_matched_random,0.10416838610338358,0.5230113111322438,0.09832013680348703,0.5391913570674199,0.09754847916887749,0.49791524186513714,True,True,True,True,True,7,49,434,18,0.19891704267031862,0.1986966796774311,0.005429417514249777,0.03385895401459319,0.09567587796364188,0.49102767146539644
balanced,1329069305939929,22151155,lidar_only,0.2089836059198011,1.790143544479218,0.20311375082378774,1.8603412247378417,0.20311375082378774,1.8603412247378417,True,True,True,True,True,7,49,460,0,0.21538055167507422,0.21382813502818626,0.0010946257648417304,0.0038340008520855212,0.20270036456184645,1.8601470055757339
balanced,1329069305939929,22151155,prediction_full,0.2089836059198011,1.790143544479218,0.20311375082378774,1.8603412247378417,0.20341001353186292,1.850675607816605,True,True,True,True,True,7,49,460,32,0.21538055167507422,0.21389542915709808,0.0010946257648417304,0.0038340008520855212,0.20298112185171935,1.850485182083805
balanced,1329069305939929,22151155,prediction_common,0.2089836059198011,1.790143544479218,0.20311375082378774,1.8603412247378417,0.2059197944243618,1.8389547474988026,True,True,True,True,True,7,49,460,46,0.21538055167507422,0.21402315167188482,0.0010946257648417304,0.0038340008520855212,0.20548800733366263,1.8387205751580706
balanced,1329069305939929,22151155,oracle_prediction,0.2089836059198011,1.790143544479218,0.20311375082378774,1.8603412247378417,0.22599921159563224,1.654229351352617,True,True,True,True,True,8,56,460,35,0.21538055167507422,0.2282772873316614,0.0010946257648417304,0.0038340008520855212,0.22556915595190177,1.6537964806302068
balanced,1329069305939929,22151155,oracle_matched_random,0.2089836059198011,1.790143544479218,0.20311375082378774,1.8603412247378417,0.20516424639265743,1.8291913321104072,True,True,True,True,True,7,49,460,12,0.21538055167507422,0.21440457925491005,0.0010946257648417304,0.0038340008520855212,0.20477766425764302,1.82900021673346
balanced,1329069306940024,22151155,lidar_only,0.10536618038166291,1.4236179056602438,0.1001379420013671,1.4580457788807917,0.1001379420013671,1.4580457788807917,True,True,True,True,True,7,49,465,0,0.2217303086037692,0.2201854444480239,0.006562690086873138,0.025748309407265368,0.09595180328672595,1.4400178574986322
balanced,1329069306940024,22151155,prediction_full,0.10536618038166291,1.4236179056602438,0.1001379420013671,1.4580457788807917,0.09957667352754296,1.4646438663525807,True,True,True,True,True,7,49,465,21,0.2217303086037692,0.2203725025696528,0.006562690086873138,0.025748309407265368,0.0953401741124853,1.446846199296243
balanced,1329069306940024,22151155,prediction_common,0.10536618038166291,1.4236179056602438,0.1001379420013671,1.4580457788807917,0.10031491996381948,1.4767220548220816,True,True,True,True,True,7,49,465,57,0.2217303086037692,0.22061500257277605,0.006562690086873138,0.025748309407265368,0.09572391473116139,1.4587218002638829
balanced,1329069306940024,22151155,oracle_prediction,0.10536618038166291,1.4236179056602438,0.1001379420013671,1.4580457788807917,0.1105952709479234,1.3955038436696725,True,True,True,True,True,7,49,465,41,0.2217303086037692,0.2242958662776988,0.006562690086873138,0.025748309407265368,0.10585531660529528,1.3768403443238604
balanced,1329069306940024,22151155,oracle_matched_random,0.10536618038166291,1.4236179056602438,0.1001379420013671,1.4580457788807917,0.10005296408308537,1.4482721471098858,True,True,True,True,True,7,49,465,10,0.2217303086037692,0.22075080858196022,0.006562690086873138,0.025748309407265368,0.09612251987681597,1.42980824052194
balanced,1329069307940125,22151155,lidar_only,0.1281762595208629,0.8807474024730264,0.13646519431030796,0.8504223399937035,0.13646519431030796,0.8504223399937035,True,True,True,True,True,7,49,365,0,0.1789258054559576,0.17788147139231936,0.005635175119143265,0.09302901227806296,0.13282771209298067,0.7859250364535484
balanced,1329069307940125,22151155,prediction_full,0.1281762595208629,0.8807474024730264,0.13646519431030796,0.8504223399937035,0.13578910715046763,0.8613790652678495,True,True,True,True,True,7,49,365,15,0.1789258054559576,0.17793348256575223,0.005635175119143265,0.09302901227806296,0.13214613148070417,0.7976343413703278
balanced,1329069307940125,22151155,prediction_common,0.1281762595208629,0.8807474024730264,0.13646519431030796,0.8504223399937035,0.13036774813480567,0.9003581257920797,True,True,True,True,True,7,49,365,39,0.1789258054559576,0.17840589256312125,0.005635175119143265,0.09302901227806296,0.12658554173465172,0.835823142156303
balanced,1329069307940125,22151155,oracle_prediction,0.1281762595208629,0.8807474024730264,0.13646519431030796,0.8504223399937035,0.11658256296174752,1.0193760273303556,True,True,True,True,True,7,49,365,36,0.1789258054559576,0.18360727192698656,0.005635175119143265,0.09302901227806296,0.1124991782076972,0.9574732653822642
balanced,1329069307940125,22151155,oracle_matched_random,0.1281762595208629,0.8807474024730264,0.13646519431030796,0.8504223399937035,0.1359255714327168,0.8724755550896419,True,True,True,True,True,7,49,365,10,0.1789258054559576,0.17803474738020317,0.005635175119143265,0.09302901227806296,0.13220044645406148,0.8077625777890535
balanced,1329069308940223,22151155,lidar_only,0.13084669985041517,1.3717278828152768,0.12270753601458162,1.4656088072291427,0.12270753601458162,1.4656088072291427,True,True,True,True,True,7,49,445,0,0.2113357737670005,0.2092362046572925,0.0016930002591567508,0.0194353223326232,0.12426291115189625,1.455660819410111
balanced,1329069308940223,22151155,prediction_full,0.13084669985041517,1.3717278828152768,0.12270753601458162,1.4656088072291427,0.12296364915485193,1.464329280233314,True,True,True,True,True,7,49,445,19,0.2113357737670005,0.20926640560853607,0.0016930002591567508,0.0194353223326232,0.12451620808604988,1.4542937460979444
balanced,1329069308940223,22151155,prediction_common,0.13084669985041517,1.3717278828152768,0.12270753601458162,1.4656088072291427,0.12162867833168294,1.4527881615504674,True,True,True,True,True,7,49,445,49,0.2113357737670005,0.21046245790070023,0.0016930002591567508,0.0194353223326232,0.12319942229218962,1.442610672230537
balanced,1329069308940223,22151155,oracle_prediction,0.13084669985041517,1.3717278828152768,0.12270753601458162,1.4656088072291427,0.12980977144556688,1.2539714503311667,True,True,True,True,True,9,63,445,34,0.2113357737670005,0.24590518343315207,0.0016930002591567508,0.0194353223326232,0.1315009900959828,1.2450870861790237
balanced,1329069308940223,22151155,oracle_matched_random,0.13084669985041517,1.3717278828152768,0.12270753601458162,1.4656088072291427,0.12041165542992681,1.3963167528616451,True,True,True,True,True,7,49,445,12,0.2113357737670005,0.2139374234234756,0.0016930002591567508,0.0194353223326232,0.12204000356397322,1.3868084886381031
balanced,1329069309940315,22151155,lidar_only,0.09179789018057749,0.6231464583026546,0.11072641412543938,0.5608911039384848,0.11072641412543938,0.5608911039384848,True,True,True,True,True,7,49,413,0,0.2095460731340786,0.20687934106993286,0.003746453062335894,0.03460147883046631,0.10741477661612006,0.5862691606191288
balanced,1329069309940315,22151155,prediction_full,0.09179789018057749,0.6231464583026546,0.11072641412543938,0.5608911039384848,0.10938192074543314,0.5665216161520368,True,True,True,True,True,7,49,413,23,0.2095460731340786,0.2071526553890406,0.003746453062335894,0.03460147883046631,0.10608218041669713,0.5920348830347605
balanced,1329069309940315,22151155,prediction_common,0.09179789018057749,0.6231464583026546,0.11072641412543938,0.5608911039384848,0.1150664456821914,0.5929884985853944,True,True,True,True,True,7,49,413,36,0.2095460731340786,0.20723159550017264,0.003746453062335894,0.03460147883046631,0.11176257476658381,0.6194088926942232
balanced,1329069309940315,22151155,oracle_prediction,0.09179789018057749,0.6231464583026546,0.11072641412543938,0.5608911039384848,0.1327885749696545,0.6316509699040987,True,True,True,True,True,8,56,413,30,0.2095460731340786,0.21217114024158082,0.003746453062335894,0.03460147883046631,0.1293301732966388,0.6623163779361094
balanced,1329069309940315,22151155,oracle_matched_random,0.09179789018057749,0.6231464583026546,0.11072641412543938,0.5608911039384848,0.11444087141580447,0.6348866329702963,True,True,True,True,True,7,49,413,15,0.2095460731340786,0.20865843265920883,0.003746453062335894,0.03460147883046631,0.11131218094632661,0.6609420484978508
balanced,1329069310940411,22151155,lidar_only,0.12370106145140557,0.5977719978479556,0.1331340412060289,0.699787860121412,0.1331340412060289,0.699787860121412,True,True,True,True,True,8,56,325,0,0.17201337254022608,0.16731664565400403,0.005431792641723273,0.0015558953881127198,0.1278221803820521,0.6989251106344202
balanced,1329069310940411,22151155,prediction_full,0.12370106145140557,0.5977719978479556,0.1331340412060289,0.699787860121412,0.13251691451364925,0.7341997125382782,True,True,True,True,True,8,56,325,19,0.17201337254022608,0.16747480016963506,0.005431792641723273,0.0015558953881127198,0.12719848811227355,0.7333824995202908
balanced,1329069310940411,22151155,prediction_common,0.12370106145140557,0.5977719978479556,0.1331340412060289,0.699787860121412,0.13964159347703448,0.6546712766774174,True,True,True,True,True,8,56,325,17,0.17201337254022608,0.16758239979739875,0.005431792641723273,0.0015558953881127198,0.13430289959257163,0.6537782652957571
balanced,1329069310940411,22151155,oracle_prediction,0.12370106145140557,0.5977719978479556,0.1331340412060289,0.699787860121412,0.17441394843780145,0.1904164427618756,True,True,True,True,True,8,56,325,12,0.17201337254022608,0.19232209970972525,0.005431792641723273,0.0015558953881127198,0.1689881372222436,0.18954325932587118
balanced,1329069310940411,22151155,oracle_matched_random,0.12370106145140557,0.5977719978479556,0.1331340412060289,0.699787860121412,0.14935342577321023,0.641653773065733,True,True,True,True,True,8,56,325,1,0.17201337254022608,0.170437455953756,0.005431792641723273,0.0015558953881127198,0.14404674456340036,0.6405708474361548
balanced,1329069311940511,22151155,lidar_only,0.10622215695680919,0.9951668813820231,0.0840715781561059,1.010562145767241,0.0840715781561059,1.010562145767241,True,True,True,True,True,7,49,337,0,0.17188332105911777,0.16912054097948762,0.004012652739414439,0.04835131134933852,0.08806473408377674,0.9768344134380093
balanced,1329069311940511,22151155,prediction_full,0.10622215695680919,0.9951668813820231,0.0840715781561059,1.010562145767241,0.0837728199356657,0.9815532914875608,True,True,True,True,True,7,49,337,21,0.17188332105911777,0.1694452625201435,0.004012652739414439,0.04835131134933852,0.0877709223765494,0.9466667099778773
balanced,1329069311940511,22151155,prediction_common,0.10622215695680919,0.9951668813820231,0.0840715781561059,1.010562145767241,0.08820190936584284,0.9803638784656179,True,True,True,True,True,7,49,337,27,0.17188332105911777,0.16967627260618023,0.004012652739414439,0.04835131134933852,0.09220945543455104,0.9458073439513973
balanced,1329069311940511,22151155,oracle_prediction,0.10622215695680919,0.9951668813820231,0.0840715781561059,1.010562145767241,0.09278878798680941,0.8300252094292355,True,True,True,True,True,9,63,337,23,0.17188332105911777,0.18660849897412948,0.004012652739414439,0.04835131134933852,0.09679976529900519,0.7960356745675996
balanced,1329069311940511,22151155,oracle_matched_random,0.10622215695680919,0.9951668813820231,0.0840715781561059,1.010562145767241,0.08662740027254623,0.9746227403677917,True,True,True,True,True,7,49,337,6,0.17188332105911777,0.17089032922754754,0.004012652739414439,0.04835131134933852,0.09059710101898026,0.9413827502620004
balanced,1329069312940603,22151155,lidar_only,0.13744103347424183,0.882706047569193,0.09377049651736871,0.9449493733769551,0.09377049651736871,0.9449493733769551,True,True,True,True,True,8,56,306,0,0.16727147876459048,0.1592392738624875,0.000614522822419439,0.008605664810007073,0.09436085512703779,0.939683098078015
balanced,1329069312940603,22151155,prediction_full,0.13744103347424183,0.882706047569193,0.09377049651736871,0.9449493733769551,0.09484717817787434,0.9360339245517161,True,True,True,True,True,8,56,306,18,0.16727147876459048,0.1593507633183105,0.000614522822419439,0.008605664810007073,0.09543997450263497,0.9308385618104772
balanced,1329069312940603,22151155,prediction_common,0.13744103347424183,0.882706047569193,0.09377049651736871,0.9449493733769551,0.09873911492985928,0.9570858530386136,True,True,True,True,True,8,56,306,29,0.16727147876459048,0.15945716298246837,0.000614522822419439,0.008605664810007073,0.09933195416125824,0.952066375865794
balanced,1329069312940603,22151155,oracle_prediction,0.13744103347424183,0.882706047569193,0.09377049651736871,0.9449493733769551,0.13803925310995907,0.9588845266482164,True,True,True,True,True,7,49,306,25,0.16727147876459048,0.17237420108609128,0.000614522822419439,0.008605664810007073,0.1386404408309451,0.9556552758887211
balanced,1329069312940603,22151155,oracle_matched_random,0.13744103347424183,0.882706047569193,0.09377049651736871,0.9449493733769551,0.10806790571027576,1.078547895784685,True,True,True,True,True,8,56,306,9,0.16727147876459048,0.1633317476077082,0.000614522822419439,0.008605664810007073,0.10866253964995025,1.0740628185102024
balanced,1329069313940700,22151155,lidar_only,0.06453690747712308,0.8666514095149006,0.062206878259108374,0.865083922980198,0.062206878259108374,0.865083922980198,True,True,True,True,True,7,49,417,0,0.21085970506690457,0.2100635292000383,0.0022160094249929507,0.00632555601291092,0.06281735923097703,0.8705287352688834
balanced,1329069313940700,22151155,prediction_full,0.06453690747712308,0.8666514095149006,0.062206878259108374,0.865083922980198,0.060197778561242636,0.8461952510172835,True,True,True,True,True,7,49,417,20,0.21085970506690457,0.2101870527297458,0.0022160094249929507,0.00632555601291092,0.06080672832280872,0.851634927684777
balanced,1329069313940700,22151155,prediction_common,0.06453690747712308,0.8666514095149006,0.062206878259108374,0.865083922980198,0.06338172783512686,0.8816681361374327,True,True,True,True,True,7,49,417,26,0.21085970506690457,0.2101120249616007,0.0022160094249929507,0.00632555601291092,0.06396852848355641,0.8871304777614789
balanced,1329069313940700,22151155,oracle_prediction,0.06453690747712308,0.8666514095149006,0.062206878259108374,0.865083922980198,0.05514550164177726,0.9111040447649478,True,True,True,True,True,7,49,417,21,0.21085970506690457,0.21159324978131924,0.0022160094249929507,0.00632555601291092,0.05555514640570801,0.9166258910859354
balanced,1329069313940700,22151155,oracle_matched_random,0.06453690747712308,0.8666514095149006,0.062206878259108374,0.865083922980198,0.08197051906717147,1.0314295316065882,True,True,True,True,True,8,56,417,6,0.21085970506690457,0.21582120703260627,0.0022160094249929507,0.00632555601291092,0.08261312673228356,1.0369900956035352
balanced,1329072435043614,22151207,lidar_only,0.0606757448455155,0.6266669737203556,0.07711085382317713,0.6244440978095117,0.07711085382317713,0.6244440978095117,True,True,True,True,True,7,49,144,0,0.1976176041589532,0.19526406816860475,0.0017404551272791416,0.01655085247809462,0.07872003755159229,0.6229608027254726
balanced,1329072435043614,22151207,prediction_full,0.0606757448455155,0.6266669737203556,0.07711085382317713,0.6244440978095117,0.06485406824894514,0.5824370682151341,True,True,True,True,True,7,49,144,81,0.1976176041589532,0.19782125910627252,0.0017404551272791416,0.01655085247809462,0.06640383206639472,0.5839521803268682
balanced,1329072435043614,22151207,prediction_common,0.0606757448455155,0.6266669737203556,0.07711085382317713,0.6244440978095117,0.06215959355209248,0.7220333725764171,True,True,True,True,True,7,49,144,137,0.1976176041589532,0.2074237925052188,0.0017404551272791416,0.01655085247809462,0.06349964335399581,0.7234768204356988
balanced,1329072435043614,22151207,oracle_prediction,0.0606757448455155,0.6266669737203556,0.07711085382317713,0.6244440978095117,0.06764163415041767,0.7560948590612563,True,True,True,True,True,7,49,144,132,0.1976176041589532,0.21606396367808386,0.0017404551272791416,0.01655085247809462,0.06865109651198444,0.7581823971988152
balanced,1329072435043614,22151207,oracle_matched_random,0.0606757448455155,0.6266669737203556,0.07711085382317713,0.6244440978095117,0.06380946026810766,0.7531772419804814,True,True,True,True,True,7,49,144,88,0.1976176041589532,0.20793670569526765,0.0017404551272791416,0.01655085247809462,0.06513795803409968,0.753666854203186
balanced,1329072436043713,22151207,lidar_only,0.03948988064156359,0.9248469371209757,0.05636934211538223,0.6183036370286488,0.05636934211538223,0.6183036370286488,True,True,True,True,True,8,56,147,0,0.2545841578691345,0.2456768225489398,0.001384772061984597,0.01110769518366142,0.05579818325255832,0.6140564693310842
balanced,1329072436043713,22151207,prediction_full,0.03948988064156359,0.9248469371209757,0.05636934211538223,0.6183036370286488,0.044615724274257036,0.6067778943400557,True,True,True,True,True,7,49,147,50,0.2545841578691345,0.24605683538463788,0.001384772061984597,0.01110769518366142,0.04385476851266405,0.6023812754082186
balanced,1329072436043713,22151207,prediction_common,0.03948988064156359,0.9248469371209757,0.05636934211538223,0.6183036370286488,0.05189019952899503,0.6217453202777438,True,True,True,True,True,8,56,147,119,0.2545841578691345,0.24896272820286555,0.001384772061984597,0.01110769518366142,0.05110892985625912,0.6182791459666092
balanced,1329072436043713,22151207,oracle_prediction,0.03948988064156359,0.9248469371209757,0.05636934211538223,0.6183036370286488,0.05046658441205048,0.6266361450171605,True,True,True,True,True,8,56,147,112,0.2545841578691345,0.2564101131923666,0.001384772061984597,0.01110769518366142,0.04958935988166656,0.623312741500914
balanced,1329072436043713,22151207,oracle_matched_random,0.03948988064156359,0.9248469371209757,0.05636934211538223,0.6183036370286488,0.05144971580206547,0.559936168438296,True,True,True,True,True,8,56,147,65,0.2545841578691345,0.253923738429367,0.001384772061984597,0.01110769518366142,0.05035329394556872,0.5583333005270539
balanced,1329072437043809,22151207,lidar_only,0.13016925797315074,1.1567514038536495,0.14926923736172304,1.0443097436537965,0.14926923736172304,1.0443097436537965,True,True,True,True,True,7,49,120,0,0.2110751047005929,0.2018086959448873,0.0009309537092714957,0.008391375342549781,0.148512039439573,1.0521144944056549
balanced,1329072437043809,22151207,prediction_full,0.13016925797315074,1.1567514038536495,0.14926923736172304,1.0443097436537965,0.13252011816548592,0.9747303972805224,True,True,True,True,True,8,56,120,70,0.2110751047005929,0.20351777980634914,0.0009309537092714957,0.008391375342549781,0.13172663586613875,0.9817638995899352
balanced,1329072437043809,22151207,prediction_common,0.13016925797315074,1.1567514038536495,0.14926923736172304,1.0443097436537965,0.1384054348307304,1.061831233314321,True,True,True,True,True,8,56,120,159,0.2110751047005929,0.20536564804673474,0.0009309537092714957,0.008391375342549781,0.1377074846952429,1.069183327863116
balanced,1329072437043809,22151207,oracle_prediction,0.13016925797315074,1.1567514038536495,0.14926923736172304,1.0443097436537965,0.12222745263285363,1.0022855015099628,True,True,True,True,True,8,56,120,143,0.2110751047005929,0.2104035757368487,0.0009309537092714957,0.008391375342549781,0.12157128769488791,1.0090338404197274
balanced,1329072437043809,22151207,oracle_matched_random,0.13016925797315074,1.1567514038536495,0.14926923736172304,1.0443097436537965,0.13286456339624447,0.9604386698436956,True,True,True,True,True,7,49,120,108,0.2110751047005929,0.20561529927156494,0.0009309537092714957,0.008391375342549781,0.13215244488762834,0.9676288177968736
balanced,1329072438043912,22151207,lidar_only,0.12604978179013063,1.8584401119558198,0.1417510609239215,2.0180125348424425,0.1417510609239215,2.0180125348424425,True,False,False,True,True,7,49,131,0,0.198628764424255,0.18679148676241086,0.0012522054919541553,0.010591668110971937,0.14089160065435866,2.023188734075351
balanced,1329072438043912,22151207,prediction_full,0.12604978179013063,1.8584401119558198,0.1417510609239215,2.0180125348424425,0.13526003228563613,1.873057789751496,True,False,True,True,True,7,49,131,55,0.198628764424255,0.18818159754068448,0.0012522054919541553,0.010591668110971937,0.13430900319053105,1.8783654822132063
balanced,1329072438043912,22151207,prediction_common,0.12604978179013063,1.8584401119558198,0.1417510609239215,2.0180125348424425,0.1591124320542423,2.061437354698077,True,False,False,True,True,7,49,131,117,0.198628764424255,0.19072313274590308,0.0012522054919541553,0.010591668110971937,0.15828588252452047,2.0669369074553794
balanced,1329072438043912,22151207,oracle_prediction,0.12604978179013063,1.8584401119558198,0.1417510609239215,2.0180125348424425,0.16094825897255807,1.9910467056305252,True,False,True,True,True,7,49,131,96,0.198628764424255,0.19723241922460732,0.0012522054919541553,0.010591668110971937,0.16025347894512829,1.9964071929732312
balanced,1329072438043912,22151207,oracle_matched_random,0.12604978179013063,1.8584401119558198,0.1417510609239215,2.0180125348424425,0.1636804351676397,2.0267343488927207,True,False,False,True,True,7,49,131,72,0.198628764424255,0.19421516906161335,0.0012522054919541553,0.010591668110971937,0.16288770496293603,2.032209948575886
balanced,1329072439044084,22151207,lidar_only,0.15055831859347327,1.8410332764698984,0.18441549733894133,1.897911223708263,0.18441549733894133,1.897911223708263,True,True,True,True,True,7,49,132,0,0.19536945276967912,0.19080265359776777,0.0006017275386342716,0.0022023762815297694,0.18432627511959046,1.899921475968811
balanced,1329072439044084,22151207,prediction_full,0.15055831859347327,1.8410332764698984,0.18441549733894133,1.897911223708263,0.1659505330316876,1.9220490289348946,True,True,True,True,True,7,49,132,81,0.19536945276967912,0.19311960795954447,0.0006017275386342716,0.0022023762815297694,0.1658694396380783,1.9240073768758033
balanced,1329072439044084,22151207,prediction_common,0.15055831859347327,1.8410332764698984,0.18441549733894133,1.897911223708263,0.17698257801674167,1.9864320235854165,True,True,True,True,True,7,49,132,168,0.19536945276967912,0.19547279706369058,0.0006017275386342716,0.0022023762815297694,0.17700566800104264,1.9884982107652391
balanced,1329072439044084,22151207,oracle_prediction,0.15055831859347327,1.8410332764698984,0.18441549733894133,1.897911223708263,0.15085128355906016,1.7901854235015933,True,True,True,True,True,7,49,132,140,0.19536945276967912,0.19655900506525847,0.0006017275386342716,0.0022023762815297694,0.15086805716544058,1.792264960023067
balanced,1329072439044084,22151207,oracle_matched_random,0.15055831859347327,1.8410332764698984,0.18441549733894133,1.897911223708263,0.1669010901937224,1.8731120427973191,True,True,True,True,True,7,49,132,109,0.19536945276967912,0.194381441500417,0.0006017275386342716,0.0022023762815297694,0.16690550153681766,1.8751739588017862
balanced,1329072440044317,22151207,lidar_only,0.09951906313483745,1.7562277480102508,0.08611526062565306,2.354789209106152,0.08611526062565306,2.354789209106152,True,False,False,True,True,8,56,111,0,0.1805410298361352,0.14444559976516982,0.001024301469162285,0.024044087428816915,0.08643457505081482,2.3421048144311714
balanced,1329072440044317,22151207,prediction_full,0.09951906313483745,1.7562277480102508,0.08611526062565306,2.354789209106152,0.060429595963868286,2.1886029017498565,True,False,False,True,True,8,56,111,89,0.1805410298361352,0.15906351105224292,0.001024301469162285,0.024044087428816915,0.06051287754578594,2.181709262774668
balanced,1329072440044317,22151207,prediction_common,0.09951906313483745,1.7562277480102508,0.08611526062565306,2.354789209106152,0.08710973127431137,2.430042184520668,True,False,False,True,True,7,49,111,107,0.1805410298361352,0.1549368929742529,0.001024301469162285,0.024044087428816915,0.08722412711582612,2.4210728397490806
balanced,1329072440044317,22151207,oracle_prediction,0.09951906313483745,1.7562277480102508,0.08611526062565306,2.354789209106152,0.08929592344532204,2.3041123046571297,True,False,False,True,True,7,49,111,88,0.1805410298361352,0.16526467227195718,0.001024301469162285,0.024044087428816915,0.08931575990886288,2.295197008756497
balanced,1329072440044317,22151207,oracle_matched_random,0.09951906313483745,1.7562277480102508,0.08611526062565306,2.354789209106152,0.09344894818149227,2.4219136951726816,True,False,False,True,True,7,49,111,62,0.1805410298361352,0.15569769276386755,0.001024301469162285,0.024044087428816915,0.09358616646531769,2.4125318885517877
balanced,1329072441044496,22151207,lidar_only,0.10453625247080221,3.0965887706407185,0.11823900166333197,3.199799814430849,0.11823900166333197,3.199799814430849,False,False,False,True,True,7,49,128,0,0.19093878285246307,0.18937169925792746,0.00035815259913027863,0.007123081248288583,0.11855719352523329,3.1935173693550567
balanced,1329072441044496,22151207,prediction_full,0.10453625247080221,3.0965887706407185,0.11823900166333197,3.199799814430849,0.11903061335798866,3.0936677464538507,False,False,False,True,True,7,49,128,64,0.19093878285246307,0.19042158146135885,0.00035815259913027863,0.007123081248288583,0.11936689833842277,3.0873915059759582
balanced,1329072441044496,22151207,prediction_common,0.10453625247080221,3.0965887706407185,0.11823900166333197,3.199799814430849,0.12234265086568062,3.1720777640846887,False,False,False,True,True,7,49,128,149,0.19093878285246307,0.19128351317865597,0.00035815259913027863,0.007123081248288583,0.12267973465598563,3.1658362606431756
balanced,1329072441044496,22151207,oracle_prediction,0.10453625247080221,3.0965887706407185,0.11823900166333197,3.199799814430849,0.11206015656984784,2.9008008650308685,False,False,False,True,True,6,42,128,99,0.19093878285246307,0.19220339645875734,0.00035815259913027863,0.007123081248288583,0.1123945162463423,2.8945146552060446
balanced,1329072441044496,22151207,oracle_matched_random,0.10453625247080221,3.0965887706407185,0.11823900166333197,3.199799814430849,0.11037890139821825,3.26882504157097,False,False,False,True,True,6,42,128,75,0.19093878285246307,0.19164491275388967,0.00035815259913027863,0.007123081248288583,0.11071353685955548,3.2625311815387996
balanced,1329072442044493,22151207,lidar_only,0.1284870439814717,3.3491694177669435,0.09149156708852373,3.8926001412615268,0.09149156708852373,3.8926001412615268,False,False,False,True,True,8,56,65,0,0.13938260943900324,0.12738836153163938,0.0005502093991471495,0.0029068660183634966,0.09134236022621338,3.895370581659294
balanced,1329072442044493,22151207,prediction_full,0.1284870439814717,3.3491694177669435,0.09149156708852373,3.8926001412615268,0.09469384656579505,3.705888224288261,False,False,False,True,True,8,56,65,59,0.13938260943900324,0.1282767056969319,0.0005502093991471495,0.0029068660183634966,0.09454830229828443,3.7086595199981485
balanced,1329072442044493,22151207,prediction_common,0.1284870439814717,3.3491694177669435,0.09149156708852373,3.8926001412615268,0.10294502005369804,3.7352113088870142,False,False,False,True,True,8,56,65,169,0.13938260943900324,0.13706902879463653,0.0005502093991471495,0.0029068660183634966,0.10297936525705648,3.7380305738999318
balanced,1329072442044493,22151207,oracle_prediction,0.1284870439814717,3.3491694177669435,0.09149156708852373,3.8926001412615268,0.08655026993942744,3.1889235466261305,False,False,False,True,True,9,63,65,104,0.13938260943900324,0.15252498271143167,0.0005502093991471495,0.0029068660183634966,0.0865155879277077,3.191762759343476
balanced,1329072442044493,22151207,oracle_matched_random,0.1284870439814717,3.3491694177669435,0.09149156708852373,3.8926001412615268,0.11143201703001031,3.7282308631302383,False,False,False,True,True,8,56,65,94,0.13938260943900324,0.13896913969207958,0.0005502093991471495,0.0029068660183634966,0.11141714645555394,3.731059417046549
balanced,1329072443044406,22151207,lidar_only,0.16885702435145217,2.038354968321137,0.15928572817407696,2.181916978191076,0.15928572817407696,2.181916978191076,False,False,False,True,True,8,56,83,0,0.1375971654175683,0.13150945233768474,0.00018849125640314621,0.002276141893101956,0.15925615266884102,2.18372271007795
balanced,1329072443044406,22151207,prediction_full,0.16885702435145217,2.038354968321137,0.15928572817407696,2.181916978191076,0.16324679763442204,2.2092569193281735,False,False,False,True,True,7,49,83,51,0.1375971654175683,0.13253060513207995,0.00018849125640314621,0.002276141893101956,0.16323518608472296,2.2111796130520576
balanced,1329072443044406,22151207,prediction_common,0.16885702435145217,2.038354968321137,0.15928572817407696,2.181916978191076,0.1747180713779308,1.8312620136897915,False,False,True,True,True,7,49,83,150,0.1375971654175683,0.1376363216147552,0.00018849125640314621,0.002276141893101956,0.17472141049180698,1.8330482484529793
balanced,1329072443044406,22151207,oracle_prediction,0.16885702435145217,2.038354968321137,0.15928572817407696,2.181916978191076,0.16281162898239818,1.5403686430398726,False,False,True,True,True,7,49,83,117,0.1375971654175683,0.15125070503881413,0.00018849125640314621,0.002276141893101956,0.16282122871018423,1.5420738700339132
balanced,1329072443044406,22151207,oracle_matched_random,0.16885702435145217,2.038354968321137,0.15928572817407696,2.181916978191076,0.17269154278339002,1.737065156239969,False,False,True,True,True,8,56,83,91,0.1375971654175683,0.14266955095528058,0.00018849125640314621,0.002276141893101956,0.17269489570056937,1.7388041829269976
balanced,1329072444044630,22151207,lidar_only,0.13655960003308776,1.8592936383178733,0.13634679963988003,1.7003192134229366,0.13634679963988003,1.7003192134229366,True,True,True,True,True,9,63,64,0,0.11465495333574277,0.10777680922727648,0.00022862139238091054,0.0012148217292134735,0.13636417995525438,1.7007996770545823
balanced,1329072444044630,22151207,prediction_full,0.13655960003308776,1.8592936383178733,0.13634679963988003,1.7003192134229366,0.14415237272028852,1.5824128334622578,True,True,True,True,True,9,63,64,39,0.11465495333574277,0.10828174422273766,0.00022862139238091054,0.0012148217292134735,0.14419100825183098,1.5828183016661626
balanced,1329072444044630,22151207,prediction_common,0.13655960003308776,1.8592936383178733,0.13634679963988003,1.7003192134229366,0.15790545604458112,1.4471943155068903,True,True,True,True,True,9,63,64,107,0.11465495333574277,0.11141966120613746,0.00022862139238091054,0.0012148217292134735,0.15797523303400385,1.4477612513437752
balanced,1329072444044630,22151207,oracle_prediction,0.13655960003308776,1.8592936383178733,0.13634679963988003,1.7003192134229366,0.16506106130596215,1.266929132193222,True,True,True,True,True,8,56,64,97,0.11465495333574277,0.11532170610981538,0.00022862139238091054,0.0012148217292134735,0.16514214691930323,1.267594732666602
balanced,1329072444044630,22151207,oracle_matched_random,0.13655960003308776,1.8592936383178733,0.13634679963988003,1.7003192134229366,0.1622920854611682,1.429107071084245,True,True,True,True,True,9,63,64,67,0.11465495333574277,0.11498202846592716,0.00022862139238091054,0.0012148217292134735,0.16239037127737704,1.429757924470006
balanced,1329072445044604,22151207,lidar_only,0.20904966454675383,2.3448515543676747,0.1752152807558689,2.7074462859391106,0.1752152807558689,2.7074462859391106,False,False,False,True,True,9,63,40,0,0.08905147766169451,0.077416169127808,0.0018257509658974312,0.0062794277872690795,0.1759341198247178,2.710776499132441
balanced,1329072445044604,22151207,prediction_full,0.20904966454675383,2.3448515543676747,0.1752152807558689,2.7074462859391106,0.18457402155058483,2.6218851118691306,False,False,False,True,True,9,63,40,34,0.08905147766169451,0.07794140681085561,0.0018257509658974312,0.0062794277872690795,0.18535293563384375,2.625031279087806
balanced,1329072445044604,22151207,prediction_common,0.20904966454675383,2.3448515543676747,0.1752152807558689,2.7074462859391106,0.21824258628281407,2.139995857890144,False,False,False,True,True,8,56,40,98,0.08905147766169451,0.08314193763001997,0.0018257509658974312,0.0062794277872690795,0.21907755699180345,2.143757050482402
balanced,1329072445044604,22151207,oracle_prediction,0.20904966454675383,2.3448515543676747,0.1752152807558689,2.7074462859391106,0.2189175577507491,1.8440554654059578,False,False,True,True,True,8,56,40,80,0.08905147766169451,0.08991889200667438,0.0018257509658974312,0.0062794277872690795,0.21958521803445893,1.8482209101120881
balanced,1329072445044604,22151207,oracle_matched_random,0.20904966454675383,2.3448515543676747,0.1752152807558689,2.7074462859391106,0.23757184885037055,1.9260361063534748,False,False,True,True,True,8,56,40,46,0.08905147766169451,0.08708012721948603,0.0018257509658974312,0.0062794277872690795,0.23833295847323357,1.9302549859875535
balanced,1329072446044710,22151207,lidar_only,0.3787861891443353,1.9497590757161885,0.3640102961473612,2.2843201152381907,0.3640102961473612,2.2843201152381907,True,False,False,True,True,9,63,61,0,0.10180220123115458,0.09857300346249126,0.00023228898112868135,0.001966472722291488,0.3638538340630114,2.284413993188944
balanced,1329072446044710,22151207,prediction_full,0.3787861891443353,1.9497590757161885,0.3640102961473612,2.2843201152381907,0.34501184831407355,2.0983417347223052,True,False,False,True,True,8,56,61,25,0.10180220123115458,0.10076157653074813,0.00023228898112868135,0.001966472722291488,0.34485738792980375,2.0985671454567267
balanced,1329072446044710,22151207,prediction_common,0.3787861891443353,1.9497590757161885,0.3640102961473612,2.2843201152381907,0.32703237316708045,2.0772749251805758,True,False,False,True,True,9,63,61,59,0.10180220123115458,0.10235569718053056,0.00023228898112868135,0.001966472722291488,0.326871284769574,2.077445546683338
balanced,1329072446044710,22151207,oracle_prediction,0.3787861891443353,1.9497590757161885,0.3640102961473612,2.2843201152381907,0.2921439689146546,1.2944501512714355,True,False,True,True,True,8,56,61,31,0.10180220123115458,0.12973713352677693,0.00023228898112868135,0.001966472722291488,0.29196008741726953,1.2943851525270695
balanced,1329072446044710,22151207,oracle_matched_random,0.3787861891443353,1.9497590757161885,0.3640102961473612,2.2843201152381907,0.31120146319170044,1.6948229571774616,True,False,True,True,True,9,63,61,33,0.10180220123115458,0.11474471520779422,0.00023228898112868135,0.001966472722291488,0.31102334170560925,1.6949916262896547
balanced,1329072447044802,22151207,lidar_only,0.26810171962176466,1.9880660282519163,0.2407807371208924,1.968459689937225,0.2407807371208924,1.968459689937225,True,True,True,True,True,8,56,78,0,0.14343897827726393,0.14084771184323655,0.0005459626934035253,0.018706546318403457,0.2411235353894824,1.9553441297700778
balanced,1329072447044802,22151207,prediction_full,0.26810171962176466,1.9880660282519163,0.2407807371208924,1.968459689937225,0.22986271090041235,2.102239146608841,True,True,False,True,True,8,56,78,28,0.14343897827726393,0.14161569490128267,0.0005459626934035253,0.018706546318403457,0.2302180366705414,2.0891385523439845
balanced,1329072447044802,22151207,prediction_common,0.26810171962176466,1.9880660282519163,0.2407807371208924,1.968459689937225,0.2274139974179627,1.648387389242159,True,True,True,True,True,9,63,78,71,0.14343897827726393,0.14317566250861471,0.0005459626934035253,0.018706546318403457,0.22775773778093455,1.634821305423834
balanced,1329072447044802,22151207,oracle_prediction,0.26810171962176466,1.9880660282519163,0.2407807371208924,1.968459689937225,0.21206557283308322,1.6012732657565094,True,True,True,True,True,8,56,78,55,0.14343897827726393,0.1469739397794212,0.0005459626934035253,0.018706546318403457,0.21244159324715134,1.5863958595174463
balanced,1329072447044802,22151207,oracle_matched_random,0.26810171962176466,1.9880660282519163,0.2407807371208924,1.968459689937225,0.23364558136774063,1.7726913349579518,True,True,True,True,True,9,63,78,43,0.14343897827726393,0.14406999625786437,0.0005459626934035253,0.018706546318403457,0.23404051378440136,1.7583802793664178
balanced,1329072448044891,22151207,lidar_only,0.648007890898761,1.3116120289144846,0.6430314854692876,1.5920953332646672,0.6430314854692876,1.5920953332646672,True,True,True,True,True,9,63,38,0,0.09511302243057747,0.08990348030337034,4.885210995587355e-05,0.0003082288107044495,0.6430800642085807,1.5919569857771214
balanced,1329072448044891,22151207,prediction_full,0.648007890898761,1.3116120289144846,0.6430314854692876,1.5920953332646672,0.6436322435111481,1.206787006794886,True,True,True,True,True,8,56,38,34,0.09511302243057747,0.09277056270679672,4.885210995587355e-05,0.0003082288107044495,0.6436806859864246,1.2066390019850026
balanced,1329072448044891,22151207,prediction_common,0.648007890898761,1.3116120289144846,0.6430314854692876,1.5920953332646672,0.5939291779477464,1.5242097007414097,True,True,True,True,True,9,63,38,86,0.09511302243057747,0.09423936511503786,4.885210995587355e-05,0.0003082288107044495,0.5939775067369212,1.5240718893607823
balanced,1329072448044891,22151207,oracle_prediction,0.648007890898761,1.3116120289144846,0.6430314854692876,1.5920953332646672,0.5368126311104333,1.6208141588392642,True,True,True,True,True,10,70,38,51,0.09511302243057747,0.1043890455694774,4.885210995587355e-05,0.0003082288107044495,0.536860817939314,1.620693976695274
balanced,1329072448044891,22151207,oracle_matched_random,0.648007890898761,1.3116120289144846,0.6430314854692876,1.5920953332646672,0.5521973886878001,1.6740318041671554,True,True,True,True,True,9,63,38,49,0.09511302243057747,0.10127745662772211,4.885210995587355e-05,0.0003082288107044495,0.5522456096544455,1.6738854162385994
balanced,1329072449045000,22151207,lidar_only,0.31807858587282256,2.932860175230706,0.3423578770977565,3.115436379418533,0.3423578770977565,3.115436379418533,False,False,False,True,True,9,63,58,0,0.12609010231090045,0.12201915844157728,0.0011516801733937028,0.011816260317096646,0.34165382437398506,3.12439423909769
balanced,1329072449045000,22151207,prediction_full,0.31807858587282256,2.932860175230706,0.3423578770977565,3.115436379418533,0.3363432062390764,2.99497440065091,False,False,False,True,True,8,56,58,30,0.12609010231090045,0.1260967764392285,0.0011516801733937028,0.011816260317096646,0.3356034336951216,3.0032426744570717
balanced,1329072449045000,22151207,prediction_common,0.31807858587282256,2.932860175230706,0.3423578770977565,3.115436379418533,0.33632355445305007,2.873866754626285,False,False,False,True,True,8,56,58,58,0.12609010231090045,0.13495417128183143,0.0011516801733937028,0.011816260317096646,0.33556294836974976,2.881423028180884
balanced,1329072449045000,22151207,oracle_prediction,0.31807858587282256,2.932860175230706,0.3423578770977565,3.115436379418533,0.30964849261555905,2.811375791676271,False,False,False,True,True,9,63,58,43,0.12609010231090045,0.14277093733263638,0.0011516801733937028,0.011816260317096646,0.30895774668724263,2.818791842956299
balanced,1329072449045000,22151207,oracle_matched_random,0.31807858587282256,2.932860175230706,0.3423578770977565,3.115436379418533,0.3189027981675435,2.844876172206956,False,False,False,True,True,8,56,58,34,0.12609010231090045,0.1380445425460885,0.0011516801733937028,0.011816260317096646,0.31818605593693433,2.852400912399439
balanced,1329072450045087,22151207,lidar_only,0.32973352921232496,2.450280132455671,0.27910214692062874,2.5698218607046845,0.27910214692062874,2.5698218607046845,False,False,False,True,True,8,56,91,0,0.1810854630245858,0.17409859905104708,0.00010302302996456518,0.0028323132376162187,0.27919932486183796,2.567697004456219
balanced,1329072450045087,22151207,prediction_full,0.32973352921232496,2.450280132455671,0.27910214692062874,2.5698218607046845,0.2861561576079551,2.5003636039023673,False,False,False,True,True,8,56,91,16,0.1810854630245858,0.177338400274262,0.00010302302996456518,0.0028323132376162187,0.28625624376012665,2.4983411943564455
balanced,1329072450045087,22151207,prediction_common,0.32973352921232496,2.450280132455671,0.27910214692062874,2.5698218607046845,0.28814434685202767,2.2627054002809315,False,False,False,True,True,8,56,91,41,0.1810854630245858,0.1874983630610634,0.00010302302996456518,0.0028323132376162187,0.2882460599440676,2.2607752721748335
balanced,1329072450045087,22151207,oracle_prediction,0.32973352921232496,2.450280132455671,0.27910214692062874,2.5698218607046845,0.2973477559083026,2.2859964607111776,False,False,False,True,True,8,56,91,28,0.1810854630245858,0.1982700860860496,0.00010302302996456518,0.0028323132376162187,0.2974504406166613,2.2841692811406236
balanced,1329072450045087,22151207,oracle_matched_random,0.32973352921232496,2.450280132455671,0.27910214692062874,2.5698218607046845,0.2923046213482754,2.3612027339633452,False,False,False,True,True,8,56,91,18,0.1810854630245858,0.1905309436361663,0.00010302302996456518,0.0028323132376162187,0.29240694325286604,2.359330717438237
balanced,1329072451045197,22151207,lidar_only,0.19576823941008942,1.0927470800472425,0.18426425950352904,1.2117176870752289,0.18426425950352904,1.2117176870752289,True,True,True,True,True,7,49,152,0,0.1998668603573,0.19823162103119155,9.95397576620638e-05,0.0066603255704103725,0.18416598529831088,1.20743098940881
balanced,1329072451045197,22151207,prediction_full,0.19576823941008942,1.0927470800472425,0.18426425950352904,1.2117176870752289,0.19705804480120387,1.1890421910490365,True,True,True,True,True,7,49,152,52,0.1998668603573,0.2046542032466091,9.95397576620638e-05,0.0066603255704103725,0.1969612474884853,1.1853385391302749
balanced,1329072451045197,22151207,prediction_common,0.19576823941008942,1.0927470800472425,0.18426425950352904,1.2117176870752289,0.2140736438508621,1.2173189409501528,True,True,True,True,True,7,49,152,132,0.1998668603573,0.2147044123423632,9.95397576620638e-05,0.0066603255704103725,0.21397816011063753,1.2141401489061363
balanced,1329072451045197,22151207,oracle_prediction,0.19576823941008942,1.0927470800472425,0.18426425950352904,1.2117176870752289,0.183853606889301,1.0289064010570204,True,True,True,True,True,7,49,152,71,0.1998668603573,0.21177965161415488,9.95397576620638e-05,0.0066603255704103725,0.18375812479750578,1.0254322730660053
balanced,1329072451045197,22151207,oracle_matched_random,0.19576823941008942,1.0927470800472425,0.18426425950352904,1.2117176870752289,0.2035451950735466,1.0903211234669232,True,True,True,True,True,7,49,152,56,0.1998668603573,0.21197639621191597,9.95397576620638e-05,0.0066603255704103725,0.20344944955300004,1.086855496411113
balanced,1329072452045299,22151207,lidar_only,0.18177825334034875,1.4645771234766196,0.18235745885489948,1.3495293419011116,0.18235745885489948,1.3495293419011116,True,True,True,True,True,7,49,122,0,0.20876674285654206,0.2077523296977878,2.5228595089964132e-05,0.003444919527945938,0.18236808421214648,1.351820676919643
balanced,1329072452045299,22151207,prediction_full,0.18177825334034875,1.4645771234766196,0.18235745885489948,1.3495293419011116,0.1672341967815716,1.5283338503946382,True,True,True,True,True,7,49,122,46,0.20876674285654206,0.21113271299608868,2.5228595089964132e-05,0.003444919527945938,0.1672468108280912,1.5305756390804255
balanced,1329072452045299,22151207,prediction_common,0.18177825334034875,1.4645771234766196,0.18235745885489948,1.3495293419011116,0.15902578785502494,1.4712163724861014,True,True,True,True,True,7,49,122,117,0.20876674285654206,0.2235370798287051,2.5228595089964132e-05,0.003444919527945938,0.15904472866931021,1.473215559829729
balanced,1329072452045299,22151207,oracle_prediction,0.18177825334034875,1.4645771234766196,0.18235745885489948,1.3495293419011116,0.1499075680028565,1.6259452515718897,True,True,True,True,True,7,49,122,79,0.20876674285654206,0.2298996752399511,2.5228595089964132e-05,0.003444919527945938,0.14992649144786796,1.6275244955745258
balanced,1329072452045299,22151207,oracle_matched_random,0.18177825334034875,1.4645771234766196,0.18235745885489948,1.3495293419011116,0.15953137299558715,1.612610298693886,True,True,True,True,True,7,49,122,66,0.20876674285654206,0.22610062425836203,2.5228595089964132e-05,0.003444919527945938,0.15955024359143513,1.6143312895882107
balanced,1329072453045399,22151207,lidar_only,0.3438130679524716,1.948355059941779,0.3243915739695602,1.7802629081557857,0.3243915739695602,1.7802629081557857,True,True,True,True,True,8,56,66,0,0.13015717909849123,0.12468952451050828,0.00029000320465407054,0.03289775036128956,0.3241707380475396,1.8093346977547278
balanced,1329072453045399,22151207,prediction_full,0.3438130679524716,1.948355059941779,0.3243915739695602,1.7802629081557857,0.3210996197061719,1.569184653203891,True,True,True,True,True,8,56,66,30,0.13015717909849123,0.13171686193584584,0.00029000320465407054,0.03289775036128956,0.3208541951029793,1.6002792112130528
balanced,1329072453045399,22151207,prediction_common,0.3438130679524716,1.948355059941779,0.3243915739695602,1.7802629081557857,0.31055378450406124,1.459625435603438,True,True,True,True,True,8,56,66,83,0.13015717909849123,0.14134283367166048,0.00029000320465407054,0.03289775036128956,0.31029676361459785,1.4915718771275264
balanced,1329072453045399,22151207,oracle_prediction,0.3438130679524716,1.948355059941779,0.3243915739695602,1.7802629081557857,0.29430096245639475,1.442697220711162,True,True,True,True,True,8,56,66,52,0.13015717909849123,0.14582203672820063,0.00029000320465407054,0.03289775036128956,0.29403860247936797,1.4748390466095935
balanced,1329072453045399,22151207,oracle_matched_random,0.3438130679524716,1.948355059941779,0.3243915739695602,1.7802629081557857,0.3108641279011348,1.4515156575029264,True,True,True,True,True,8,56,66,41,0.13015717909849123,0.14378646329054715,0.00029000320465407054,0.03289775036128956,0.3106040024315973,1.483616124030512
balanced,1329072454045502,22151207,lidar_only,0.2006022326363603,1.2719186104812645,0.20001031872221123,1.386187360211572,0.20001031872221123,1.386187360211572,True,True,True,True,True,7,49,157,0,0.18447007902235224,0.18252445878718365,0.0005041338204253488,0.011507200433858044,0.20050853560674578,1.3754466794658988
balanced,1329072454045502,22151207,prediction_full,0.2006022326363603,1.2719186104812645,0.20001031872221123,1.386187360211572,0.20348250783857505,1.2920480940490493,True,True,True,True,True,7,49,157,76,0.18447007902235224,0.1861596781337029,0.0005041338204253488,0.011507200433858044,0.20398057539735245,1.2811945632062252
balanced,1329072454045502,22151207,prediction_common,0.2006022326363603,1.2719186104812645,0.20001031872221123,1.386187360211572,0.20916227432391343,1.0500319084456782,True,True,True,True,True,7,49,157,210,0.18447007902235224,0.20287057061781727,0.0005041338204253488,0.011507200433858044,0.20965371175798944,1.0386959859859086
balanced,1329072454045502,22151207,oracle_prediction,0.2006022326363603,1.2719186104812645,0.20001031872221123,1.386187360211572,0.19449734252792958,0.988672128931252,True,True,True,True,True,7,49,157,168,0.18447007902235224,0.20549827560231604,0.0005041338204253488,0.011507200433858044,0.19498198265095854,0.977262840217729
balanced,1329072454045502,22151207,oracle_matched_random,0.2006022326363603,1.2719186104812645,0.20001031872221123,1.386187360211572,0.20814779405002132,1.0448218800936848,True,True,True,True,True,7,49,157,161,0.18447007902235224,0.19969188096497945,0.0005041338204253488,0.011507200433858044,0.2086395562178829,1.0334864012785712
balanced,1329072455045599,22151207,lidar_only,0.5319599268493964,2.1972029732430047,0.5367917249438307,2.551154030296035,0.5367917249438307,2.551154030296035,False,False,False,True,True,7,49,99,0,0.21790454454141853,0.2154754061320494,0.0002372747963660606,0.01352460823073737,0.5370261254916884,2.5549817544571636
balanced,1329072455045599,22151207,prediction_full,0.5319599268493964,2.1972029732430047,0.5367917249438307,2.551154030296035,0.5350844151342891,2.4768936963323696,False,False,False,True,True,7,49,99,26,0.21790454454141853,0.217846517525953,0.0002372747963660606,0.01352460823073737,0.5353200112137809,2.4811903214553643
balanced,1329072455045599,22151207,prediction_common,0.5319599268493964,2.1972029732430047,0.5367917249438307,2.551154030296035,0.5252420844695442,2.4752597245547783,False,False,False,True,True,7,49,99,38,0.21790454454141853,0.2249561263551646,0.0002372747963660606,0.01352460823073737,0.5254785192962401,2.480469813083457
balanced,1329072455045599,22151207,oracle_prediction,0.5319599268493964,2.1972029732430047,0.5367917249438307,2.551154030296035,0.5186203323510942,2.299665616143625,False,False,False,True,True,7,49,99,26,0.21790454454141853,0.24469309338063197,0.0002372747963660606,0.01352460823073737,0.5188570247160935,2.305813599498015
balanced,1329072455045599,22151207,oracle_matched_random,0.5319599268493964,2.1972029732430047,0.5367917249438307,2.551154030296035,0.5213245136436634,2.437625911001877,False,False,False,True,True,7,49,99,16,0.21790454454141853,0.23043982855385142,0.0002372747963660606,0.01352460823073737,0.5215610286974447,2.4431916151919677
balanced,1329072456045690,22151207,lidar_only,0.261417829453714,1.3049923574602191,0.25656647916896047,1.384018041154391,0.25656647916896047,1.384018041154391,True,True,True,True,True,6,42,127,0,0.15900008295786272,0.15809239440256725,3.946382537519163e-05,0.001561368074020417,0.25653021059846975,1.3833460736739718
balanced,1329072456045690,22151207,prediction_full,0.261417829453714,1.3049923574602191,0.25656647916896047,1.384018041154391,0.25575011756873667,1.2541682253700455,True,True,True,True,True,8,56,127,43,0.15900008295786272,0.1625012490346531,3.946382537519163e-05,0.001561368074020417,0.25571630300028275,1.2533331820375209
balanced,1329072456045690,22151207,prediction_common,0.261417829453714,1.3049923574602191,0.25656647916896047,1.384018041154391,0.25630536175443136,1.288333031300011,True,True,True,True,True,7,49,127,139,0.15900008295786272,0.1679913366211867,3.946382537519163e-05,0.001561368074020417,0.25627213222630657,1.2873707585965433
balanced,1329072456045690,22151207,oracle_prediction,0.261417829453714,1.3049923574602191,0.25656647916896047,1.384018041154391,0.2389462706914347,1.2791940406524165,True,True,True,True,True,7,49,127,107,0.15900008295786272,0.16878659343578467,3.946382537519163e-05,0.001561368074020417,0.23891373393600468,1.278241243436828
balanced,1329072456045690,22151207,oracle_matched_random,0.261417829453714,1.3049923574602191,0.25656647916896047,1.384018041154391,0.25580600581974466,1.2961215562169182,True,True,True,True,True,7,49,127,77,0.15900008295786272,0.17011425757255,3.946382537519163e-05,0.001561368074020417,0.2557729787929409,1.2951248151623163
balanced,1329072457046006,22151207,lidar_only,0.17872196646177624,1.629976136423421,0.2135858699746247,1.4278929195071002,0.2135858699746247,1.4278929195071002,True,True,True,True,True,8,56,88,0,0.13924435212150793,0.13205089630151085,3.090872055886237e-05,0.0004420572510390312,0.2135552879611436,1.427622211820787
balanced,1329072457046006,22151207,prediction_full,0.17872196646177624,1.629976136423421,0.2135858699746247,1.4278929195071002,0.20819133299732193,1.366252974937523,True,True,True,True,True,8,56,88,28,0.13924435212150793,0.1347034593290148,3.090872055886237e-05,0.0004420572510390312,0.20816153886500105,1.366014716442116
balanced,1329072457046006,22151207,prediction_common,0.17872196646177624,1.629976136423421,0.2135858699746247,1.4278929195071002,0.20334257074208342,1.319310788506012,True,True,True,True,True,7,49,88,141,0.13924435212150793,0.138617221114609,3.090872055886237e-05,0.0004420572510390312,0.20331422511285877,1.3191390578276705
balanced,1329072457046006,22151207,oracle_prediction,0.17872196646177624,1.629976136423421,0.2135858699746247,1.4278929195071002,0.19522879873533638,1.2159733461189528,True,True,True,True,True,7,49,88,121,0.13924435212150793,0.14056272755494645,3.090872055886237e-05,0.0004420572510390312,0.1952010127917113,1.2157821152761006
balanced,1329072457046006,22151207,oracle_matched_random,0.17872196646177624,1.629976136423421,0.2135858699746247,1.4278929195071002,0.19375583388359158,1.287593109702042,True,True,True,True,True,8,56,88,102,0.13924435212150793,0.13809980866574906,3.090872055886237e-05,0.0004420572510390312,0.19372731278466265,1.2873937580251502
balanced,1329072458046019,22151207,lidar_only,0.13062488704973418,1.651373073612265,0.1276402471318167,1.498788877249674,0.1276402471318167,1.498788877249674,True,True,True,True,True,7,49,143,0,0.2073322907942458,0.20580449102362736,0.0006498239602960119,0.009338421133659194,0.12823444117502494,1.4941473800024916
balanced,1329072458046019,22151207,prediction_full,0.13062488704973418,1.651373073612265,0.1276402471318167,1.498788877249674,0.1162217414887477,1.4741823494195316,True,True,True,True,True,7,49,143,74,0.2073322907942458,0.2075201358342781,0.0006498239602960119,0.009338421133659194,0.11682714040237624,1.469443461206419
balanced,1329072458046019,22151207,prediction_common,0.13062488704973418,1.651373073612265,0.1276402471318167,1.498788877249674,0.10785430349412262,1.454307766485172,True,True,True,True,True,7,49,143,222,0.2073322907942458,0.21232601213152494,0.0006498239602960119,0.009338421133659194,0.10848168039112423,1.449991511544607
balanced,1329072458046019,22151207,oracle_prediction,0.13062488704973418,1.651373073612265,0.1276402471318167,1.498788877249674,0.10409076928469238,1.4041587713440438,True,True,True,True,True,7,49,143,184,0.2073322907942458,0.2128002659500636,0.0006498239602960119,0.009338421133659194,0.1047112896987755,1.4000156881960486
balanced,1329072458046019,22151207,oracle_matched_random,0.13062488704973418,1.651373073612265,0.1276402471318167,1.498788877249674,0.10804931748775218,1.4817814529300908,True,True,True,True,True,7,49,143,177,0.2073322907942458,0.2122284532269944,0.0006498239602960119,0.009338421133659194,0.10868071463774033,1.4775077896722215
balanced,1329072459045984,22151207,lidar_only,0.1962314650740955,1.4992863652626682,0.18866344615000935,1.4914294693757695,0.18866344615000935,1.4914294693757695,True,True,True,True,True,6,42,146,0,0.19259666131645112,0.1916081964600086,0.00011528463232104763,0.0022128853885078903,0.1885581207649478,1.492949458733
balanced,1329072459045984,22151207,prediction_full,0.1962314650740955,1.4992863652626682,0.18866344615000935,1.4914294693757695,0.17929929547866108,1.491507512677191,True,True,True,True,True,7,49,146,82,0.19259666131645112,0.19500857821180262,0.00011528463232104763,0.0022128853885078903,0.1791936126738515,1.4928491234688481
balanced,1329072459045984,22151207,prediction_common,0.1962314650740955,1.4992863652626682,0.18866344615000935,1.4914294693757695,0.15636673189231068,1.221285789821013,True,True,True,True,True,7,49,146,193,0.19259666131645112,0.21046165793605637,0.00011528463232104763,0.0022128853885078903,0.15625498000669674,1.222593811658952
balanced,1329072459045984,22151207,oracle_prediction,0.1962314650740955,1.4992863652626682,0.18866344615000935,1.4914294693757695,0.14956665908952915,1.145206729592382,True,True,True,True,True,7,49,146,155,0.19259666131645112,0.2167850044071041,0.00011528463232104763,0.0022128853885078903,0.14945364557871557,1.1465418516705803
balanced,1329072459045984,22151207,oracle_matched_random,0.1962314650740955,1.4992863652626682,0.18866344615000935,1.4914294693757695,0.1539787492260297,1.2192749440606847,True,True,True,True,True,7,49,146,154,0.19259666131645112,0.2112187599296107,0.00011528463232104763,0.0022128853885078903,0.15386706028490263,1.2205791642374806
balanced,1329072460046114,22151207,lidar_only,0.10658990431448034,1.025934715631293,0.07581782189517379,0.9278580285090802,0.07581782189517379,0.9278580285090802,True,True,True,True,True,8,56,120,0,0.19402464241416667,0.18915829901895467,7.752986701331774e-06,0.0003113707141897546,0.07581435565583372,0.9277781303486523
balanced,1329072460046114,22151207,prediction_full,0.10658990431448034,1.025934715631293,0.07581782189517379,0.9278580285090802,0.07638338569936734,0.9902310312303473,True,True,True,True,True,8,56,120,102,0.19402464241416667,0.19334030642976754,7.752986701331774e-06,0.0003113707141897546,0.07638039488543305,0.9901280480269534
balanced,1329072460046114,22151207,prediction_common,0.10658990431448034,1.025934715631293,0.07581782189517379,0.9278580285090802,0.07480447446984914,0.9998844361373902,True,True,True,True,True,7,49,120,226,0.19402464241416667,0.1987639903668626,7.752986701331774e-06,0.0003113707141897546,0.07480123535657923,0.9997482578813485
balanced,1329072460046114,22151207,oracle_prediction,0.10658990431448034,1.025934715631293,0.07581782189517379,0.9278580285090802,0.06107091882837344,0.9029240444915514,True,True,True,True,True,7,49,120,172,0.19402464241416667,0.1995301361565342,7.752986701331774e-06,0.0003113707141897546,0.06106749159604991,0.9027844534048273
balanced,1329072460046114,22151207,oracle_matched_random,0.10658990431448034,1.025934715631293,0.07581782189517379,0.9278580285090802,0.07263968147439198,0.9847512996680097,True,True,True,True,True,7,49,120,159,0.19402464241416667,0.1998740849437073,7.752986701331774e-06,0.0003113707141897546,0.07263704216236644,0.9846129479642608
balanced,1329072461046181,22151207,lidar_only,0.1417898882728472,0.7290006778405419,0.14853571388986708,0.8335111063756641,0.14853571388986708,0.8335111063756641,True,True,True,True,True,7,49,112,0,0.1707679666906346,0.17007938903897024,8.86084925391968e-05,0.0006511486296816759,0.14847837076807505,0.8331479247182655
balanced,1329072461046181,22151207,prediction_full,0.1417898882728472,0.7290006778405419,0.14853571388986708,0.8335111063756641,0.13145643287292852,0.7009282720223855,True,True,True,True,True,7,49,112,77,0.1707679666906346,0.17186827498187915,8.86084925391968e-05,0.0006511486296816759,0.13139680039908996,0.7005025305643596
balanced,1329072461046181,22151207,prediction_common,0.1417898882728472,0.7290006778405419,0.14853571388986708,0.8335111063756641,0.11824581162569196,0.668674423180071,True,True,True,True,True,7,49,112,211,0.1707679666906346,0.17823581052236082,8.86084925391968e-05,0.0006511486296816759,0.11819228576079992,0.6681645982927432
balanced,1329072461046181,22151207,oracle_prediction,0.1417898882728472,0.7290006778405419,0.14853571388986708,0.8335111063756641,0.09564100124478767,0.6319249559011262,True,True,True,True,True,7,49,112,158,0.1707679666906346,0.186808475781903,8.86084925391968e-05,0.0006511486296816759,0.09558519037648627,0.631379647863418
balanced,1329072461046181,22151207,oracle_matched_random,0.1417898882728472,0.7290006778405419,0.14853571388986708,0.8335111063756641,0.11992845850039,0.6588442335162566,True,True,True,True,True,7,49,112,135,0.1707679666906346,0.17724374118481273,8.86084925391968e-05,0.0006511486296816759,0.11987355255602326,0.6583351286673413
balanced,1329072462046291,22151207,lidar_only,0.17374329911581637,0.7382586176016223,0.11857380843323821,1.0789812876877796,0.11857380843323821,1.0789812876877796,True,True,True,True,True,8,56,71,0,0.1466000114752395,0.13637234781575058,1.8638778587059784e-05,0.000527839339685896,0.11858553368259238,1.0794657106872536
balanced,1329072462046291,22151207,prediction_full,0.17374329911581637,0.7382586176016223,0.11857380843323821,1.0789812876877796,0.12327710535189994,1.0340109878814536,True,True,True,True,True,8,56,71,82,0.1466000114752395,0.1381677071920431,1.8638778587059784e-05,0.000527839339685896,0.12328462327649431,1.034504513664673
balanced,1329072462046291,22151207,prediction_common,0.17374329911581637,0.7382586176016223,0.11857380843323821,1.0789812876877796,0.11433340809101998,1.1376466157310023,True,True,True,True,True,8,56,71,202,0.1466000114752395,0.13989384317286163,1.8638778587059784e-05,0.000527839339685896,0.11433890769026286,1.1381044670546396
balanced,1329072462046291,22151207,oracle_prediction,0.17374329911581637,0.7382586176016223,0.11857380843323821,1.0789812876877796,0.10621529563548396,1.0652798261025485,True,True,True,True,True,8,56,71,165,0.1466000114752395,0.14097713916491503,1.8638778587059784e-05,0.000527839339685896,0.10622030298351463,1.065767177872035
balanced,1329072462046291,22151207,oracle_matched_random,0.17374329911581637,0.7382586176016223,0.11857380843323821,1.0789812876877796,0.11663729226220548,1.1321602179534995,True,True,True,True,True,8,56,71,140,0.1466000114752395,0.14029895268144818,1.8638778587059784e-05,0.000527839339685896,0.11664228754739199,1.1326214267090076
balanced,1329072463046389,22151207,lidar_only,0.2346562358641041,0.38967177804877146,0.2183447928922212,0.5271960314585594,0.2183447928922212,0.5271960314585594,True,True,True,True,True,7,49,120,0,0.19601031095345903,0.19416649820508697,0.0009201186961899652,0.0007154513332238275,0.21924171922516283,0.5266847272611059
balanced,1329072463046389,22151207,prediction_full,0.2346562358641041,0.38967177804877146,0.2183447928922212,0.5271960314585594,0.20966938796843962,0.4543430477595436,True,True,True,True,True,8,56,120,51,0.19601031095345903,0.1971170916941529,0.0009201186961899652,0.0007154513332238275,0.2105731959197181,0.4536519363432359
balanced,1329072463046389,22151207,prediction_common,0.2346562358641041,0.38967177804877146,0.2183447928922212,0.5271960314585594,0.20191360204366182,0.8302861405149023,True,True,True,True,True,8,56,120,126,0.19601031095345903,0.21421731624681534,0.0009201186961899652,0.0007154513332238275,0.20283347679742084,0.8296917492596392
balanced,1329072463046389,22151207,oracle_prediction,0.2346562358641041,0.38967177804877146,0.2183447928922212,0.5271960314585594,0.17532885804641954,0.8702447708165933,True,True,True,True,True,8,56,120,90,0.19601031095345903,0.21537566490672422,0.0009201186961899652,0.0007154513332238275,0.1762484375612228,0.8696446888926163
balanced,1329072463046389,22151207,oracle_matched_random,0.2346562358641041,0.38967177804877146,0.2183447928922212,0.5271960314585594,0.1962688837744501,0.8192713456055186,True,True,True,True,True,8,56,120,57,0.19601031095345903,0.21040970882774282,0.0009201186961899652,0.0007154513332238275,0.1971883906069532,0.8186662098019688
balanced,1329072464046495,22151207,lidar_only,0.13299293919414223,0.9299289063619491,0.1419670966568408,1.011119354894896,0.1419670966568408,1.011119354894896,True,True,True,True,True,8,56,104,0,0.14516834496716985,0.14280627208637145,0.0005126441263213537,0.008726897932643484,0.1424663533099759,1.0058433306592172
balanced,1329072464046495,22151207,prediction_full,0.13299293919414223,0.9299289063619491,0.1419670966568408,1.011119354894896,0.14593029302680854,0.7997270612285474,True,True,True,True,True,8,56,104,88,0.14516834496716985,0.14831790149366658,0.0005126441263213537,0.008726897932643484,0.1463987256878198,0.7945181307295859
balanced,1329072464046495,22151207,prediction_common,0.13299293919414223,0.9299289063619491,0.1419670966568408,1.011119354894896,0.1021071924552914,0.854588362320541,True,True,True,True,True,8,56,104,194,0.14516834496716985,0.1834475959573733,0.0005126441263213537,0.008726897932643484,0.10244012744994711,0.8560909749909557
balanced,1329072464046495,22151207,oracle_prediction,0.13299293919414223,0.9299289063619491,0.1419670966568408,1.011119354894896,0.09164612786477828,0.7394016743069136,True,True,True,True,True,8,56,104,168,0.14516834496716985,0.18797756628547502,0.0005126441263213537,0.008726897932643484,0.09195339998633242,0.7419360590040738
balanced,1329072464046495,22151207,oracle_matched_random,0.13299293919414223,0.9299289063619491,0.1419670966568408,1.011119354894896,0.1033527585584754,0.8940423671008251,True,True,True,True,True,8,56,104,141,0.14516834496716985,0.18251664758866926,0.0005126441263213537,0.008726897932643484,0.1036895861685475,0.8949586931128959
balanced,1329072465046598,22151207,lidar_only,0.2205963879607107,0.8087499601195738,0.21622330328053999,0.8059747435128473,0.21622330328053999,0.8059747435128473,True,True,True,True,True,6,42,111,0,0.15088460394267966,0.14900512208931005,8.528503230797871e-05,0.0035461852125371596,0.21613879584135925,0.8035410916784321
balanced,1329072465046598,22151207,prediction_full,0.2205963879607107,0.8087499601195738,0.21622330328053999,0.8059747435128473,0.20167386878982518,0.5664927412466018,True,True,True,True,True,8,56,111,82,0.15088460394267966,0.15769184957108562,8.528503230797871e-05,0.0035461852125371596,0.2015886354188622,0.5647134295601909
balanced,1329072465046598,22151207,prediction_common,0.2205963879607107,0.8087499601195738,0.21622330328053999,0.8059747435128473,0.16400387710174383,0.3441234212414763,True,True,True,True,True,9,63,111,169,0.15088460394267966,0.18770493720690756,8.528503230797871e-05,0.0035461852125371596,0.16391953693819805,0.34461817788625904
balanced,1329072465046598,22151207,oracle_prediction,0.2205963879607107,0.8087499601195738,0.21622330328053999,0.8059747435128473,0.14271806396353964,0.3993708870534311,True,True,True,True,True,9,63,111,145,0.15088460394267966,0.2032364802043438,8.528503230797871e-05,0.0035461852125371596,0.14263491167783518,0.4007837445081111
balanced,1329072465046598,22151207,oracle_matched_random,0.2205963879607107,0.8087499601195738,0.21622330328053999,0.8059747435128473,0.16180025275795912,0.3433229859042154,True,True,True,True,True,9,63,111,118,0.15088460394267966,0.19153246676596183,8.528503230797871e-05,0.0035461852125371596,0.16171618156634,0.3442348213888332
balanced,1329072466046718,22151207,lidar_only,0.2182174304057578,1.1319079074253797,0.21400829045509037,1.096035645084216,0.21400829045509037,1.096035645084216,True,True,True,True,True,7,49,100,0,0.16399698900026036,0.16257800229672612,0.0001807200803610034,0.003636748742871007,0.21384052290660488,1.0994320951844054
balanced,1329072466046718,22151207,prediction_full,0.2182174304057578,1.1319079074253797,0.21400829045509037,1.096035645084216,0.21038014448167255,1.1729783965164675,True,True,True,True,True,8,56,100,63,0.16399698900026036,0.16418757170930362,0.0001807200803610034,0.003636748742871007,0.21020947006897642,1.1762531913557894
balanced,1329072466046718,22151207,prediction_common,0.2182174304057578,1.1319079074253797,0.21400829045509037,1.096035645084216,0.15365430573389283,1.4863124092115607,True,True,True,True,True,8,56,100,193,0.16399698900026036,0.17553684813432088,0.0001807200803610034,0.003636748742871007,0.1534865884927468,1.4895750538917099
balanced,1329072466046718,22151207,oracle_prediction,0.2182174304057578,1.1319079074253797,0.21400829045509037,1.096035645084216,0.1535568306643596,1.3115931131846614,True,True,True,True,True,8,56,100,123,0.16399698900026036,0.17432481134314057,0.0001807200803610034,0.003636748742871007,0.15339619514845793,1.314856668601184
balanced,1329072466046718,22151207,oracle_matched_random,0.2182174304057578,1.1319079074253797,0.21400829045509037,1.096035645084216,0.1568836996916573,1.4368695260801903,True,True,True,True,True,8,56,100,105,0.16399698900026036,0.17478676531309847,0.0001807200803610034,0.003636748742871007,0.15671827214619244,1.4400023644829714
balanced,1329072467046788,22151207,lidar_only,0.17552142384714847,1.1044955594010506,0.180436462317456,1.0635623336599762,0.180436462317456,1.0635623336599762,True,True,True,True,True,7,49,119,0,0.18184717375962636,0.18070946485660963,9.647270328617424e-06,0.0004928938013428018,0.18042815884507304,1.0633844117168674
balanced,1329072467046788,22151207,prediction_full,0.17552142384714847,1.1044955594010506,0.180436462317456,1.0635623336599762,0.16939455756301494,1.138800426260253,True,True,True,True,True,8,56,119,52,0.18184717375962636,0.1821905284258034,9.647270328617424e-06,0.0004928938013428018,0.1693864826220405,1.1386779615599278
balanced,1329072467046788,22151207,prediction_common,0.17552142384714847,1.1044955594010506,0.180436462317456,1.0635623336599762,0.12715771169198403,1.337227598912404,True,True,True,True,True,8,56,119,176,0.18184717375962636,0.19953272900500463,9.647270328617424e-06,0.0004928938013428018,0.12715043138306414,1.3371333586254872
balanced,1329072467046788,22151207,oracle_prediction,0.17552142384714847,1.1044955594010506,0.180436462317456,1.0635623336599762,0.1170935725473375,1.3098956658474246,True,True,True,True,True,8,56,119,153,0.18184717375962636,0.2108643445693303,9.647270328617424e-06,0.0004928938013428018,0.11708697254323762,1.3098176997825959
balanced,1329072467046788,22151207,oracle_matched_random,0.17552142384714847,1.1044955594010506,0.180436462317456,1.0635623336599762,0.12297368141226744,1.3410563973253602,True,True,True,True,True,8,56,119,130,0.18184717375962636,0.2025335979030433,9.647270328617424e-06,0.0004928938013428018,0.12296660210753788,1.3409651708256944
balanced,1329072468046888,22151207,lidar_only,0.21159564392995675,0.6635027537940377,0.1950460569238029,0.5372028743121746,0.1950460569238029,0.5372028743121746,True,True,True,True,True,8,56,116,0,0.16782095597561006,0.16255248120812885,2.98098362948106e-06,0.00085313949662459,0.19504636223598473,0.5374155861668434
balanced,1329072468046888,22151207,prediction_full,0.21159564392995675,0.6635027537940377,0.1950460569238029,0.5372028743121746,0.18409181777541025,0.824908167629323,True,True,True,True,True,8,56,116,62,0.16782095597561006,0.1645962070909285,2.98098362948106e-06,0.00085313949662459,0.18409209942962512,0.8251178004472365
balanced,1329072468046888,22151207,prediction_common,0.21159564392995675,0.6635027537940377,0.1950460569238029,0.5372028743121746,0.14022563806501245,0.9976071452081192,True,True,True,True,True,8,56,116,187,0.16782095597561006,0.17760969628216472,2.98098362948106e-06,0.00085313949662459,0.14022599291729215,0.9977887749061547
balanced,1329072468046888,22151207,oracle_prediction,0.21159564392995675,0.6635027537940377,0.1950460569238029,0.5372028743121746,0.12675629709115135,0.9992852699358996,True,True,True,True,True,9,63,116,163,0.16782095597561006,0.1847418236725832,2.98098362948106e-06,0.00085313949662459,0.126756863433066,0.9995068216808769
balanced,1329072468046888,22151207,oracle_matched_random,0.21159564392995675,0.6635027537940377,0.1950460569238029,0.5372028743121746,0.13620322566056026,0.9660841776375372,True,True,True,True,True,8,56,116,139,0.16782095597561006,0.17901300809557924,2.98098362948106e-06,0.00085313949662459,0.13620365438415763,0.9662831215814368
balanced,1329072469046987,22151207,lidar_only,0.1511525592216,0.9437990407459209,0.14860394621597875,1.0606637789291644,0.14860394621597875,1.0606637789291644,True,True,True,True,True,7,49,145,0,0.1609146447553377,0.15943187736128286,8.999963873956546e-06,0.0010584338501832494,0.148596105426221,1.0614140798245475
balanced,1329072469046987,22151207,prediction_full,0.1511525592216,0.9437990407459209,0.14860394621597875,1.0606637789291644,0.1434720510669988,1.0719787990807128,True,True,True,True,True,7,49,145,64,0.1609146447553377,0.16047367343312263,8.999963873956546e-06,0.0010584338501832494,0.14346391189412352,1.0727018535268653
balanced,1329072469046987,22151207,prediction_common,0.1511525592216,0.9437990407459209,0.14860394621597875,1.0606637789291644,0.10938081254587746,1.2439967374916157,True,True,True,True,True,8,56,145,176,0.1609146447553377,0.16861536274241243,8.999963873956546e-06,0.0010584338501832494,0.10937285826035797,1.2446660920722463
balanced,1329072469046987,22151207,oracle_prediction,0.1511525592216,0.9437990407459209,0.14860394621597875,1.0606637789291644,0.08259034300745592,1.1919160808706906,True,True,True,True,True,8,56,145,135,0.1609146447553377,0.1815018791875243,8.999963873956546e-06,0.0010584338501832494,0.08258321295674419,1.192567400226949
balanced,1329072469046987,22151207,oracle_matched_random,0.1511525592216,0.9437990407459209,0.14860394621597875,1.0606637789291644,0.09824553463603211,1.3045371809720907,True,True,True,True,True,8,56,145,106,0.1609146447553377,0.17455079699645787,8.999963873956546e-06,0.0010584338501832494,0.09823787027708414,1.305179657660049
balanced,1329072470047086,22151207,lidar_only,0.13887343315833992,0.9994964407145621,0.17666996243127273,0.9439123556843365,0.17666996243127273,0.9439123556843365,True,True,True,True,True,8,56,118,0,0.1521577447819963,0.14659618494571783,1.324424953336892e-05,0.005891100117315285,0.17665758987555424,0.9390388625799568
balanced,1329072470047086,22151207,prediction_full,0.13887343315833992,0.9994964407145621,0.17666996243127273,0.9439123556843365,0.17772021977587663,0.9909650717219585,True,True,True,True,True,8,56,118,66,0.1521577447819963,0.1488892976961879,1.324424953336892e-05,0.005891100117315285,0.17770744979719022,0.9865068436797597
balanced,1329072470047086,22151207,prediction_common,0.13887343315833992,0.9994964407145621,0.17666996243127273,0.9439123556843365,0.13012446058561547,1.2262329822191982,True,True,True,True,True,8,56,118,159,0.1521577447819963,0.15868733190266562,1.324424953336892e-05,0.005891100117315285,0.13011253824982644,1.222012240535998
balanced,1329072470047086,22151207,oracle_prediction,0.13887343315833992,0.9994964407145621,0.17666996243127273,0.9439123556843365,0.10040905000022193,1.1872865173842055,True,True,True,True,True,8,56,118,113,0.1521577447819963,0.17338181878257106,1.324424953336892e-05,0.005891100117315285,0.10039880965528945,1.1834258223913952
balanced,1329072470047086,22151207,oracle_matched_random,0.13887343315833992,0.9994964407145621,0.17666996243127273,0.9439123556843365,0.12677621512645668,1.1925307723436405,True,True,True,True,True,8,56,118,88,0.1521577447819963,0.15835356543782353,1.324424953336892e-05,0.005891100117315285,0.12676441996331625,1.1882169187877978
balanced,1329072471047185,22151207,lidar_only,0.1627479844265709,1.379686831144173,0.10220858355447293,1.3571782919368804,0.10220858355447293,1.3571782919368804,True,True,True,True,True,8,56,100,0,0.1415314888724272,0.1295909030717258,9.557971311719706e-05,0.03957763229612862,0.10228059919864925,1.396467566059908
balanced,1329072471047185,22151207,prediction_full,0.1627479844265709,1.379686831144173,0.10220858355447293,1.3571782919368804,0.10443511099758297,1.4604966483896562,True,True,True,True,True,8,56,100,49,0.1415314888724272,0.13315014170675463,9.557971311719706e-05,0.03957763229612862,0.10452208313314981,1.4988241355956462
balanced,1329072471047185,22151207,prediction_common,0.1627479844265709,1.379686831144173,0.10220858355447293,1.3571782919368804,0.11324725398115851,1.3769059519400075,True,True,True,True,True,8,56,100,122,0.1415314888724272,0.14195066616531676,9.557971311719706e-05,0.03957763229612862,0.1133420381672672,1.4136376772976547
balanced,1329072471047185,22151207,oracle_prediction,0.1627479844265709,1.379686831144173,0.10220858355447293,1.3571782919368804,0.10147650344715216,1.2824804109206205,True,True,True,True,True,8,56,100,78,0.1415314888724272,0.14665561828934873,9.557971311719706e-05,0.03957763229612862,0.10156854851823653,1.313835302078934
balanced,1329072471047185,22151207,oracle_matched_random,0.1627479844265709,1.379686831144173,0.10220858355447293,1.3571782919368804,0.10494640749430471,1.3509327752584663,True,True,True,True,True,8,56,100,55,0.1415314888724272,0.14443625017291178,9.557971311719706e-05,0.03957763229612862,0.10504099192018808,1.3871881307705956
balanced,1329072472047291,22151207,lidar_only,0.07759894899512511,1.3598396705156262,0.05172768925427656,1.3430744147461182,0.05172768925427656,1.3430744147461182,True,True,True,True,True,8,56,120,0,0.1520128850340661,0.14786060314653032,0.0003081764411084876,0.0033757514648970364,0.05157552113104901,1.3419506069794613
balanced,1329072472047291,22151207,prediction_full,0.07759894899512511,1.3598396705156262,0.05172768925427656,1.3430744147461182,0.051737164165463985,1.2598606305116953,True,True,True,True,True,8,56,120,75,0.1520128850340661,0.1495826775250544,0.0003081764411084876,0.0033757514648970364,0.051559277483586054,1.2584329323044858
balanced,1329072472047291,22151207,prediction_common,0.07759894899512511,1.3598396705156262,0.05172768925427656,1.3430744147461182,0.04468855610883263,1.2912466384589623,True,True,True,True,True,8,56,120,171,0.1520128850340661,0.1518200979339046,0.0003081764411084876,0.0033757514648970364,0.04461110896990796,1.289963708903827
balanced,1329072472047291,22151207,oracle_prediction,0.07759894899512511,1.3598396705156262,0.05172768925427656,1.3430744147461182,0.03673505742063732,1.1572430352794474,True,True,True,True,True,7,49,120,138,0.1520128850340661,0.1543923993365643,0.0003081764411084876,0.0033757514648970364,0.036715383232925045,1.156170758718971
balanced,1329072472047291,22151207,oracle_matched_random,0.07759894899512511,1.3598396705156262,0.05172768925427656,1.3430744147461182,0.04751493031696776,1.2715175870581772,True,True,True,True,True,8,56,120,116,0.1520128850340661,0.15288919203002196,0.0003081764411084876,0.0033757514648970364,0.04747534417514692,1.2703577556759322
balanced,1329072473047388,22151207,lidar_only,0.16667752439067818,0.7441339242503741,0.16423590623053091,0.7735359654042909,0.16423590623053091,0.7735359654042909,True,True,True,True,True,7,49,117,0,0.14179311642291595,0.1396293432886083,0.002011890615729058,0.031445683152090474,0.16614555810948187,0.7534052281709592
balanced,1329072473047388,22151207,prediction_full,0.16667752439067818,0.7441339242503741,0.16423590623053091,0.7735359654042909,0.15906016508408918,0.8216733057949088,True,True,True,True,True,7,49,117,39,0.14179311642291595,0.14149033639091518,0.002011890615729058,0.031445683152090474,0.1609332656868758,0.8057566084518578
balanced,1329072473047388,22151207,prediction_common,0.16667752439067818,0.7441339242503741,0.16423590623053091,0.7735359654042909,0.1741492972178564,0.7835483551230954,True,True,True,True,True,7,49,117,103,0.14179311642291595,0.14538886166260612,0.002011890615729058,0.031445683152090474,0.1759707119401225,0.7696545399979663
balanced,1329072473047388,22151207,oracle_prediction,0.16667752439067818,0.7441339242503741,0.16423590623053091,0.7735359654042909,0.16417300943961308,0.8350955892214736,True,True,True,True,True,7,49,117,91,0.14179311642291595,0.1543086237941294,0.002011890615729058,0.031445683152090474,0.16596226279680798,0.8282108776036106
balanced,1329072473047388,22151207,oracle_matched_random,0.16667752439067818,0.7441339242503741,0.16423590623053091,0.7735359654042909,0.17453198761650057,0.6694491412502567,True,True,True,True,True,7,49,117,56,0.14179311642291595,0.14855908074098348,0.002011890615729058,0.031445683152090474,0.1762842034640899,0.6541731396236158
balanced,1329072474047486,22151207,lidar_only,0.023847778271891905,1.4769676210471392,0.03484337512490953,1.4030405406799944,0.03484337512490953,1.4030405406799944,True,True,True,True,True,8,56,123,0,0.1657674345670297,0.16328984926342824,0.0009202060791191845,0.02005359441998202,0.03509966286904039,1.3929320654302146
balanced,1329072474047486,22151207,prediction_full,0.023847778271891905,1.4769676210471392,0.03484337512490953,1.4030405406799944,0.039639836836234114,1.413971932159571,True,True,True,True,True,8,56,123,44,0.1657674345670297,0.16548423118180908,0.0009202060791191845,0.02005359441998202,0.04020044159844327,1.4032717557048888
balanced,1329072474047486,22151207,prediction_common,0.023847778271891905,1.4769676210471392,0.03484337512490953,1.4030405406799944,0.047824794144350265,1.3725027041500633,True,True,True,True,True,8,56,123,70,0.1657674345670297,0.1660698610632442,0.0009202060791191845,0.02005359441998202,0.04840950197040102,1.3623953054154376
balanced,1329072474047486,22151207,oracle_prediction,0.023847778271891905,1.4769676210471392,0.03484337512490953,1.4030405406799944,0.05904404509714331,1.1409521965491152,True,True,True,True,True,8,56,123,56,0.1657674345670297,0.17914339379818361,0.0009202060791191845,0.02005359441998202,0.05972421490388347,1.13030555095412
balanced,1329072474047486,22151207,oracle_matched_random,0.023847778271891905,1.4769676210471392,0.03484337512490953,1.4030405406799944,0.0599301693218528,1.2911092989989055,True,True,True,True,True,8,56,123,37,0.1657674345670297,0.17305947983851414,0.0009202060791191845,0.02005359441998202,0.060329044304059415,1.280825238254812
balanced,1329072475047581,22151207,lidar_only,0.1213756115374076,0.8372209556267906,0.12879251261791663,0.8002416200883916,0.12879251261791663,0.8002416200883916,True,True,True,True,True,7,49,95,0,0.10736516640252132,0.10617789516408434,0.0013779996735747671,0.045332119687677135,0.12936389809262816,0.7618572693138023
balanced,1329072475047581,22151207,prediction_full,0.1213756115374076,0.8372209556267906,0.12879251261791663,0.8002416200883916,0.11385653430528975,0.8482968844350317,True,True,True,True,True,7,49,95,24,0.10736516640252132,0.1067606376050352,0.0013779996735747671,0.045332119687677135,0.11453891378008418,0.8106817889472118
balanced,1329072475047581,22151207,prediction_common,0.1213756115374076,0.8372209556267906,0.12879251261791663,0.8002416200883916,0.09560147603903481,0.7776058210858223,True,True,True,True,True,7,49,95,82,0.10736516640252132,0.10865682525065898,0.0013779996735747671,0.045332119687677135,0.09627420577983363,0.7391209976065946
balanced,1329072475047581,22151207,oracle_prediction,0.1213756115374076,0.8372209556267906,0.12879251261791663,0.8002416200883916,0.05982465739426342,0.7830546162750358,True,True,True,True,True,8,56,95,72,0.10736516640252132,0.12220278072614896,0.0013779996735747671,0.045332119687677135,0.0603059243708295,0.748067335356062
balanced,1329072475047581,22151207,oracle_matched_random,0.1213756115374076,0.8372209556267906,0.12879251261791663,0.8002416200883916,0.08075766285744777,0.7502118097454685,True,True,True,True,True,7,49,95,41,0.10736516640252132,0.11358392920010982,0.0013779996735747671,0.045332119687677135,0.08165096929974631,0.7121671522946965
balanced,1329072476047685,22151207,lidar_only,0.1326607167936344,1.6972126678761188,0.11210415954711035,1.6052212047671974,0.11210415954711035,1.6052212047671974,True,True,True,True,True,7,49,203,0,0.20075681016257263,0.19950218096771408,0.002418478209719933,0.017411997581637414,0.11124125659423127,1.5978053215110781
balanced,1329072476047685,22151207,prediction_full,0.1326607167936344,1.6972126678761188,0.11210415954711035,1.6052212047671974,0.1205802886084211,1.611961781580818,True,True,True,True,True,7,49,203,43,0.20075681016257263,0.1997045366984023,0.002418478209719933,0.017411997581637414,0.11968649588239051,1.6044710773927717
balanced,1329072476047685,22151207,prediction_common,0.1326607167936344,1.6972126678761188,0.11210415954711035,1.6052212047671974,0.12046420150062705,1.5714883785390612,True,True,True,True,True,7,49,203,68,0.20075681016257263,0.20052595198057382,0.002418478209719933,0.017411997581637414,0.11955958809327134,1.564091041657269
balanced,1329072476047685,22151207,oracle_prediction,0.1326607167936344,1.6972126678761188,0.11210415954711035,1.6052212047671974,0.1255799450818148,1.4483127743715407,True,True,True,True,True,8,56,203,59,0.20075681016257263,0.21050842995742425,0.002418478209719933,0.017411997581637414,0.12454423824066503,1.441773906047659
balanced,1329072476047685,22151207,oracle_matched_random,0.1326607167936344,1.6972126678761188,0.11210415954711035,1.6052212047671974,0.1363542464181132,1.5443113018476908,True,True,True,True,True,8,56,203,36,0.20075681016257263,0.20476553624621333,0.002418478209719933,0.017411997581637414,0.13526349614108968,1.5371170267132586
balanced,1329072477047783,22151207,lidar_only,0.08500519237841161,1.1325907165819011,0.07201644688375543,1.0763322236426132,0.07201644688375543,1.0763322236426132,True,True,True,True,True,7,49,316,0,0.2059523765822557,0.2047896831118837,0.005935610941440944,0.018644227501365615,0.07522326527305297,1.0816371195935606
balanced,1329072477047783,22151207,prediction_full,0.08500519237841161,1.1325907165819011,0.07201644688375543,1.0763322236426132,0.06930767785869521,1.0886607809365287,True,True,True,True,True,7,49,316,39,0.2059523765822557,0.2051112483289673,0.005935610941440944,0.018644227501365615,0.07178189592914876,1.0933249577462107
balanced,1329072477047783,22151207,prediction_common,0.08500519237841161,1.1325907165819011,0.07201644688375543,1.0763322236426132,0.08301951166032638,1.056297694552859,True,True,True,True,True,7,49,316,80,0.2059523765822557,0.2058208140146892,0.005935610941440944,0.018644227501365615,0.08696998952534991,1.0621544783105805
balanced,1329072477047783,22151207,oracle_prediction,0.08500519237841161,1.1325907165819011,0.07201644688375543,1.0763322236426132,0.08899663347812464,1.0244041885463275,True,True,True,True,True,7,49,316,71,0.2059523765822557,0.20720155029821802,0.005935610941440944,0.018644227501365615,0.09296204244954695,1.03041800942625
balanced,1329072477047783,22151207,oracle_matched_random,0.08500519237841161,1.1325907165819011,0.07201644688375543,1.0763322236426132,0.08588195872641595,1.040044711133079,True,True,True,True,True,7,49,316,41,0.2059523765822557,0.20589651924030547,0.005935610941440944,0.018644227501365615,0.08935921495531135,1.0462168474077036
balanced,1329072478047883,22151207,lidar_only,0.07292895382299244,1.2192632887041739,0.04951975015547032,1.11632046952199,0.04951975015547032,1.11632046952199,True,True,True,True,True,7,49,388,0,0.23124407113315648,0.22939249947542698,0.004859541582914007,0.03577805057576065,0.04857438031107065,1.0825450269395198
balanced,1329072478047883,22151207,prediction_full,0.07292895382299244,1.2192632887041739,0.04951975015547032,1.11632046952199,0.048547477694606954,1.087911362408362,True,True,True,True,True,7,49,388,43,0.23124407113315648,0.22964726100976598,0.004859541582914007,0.03577805057576065,0.04764151450311544,1.0541673069521922
balanced,1329072478047883,22151207,prediction_common,0.07292895382299244,1.2192632887041739,0.04951975015547032,1.11632046952199,0.05062614158120331,1.043116316017134,True,True,True,True,True,8,56,388,89,0.23124407113315648,0.23168032087871088,0.004859541582914007,0.03577805057576065,0.05014755394955318,1.008897642797586
balanced,1329072478047883,22151207,oracle_prediction,0.07292895382299244,1.2192632887041739,0.04951975015547032,1.11632046952199,0.06453144853357012,0.8927172769717339,True,True,True,True,True,8,56,388,79,0.23124407113315648,0.2455282282316607,0.004859541582914007,0.03577805057576065,0.06521008395158401,0.8581606554827292
balanced,1329072478047883,22151207,oracle_matched_random,0.07292895382299244,1.2192632887041739,0.04951975015547032,1.11632046952199,0.0505018774429174,1.0067364091476547,True,True,True,True,True,8,56,388,42,0.23124407113315648,0.2332398984131664,0.004859541582914007,0.03577805057576065,0.05056282313756404,0.9724363846456179
balanced,1329072479047984,22151207,lidar_only,0.11852340284008872,0.6406399529636996,0.12461483706288717,0.6521456164558564,0.12461483706288717,0.6521456164558564,True,True,True,True,True,7,49,324,0,0.2047454219465611,0.2028955447542024,0.0007436279849884118,0.00463229748982901,0.1241113517439064,0.6503096962785473
balanced,1329072479047984,22151207,prediction_full,0.11852340284008872,0.6406399529636996,0.12461483706288717,0.6521456164558564,0.12894351391648137,0.6181730759737499,True,True,True,True,True,7,49,324,16,0.2047454219465611,0.20304251670779852,0.0007436279849884118,0.00463229748982901,0.12843846044373045,0.616440925921272
balanced,1329072479047984,22151207,prediction_common,0.11852340284008872,0.6406399529636996,0.12461483706288717,0.6521456164558564,0.12825154553228998,0.5732064590457329,True,True,True,True,True,7,49,324,49,0.2047454219465611,0.20350598462698133,0.0007436279849884118,0.00463229748982901,0.1278113109764281,0.571583324937887
balanced,1329072479047984,22151207,oracle_prediction,0.11852340284008872,0.6406399529636996,0.12461483706288717,0.6521456164558564,0.14611432926692935,0.42822553417781895,True,True,True,True,True,8,56,324,43,0.2047454219465611,0.20726201148479623,0.0007436279849884118,0.00463229748982901,0.14571828762047695,0.42781596701531704
balanced,1329072479047984,22151207,oracle_matched_random,0.11852340284008872,0.6406399529636996,0.12461483706288717,0.6521456164558564,0.1416141440045311,0.5165231239562992,True,True,True,True,True,8,56,324,22,0.2047454219465611,0.20597024933307279,0.0007436279849884118,0.00463229748982901,0.1412679096282516,0.5152642248479535
balanced,1329072480048089,22151208,lidar_only,0.17061688741727465,0.8509218244152287,0.15652884097022837,0.9083375304226282,0.15652884097022837,0.9083375304226282,True,True,True,True,True,8,56,308,0,0.17843113178366535,0.17456729112443267,0.00258142589172247,0.033289675616293986,0.15797453676698828,0.884944725438111
balanced,1329072480048089,22151208,prediction_full,0.17061688741727465,0.8509218244152287,0.15652884097022837,0.9083375304226282,0.15587796247077343,0.9106644904745975,True,True,True,True,True,8,56,308,12,0.17843113178366535,0.17479550601413962,0.00258142589172247,0.033289675616293986,0.15725474129725261,0.8861096718176814
balanced,1329072480048089,22151208,prediction_common,0.17061688741727465,0.8509218244152287,0.15652884097022837,0.9083375304226282,0.15593752062004254,0.8940424483352171,True,True,True,True,True,8,56,308,39,0.17843113178366535,0.17460932582703487,0.00258142589172247,0.033289675616293986,0.15736426794477085,0.8708558813423634
balanced,1329072480048089,22151208,oracle_prediction,0.17061688741727465,0.8509218244152287,0.15652884097022837,0.9083375304226282,0.14810604601394564,0.8168569659123128,True,True,True,True,True,7,49,308,32,0.17843113178366535,0.17763025144252223,0.00258142589172247,0.033289675616293986,0.1494201544650419,0.7923692167531866
balanced,1329072480048089,22151208,oracle_matched_random,0.17061688741727465,0.8509218244152287,0.15652884097022837,0.9083375304226282,0.15420118652486908,0.8351273033211051,True,True,True,True,True,8,56,308,17,0.17843113178366535,0.1760521064097874,0.00258142589172247,0.033289675616293986,0.15557765382983466,0.8125052861059909
balanced,1329072481048185,22151208,lidar_only,0.1719952880440118,2.2736552450600622,0.1620524648560027,2.3084610227291598,0.1620524648560027,2.3084610227291598,False,False,False,True,True,7,49,334,0,0.19480999758142387,0.1940491244695555,0.004759940974739602,0.07960802230433812,0.1577454302135957,2.265098397945993
balanced,1329072481048185,22151208,prediction_full,0.1719952880440118,2.2736552450600622,0.1620524648560027,2.3084610227291598,0.15918056580580514,2.316749067990489,False,False,False,True,True,7,49,334,18,0.19480999758142387,0.19438193241051535,0.004759940974739602,0.07960802230433812,0.1548851238559117,2.2750942304010615
balanced,1329072481048185,22151208,prediction_common,0.1719952880440118,2.2736552450600622,0.1620524648560027,2.3084610227291598,0.16171260922867273,2.2914479219860193,False,False,False,True,True,7,49,334,26,0.19480999758142387,0.1941559454938917,0.004759940974739602,0.07960802230433812,0.15740567729002028,2.2486576915697176
balanced,1329072481048185,22151208,oracle_prediction,0.1719952880440118,2.2736552450600622,0.1620524648560027,2.3084610227291598,0.1749514419573071,2.1386476072478384,False,False,False,True,True,8,56,334,22,0.19480999758142387,0.20296607474242254,0.004759940974739602,0.07960802230433812,0.17059757464078315,2.099274396119904
balanced,1329072481048185,22151208,oracle_matched_random,0.1719952880440118,2.2736552450600622,0.1620524648560027,2.3084610227291598,0.1703556624811237,2.203467454976834,False,False,False,True,True,7,49,334,10,0.19480999758142387,0.19638715238106846,0.004759940974739602,0.07960802230433812,0.1660722933248688,2.1619043287902198
balanced,1329072482048280,22151208,lidar_only,0.08966723127711544,1.7633911219495995,0.10090628751617262,1.817415196802655,0.10090628751617262,1.817415196802655,True,True,True,True,True,7,49,381,0,0.19969651731471877,0.19792569970675278,0.0012351006683425354,0.005754366551354722,0.10079419702629812,1.8130153340839217
balanced,1329072482048280,22151208,prediction_full,0.08966723127711544,1.7633911219495995,0.10090628751617262,1.817415196802655,0.10269824369432942,1.8085684539632234,True,True,True,True,True,7,49,381,10,0.19969651731471877,0.19805050173614588,0.0012351006683425354,0.005754366551354722,0.1025425055790027,1.8041532969942513
balanced,1329072482048280,22151208,prediction_common,0.08966723127711544,1.7633911219495995,0.10090628751617262,1.817415196802655,0.10347063688582059,1.804744962549061,True,True,True,True,True,7,49,381,42,0.19969651731471877,0.19813422473415282,0.0012351006683425354,0.005754366551354722,0.10327423554555143,1.8002987969638078
balanced,1329072482048280,22151208,oracle_prediction,0.08966723127711544,1.7633911219495995,0.10090628751617262,1.817415196802655,0.09804811596997051,1.611377514050621,True,True,True,True,True,8,56,381,29,0.19969651731471877,0.20924622479017937,0.0012351006683425354,0.005754366551354722,0.09772658002002997,1.6070696149501467
balanced,1329072482048280,22151208,oracle_matched_random,0.08966723127711544,1.7633911219495995,0.10090628751617262,1.817415196802655,0.10474372999160243,1.6948170574478871,True,True,True,True,True,7,49,381,13,0.19969651731471877,0.20096923986228613,0.0012351006683425354,0.005754366551354722,0.10441489164626931,1.6903256899422106
balanced,1329072483048390,22151208,lidar_only,0.07300788100389066,1.620056328096431,0.0755230911485188,1.666013539845861,0.0755230911485188,1.666013539845861,True,True,True,True,True,7,49,333,0,0.1994798369465737,0.19845909735692313,0.0018728832652456808,0.02211969244584515,0.0738940181967303,1.6726593238964522
balanced,1329072483048390,22151208,prediction_full,0.07300788100389066,1.620056328096431,0.0755230911485188,1.666013539845861,0.0720248012144541,1.6620666703061375,True,True,True,True,True,7,49,333,17,0.1994798369465737,0.1986914163352172,0.0018728832652456808,0.02211969244584515,0.0703301230631815,1.6685562747701796
balanced,1329072483048390,22151208,prediction_common,0.07300788100389066,1.620056328096431,0.0755230911485188,1.666013539845861,0.06665942603861834,1.6711669245365481,True,True,True,True,True,8,56,333,35,0.1994798369465737,0.19870291730822107,0.0018728832652456808,0.02211969244584515,0.06497418494964219,1.678181431227206
balanced,1329072483048390,22151208,oracle_prediction,0.07300788100389066,1.620056328096431,0.0755230911485188,1.666013539845861,0.043006098330109,1.5149999212533007,True,True,True,True,True,8,56,333,25,0.1994798369465737,0.20571598046438413,0.0018728832652456808,0.02211969244584515,0.041639555229309386,1.52294729349105
balanced,1329072483048390,22151208,oracle_matched_random,0.07300788100389066,1.620056328096431,0.0755230911485188,1.666013539845861,0.0666450134445506,1.7161698701164425,True,True,True,True,True,7,49,333,9,0.1994798369465737,0.1997138542735868,0.0018728832652456808,0.02211969244584515,0.06480963588410277,1.7228432641250713
balanced,1329072484048480,22151208,lidar_only,0.08330955692620359,0.9587858035501271,0.10386909409030301,1.0460123529195655,0.10386909409030301,1.0460123529195655,True,True,True,True,True,7,49,372,0,0.19096692393598927,0.1879057880323755,0.0031438428106229876,0.017536707504333386,0.1065129523963067,1.0292047927446883
balanced,1329072484048480,22151208,prediction_full,0.08330955692620359,0.9587858035501271,0.10386909409030301,1.0460123529195655,0.10110727053181552,1.044484650231405,True,True,True,True,True,7,49,372,14,0.19096692393598927,0.18811929367743918,0.0031438428106229876,0.017536707504333386,0.10368153987412183,1.0274444346610911
balanced,1329072484048480,22151208,prediction_common,0.08330955692620359,0.9587858035501271,0.10386909409030301,1.0460123529195655,0.10552294876522765,1.0187005580738735,True,True,True,True,True,7,49,372,40,0.19096692393598927,0.18811684715271323,0.0031438428106229876,0.017536707504333386,0.10824573726191936,1.002096201740515
balanced,1329072484048480,22151208,oracle_prediction,0.08330955692620359,0.9587858035501271,0.10386909409030301,1.0460123529195655,0.11926383550698465,0.9197136010322955,True,True,True,True,True,7,49,372,38,0.19096692393598927,0.19368678830604752,0.0031438428106229876,0.017536707504333386,0.12200317729387504,0.9047470121540129
balanced,1329072484048480,22151208,oracle_matched_random,0.08330955692620359,0.9587858035501271,0.10386909409030301,1.0460123529195655,0.10845104458847575,1.0478100561767856,True,True,True,True,True,7,49,372,19,0.19096692393598927,0.1882608600704869,0.0031438428106229876,0.017536707504333386,0.1112238625374629,1.0311513671211203
balanced,1329072485048580,22151208,lidar_only,0.4188013304231194,3.513290920210788,0.41540812870566113,3.552149884650667,0.41540812870566113,3.552149884650667,False,False,False,True,True,7,49,343,0,0.21658283528790595,0.21539753711437234,0.002610965933379195,0.02118295373531213,0.4179937697753872,3.542758678189071
balanced,1329072485048580,22151208,prediction_full,0.4188013304231194,3.513290920210788,0.41540812870566113,3.552149884650667,0.4172428252739181,3.5529564785114744,False,False,False,True,True,7,49,343,11,0.21658283528790595,0.21547022358919193,0.002610965933379195,0.02118295373531213,0.4198268565223535,3.543714853899304
balanced,1329072485048580,22151208,prediction_common,0.4188013304231194,3.513290920210788,0.41540812870566113,3.552149884650667,0.4143855874423775,3.5050789142517713,False,False,False,True,True,7,49,343,19,0.21658283528790595,0.21572674075817158,0.002610965933379195,0.02118295373531213,0.41697285734429695,3.4955941270771973
balanced,1329072485048580,22151208,oracle_prediction,0.4188013304231194,3.513290920210788,0.41540812870566113,3.552149884650667,0.39155914474957365,3.2184894244458078,False,False,False,True,True,9,63,343,14,0.21658283528790595,0.22888571621307818,0.002610965933379195,0.02118295373531213,0.3941459891156207,3.2085055087268817
balanced,1329072485048580,22151208,oracle_matched_random,0.4188013304231194,3.513290920210788,0.41540812870566113,3.552149884650667,0.4101963660614004,3.4309131706582927,False,False,False,True,True,7,49,343,5,0.21658283528790595,0.21681273275829627,0.002610965933379195,0.02118295373531213,0.41278581384548546,3.4210775936035343
balanced,1329072486048680,22151208,lidar_only,0.09314592242065174,0.49125143104397195,0.08307817947947918,0.463575698181656,0.08307817947947918,0.463575698181656,True,True,True,True,True,7,49,321,0,0.19544030820145344,0.19464733260313852,1.2786610378393434e-05,9.411891844138263e-08,0.08306695752413855,0.46357574856635025
balanced,1329072486048680,22151208,prediction_full,0.09314592242065174,0.49125143104397195,0.08307817947947918,0.463575698181656,0.08184090460440478,0.4540137355567923,True,True,True,True,True,7,49,321,19,0.19544030820145344,0.19488239679827832,1.2786610378393434e-05,9.411891844138263e-08,0.08182957743084396,0.45401379010789567
balanced,1329072486048680,22151208,prediction_common,0.09314592242065174,0.49125143104397195,0.08307817947947918,0.463575698181656,0.08018181776312786,0.46160557196603563,True,True,True,True,True,7,49,321,30,0.19544030820145344,0.19478440333663546,1.2786610378393434e-05,9.411891844138263e-08,0.08017074140632803,0.46160562832170915
balanced,1329072486048680,22151208,oracle_prediction,0.09314592242065174,0.49125143104397195,0.08307817947947918,0.463575698181656,0.08174822010481304,0.4689482047519622,True,True,True,True,True,8,56,321,28,0.19544030820145344,0.2006018332247073,1.2786610378393434e-05,9.411891844138263e-08,0.08173917603750074,0.468948282319347
balanced,1329072486048680,22151208,oracle_matched_random,0.09314592242065174,0.49125143104397195,0.08307817947947918,0.463575698181656,0.08514763733085291,0.5932923701144374,True,True,True,True,True,8,56,321,6,0.19544030820145344,0.19632419738844084,1.2786610378393434e-05,9.411891844138263e-08,0.08513746329498735,0.593292417570243
balanced,1329072487048768,22151208,lidar_only,0.10413401554655817,0.5896894663932044,0.10728249116568474,0.5703125900362072,0.10728249116568474,0.5703125900362072,True,True,True,True,True,6,42,375,0,0.209674584260287,0.20950197534381595,0.006568552559217799,0.03697518244083498,0.11367298420866462,0.5965702961098149
balanced,1329072487048768,22151208,prediction_full,0.10413401554655817,0.5896894663932044,0.10728249116568474,0.5703125900362072,0.11080713988685031,0.6010594653670396,True,True,True,True,True,7,49,375,16,0.209674584260287,0.2097649377244134,0.006568552559217799,0.03697518244083498,0.11715274118385491,0.6292243465989357
balanced,1329072487048768,22151208,prediction_common,0.10413401554655817,0.5896894663932044,0.10728249116568474,0.5703125900362072,0.108140810500029,0.5515541107262587,True,True,True,True,True,7,49,375,15,0.209674584260287,0.209572390904479,0.006568552559217799,0.03697518244083498,0.11453664511295117,0.5772450769713768
balanced,1329072487048768,22151208,oracle_prediction,0.10413401554655817,0.5896894663932044,0.10728249116568474,0.5703125900362072,0.1117921031751204,0.4005627435886929,True,True,True,True,True,8,56,375,15,0.209674584260287,0.21800955698854882,0.006568552559217799,0.03697518244083498,0.11816882618953889,0.41210209608652154
balanced,1329072487048768,22151208,oracle_matched_random,0.10413401554655817,0.5896894663932044,0.10728249116568474,0.5703125900362072,0.11024595096480388,0.46087038542055886,True,True,True,True,True,7,49,375,5,0.209674584260287,0.21124085371513993,0.006568552559217799,0.03697518244083498,0.11664609644218234,0.484383508296465
balanced,1329072488048879,22151208,lidar_only,0.11843647153943117,0.9498020815219517,0.1382083875188176,1.104369717533277,0.1382083875188176,1.104369717533277,True,True,True,True,True,7,49,296,0,0.19724490191961283,0.19525793058637148,0.002975613635190926,0.009579932934635575,0.14040365963088708,1.113650889721067
balanced,1329072488048879,22151208,prediction_full,0.11843647153943117,0.9498020815219517,0.1382083875188176,1.104369717533277,0.13904046537568412,1.089514486081451,True,True,True,True,True,7,49,296,20,0.19724490191961283,0.19529129610973436,0.002975613635190926,0.009579932934635575,0.14127316832365028,1.098784543684482
balanced,1329072488048879,22151208,prediction_common,0.11843647153943117,0.9498020815219517,0.1382083875188176,1.104369717533277,0.14256489792214497,1.0913948212676732,True,True,True,True,True,7,49,296,16,0.19724490191961283,0.19539079742610885,0.002975613635190926,0.009579932934635575,0.14473480267720784,1.1006850502314551
balanced,1329072488048879,22151208,oracle_prediction,0.11843647153943117,0.9498020815219517,0.1382083875188176,1.104369717533277,0.17862248314272944,1.0375422087366248,True,True,True,True,True,8,56,296,16,0.19724490191961283,0.2061066564763421,0.002975613635190926,0.009579932934635575,0.180495245066128,1.0468076036642397
balanced,1329072488048879,22151208,oracle_matched_random,0.11843647153943117,0.9498020815219517,0.1382083875188176,1.104369717533277,0.13136002768004804,1.0612165376009453,True,True,True,True,True,7,49,296,3,0.19724490191961283,0.19561083802905477,0.002975613635190926,0.009579932934635575,0.13345699397657695,1.0705079647664815
balanced,1329072489049003,22151208,lidar_only,0.24102625676884581,1.1109235567111575,0.26097072330962295,1.033180615771958,0.26097072330962295,1.033180615771958,True,True,True,True,True,8,56,239,0,0.1466288032207428,0.1434862403920571,0.004253308291427718,0.023101448481164393,0.25694610085055375,1.0468375277672408
balanced,1329072489049003,22151208,prediction_full,0.24102625676884581,1.1109235567111575,0.26097072330962295,1.033180615771958,0.2559038655241743,1.0633287490511434,True,True,True,True,True,8,56,239,16,0.1466288032207428,0.14364407850338026,0.004253308291427718,0.023101448481164393,0.2518718579594995,1.0774608601627575
balanced,1329072489049003,22151208,prediction_common,0.24102625676884581,1.1109235567111575,0.26097072330962295,1.033180615771958,0.2591870296283801,1.0443809817090668,True,True,True,True,True,8,56,239,23,0.1466288032207428,0.14352926773021032,0.004253308291427718,0.023101448481164393,0.25514746123653675,1.058442181888903
balanced,1329072489049003,22151208,oracle_prediction,0.24102625676884581,1.1109235567111575,0.26097072330962295,1.033180615771958,0.22821460629088838,1.147853726617437,True,True,True,True,True,7,49,239,20,0.1466288032207428,0.14886162309728657,0.004253308291427718,0.023101448481164393,0.22414924193491123,1.1655427479701082
balanced,1329072489049003,22151208,oracle_matched_random,0.24102625676884581,1.1109235567111575,0.26097072330962295,1.033180615771958,0.27047144495869985,0.9939260143953642,True,True,True,True,True,8,56,239,2,0.1466288032207428,0.14455255083439122,0.004253308291427718,0.023101448481164393,0.2664486386607776,1.0076696590912566
balanced,1329072490049078,22151208,lidar_only,0.1814622027659391,1.244796297932121,0.18083019031441558,1.3503834555585799,0.18083019031441558,1.3503834555585799,True,True,True,True,True,7,49,355,0,0.23549765398028225,0.23434804691780683,0.0009987330390441053,0.00173851060605081,0.1809490567928002,1.35142313286922
balanced,1329072490049078,22151208,prediction_full,0.1814622027659391,1.244796297932121,0.18083019031441558,1.3503834555585799,0.1868327264693444,1.345857009133784,True,True,True,True,True,7,49,355,27,0.23549765398028225,0.23492931757672836,0.0009987330390441053,0.00173851060605081,0.1869738645003656,1.3468748261699615
balanced,1329072490049078,22151208,prediction_common,0.1814622027659391,1.244796297932121,0.18083019031441558,1.3503834555585799,0.17975656457372835,1.2450516086268386,True,True,True,True,True,7,49,355,45,0.23549765398028225,0.23537659410310502,0.0009987330390441053,0.00173851060605081,0.17987735064723437,1.2461419266138556
balanced,1329072490049078,22151208,oracle_prediction,0.1814622027659391,1.244796297932121,0.18083019031441558,1.3503834555585799,0.182016681668789,0.9752992324956685,True,True,True,True,True,8,56,355,41,0.23549765398028225,0.2474484711452307,0.0009987330390441053,0.00173851060605081,0.18215846282590603,0.9765606742682906
balanced,1329072490049078,22151208,oracle_matched_random,0.1814622027659391,1.244796297932121,0.18083019031441558,1.3503834555585799,0.17822777845160453,1.1851619484340907,True,True,True,True,True,7,49,355,15,0.23549765398028225,0.23658999248018797,0.0009987330390441053,0.00173851060605081,0.17835998638537368,1.186285411833059
balanced,1329072491049176,22151208,lidar_only,0.04452001900494681,0.9976519481737701,0.046289278135198904,0.9630104168525512,0.046289278135198904,0.9630104168525512,True,True,True,True,True,7,49,284,0,0.19366722835155048,0.1914689354449521,0.004214290868122075,0.035241107888073844,0.04360712113052844,0.9281743551303079
balanced,1329072491049176,22151208,prediction_full,0.04452001900494681,0.9976519481737701,0.046289278135198904,0.9630104168525512,0.042447230801854516,0.9850658089729475,True,True,True,True,True,8,56,284,28,0.19366722835155048,0.1916385665427596,0.004214290868122075,0.035241107888073844,0.04000258814757665,0.9502355936018758
balanced,1329072491049176,22151208,prediction_common,0.04452001900494681,0.9976519481737701,0.046289278135198904,0.9630104168525512,0.03522556691227384,0.9535427349570826,True,True,True,True,True,7,49,284,45,0.19366722835155048,0.19293402135598092,0.004214290868122075,0.035241107888073844,0.031540343038757954,0.9185513979347034
balanced,1329072491049176,22151208,oracle_prediction,0.04452001900494681,0.9976519481737701,0.046289278135198904,0.9630104168525512,0.05725283794691575,0.8994530686258525,True,True,True,True,True,8,56,284,40,0.19366722835155048,0.21131850630642904,0.004214290868122075,0.035241107888073844,0.054091590154068635,0.865062492335981
balanced,1329072491049176,22151208,oracle_matched_random,0.04452001900494681,0.9976519481737701,0.046289278135198904,0.9630104168525512,0.040876818248517105,0.9335615824282447,True,True,True,True,True,8,56,284,19,0.19366722835155048,0.19676280899727278,0.004214290868122075,0.035241107888073844,0.03694645392980026,0.8993452346478442
balanced,1329072492049278,22151208,lidar_only,0.2046808310815054,0.8030145646219995,0.21018454035221104,0.8668942236863817,0.21018454035221104,0.8668942236863817,True,True,True,True,True,8,56,213,0,0.1637260383044856,0.16195161395398744,0.004851259298053273,0.04943018377898314,0.20612442738056447,0.8984134377243526
balanced,1329072492049278,22151208,prediction_full,0.2046808310815054,0.8030145646219995,0.21018454035221104,0.8668942236863817,0.21275254963557022,0.8802817486548855,True,True,True,True,True,7,49,213,24,0.1637260383044856,0.16209302045789364,0.004851259298053273,0.04943018377898314,0.20865813774212133,0.9114261888863892
balanced,1329072492049278,22151208,prediction_common,0.2046808310815054,0.8030145646219995,0.21018454035221104,0.8668942236863817,0.20408193625851256,0.8517544364480724,True,True,True,True,True,8,56,213,49,0.1637260383044856,0.16573529628727585,0.004851259298053273,0.04943018377898314,0.1996259274396144,0.8920070650371129
balanced,1329072492049278,22151208,oracle_prediction,0.2046808310815054,0.8030145646219995,0.21018454035221104,0.8668942236863817,0.18379141099751634,0.7658723769885742,True,True,True,True,True,8,56,213,36,0.1637260383044856,0.17826591548824716,0.004851259298053273,0.04943018377898314,0.1796426754477644,0.8108531155919342
balanced,1329072492049278,22151208,oracle_matched_random,0.2046808310815054,0.8030145646219995,0.21018454035221104,0.8668942236863817,0.2049011589700528,0.8177991625632256,True,True,True,True,True,8,56,213,12,0.1637260383044856,0.1666559024134174,0.004851259298053273,0.04943018377898314,0.20051974590294877,0.8590572083816124
balanced,1329072493049365,22151208,lidar_only,0.10726840194283352,1.575170065238366,0.12385867279432697,1.582762729217719,0.12385867279432697,1.582762729217719,True,True,True,True,True,8,56,310,0,0.218476596363083,0.21674259821279082,0.004687297146052844,0.011909691955330013,0.12353468204392008,1.5807649481293333
balanced,1329072493049365,22151208,prediction_full,0.10726840194283352,1.575170065238366,0.12385867279432697,1.582762729217719,0.12870767038793215,1.5690453247523575,True,True,True,True,True,8,56,310,36,0.218476596363083,0.21687522357999128,0.004687297146052844,0.011909691955330013,0.12827720460753625,1.5672396963931576
balanced,1329072493049365,22151208,prediction_common,0.10726840194283352,1.575170065238366,0.12385867279432697,1.582762729217719,0.12181878608633552,1.6001662403578103,True,True,True,True,True,7,49,310,41,0.218476596363083,0.21813151564718852,0.004687297146052844,0.011909691955330013,0.12189053250685691,1.5982155987743762
balanced,1329072493049365,22151208,oracle_prediction,0.10726840194283352,1.575170065238366,0.12385867279432697,1.582762729217719,0.15210018662807115,1.5545719286749355,True,True,True,True,True,8,56,310,33,0.218476596363083,0.23656808449270098,0.004687297146052844,0.011909691955330013,0.15252883615431598,1.5531993989314639
balanced,1329072493049365,22151208,oracle_matched_random,0.10726840194283352,1.575170065238366,0.12385867279432697,1.582762729217719,0.11394725651809795,1.6262380067796651,True,True,True,True,True,8,56,310,13,0.218476596363083,0.22059605772565444,0.004687297146052844,0.011909691955330013,0.11460422421587818,1.623836970548394
balanced,1329072494049476,22151208,lidar_only,0.1335385386622637,1.4068446197126794,0.13273713361682454,1.4707543845107351,0.13273713361682454,1.4707543845107351,True,True,True,True,True,7,49,257,0,0.16800887885546367,0.16684088346178114,0.005538046447556045,0.038132555527890015,0.13153800110376354,1.4396244549264579
balanced,1329072494049476,22151208,prediction_full,0.1335385386622637,1.4068446197126794,0.13273713361682454,1.4707543845107351,0.13711253484904923,1.4738954961550328,True,True,True,True,True,7,49,257,36,0.16800887885546367,0.16693675190708673,0.005538046447556045,0.038132555527890015,0.13600326328745066,1.4425862967186383
balanced,1329072494049476,22151208,prediction_common,0.1335385386622637,1.4068446197126794,0.13273713361682454,1.4707543845107351,0.13047593598758045,1.469072807442677,True,True,True,True,True,8,56,257,50,0.16800887885546367,0.16791341344985772,0.005538046447556045,0.038132555527890015,0.1286593020553055,1.4393552484010275
balanced,1329072494049476,22151208,oracle_prediction,0.1335385386622637,1.4068446197126794,0.13273713361682454,1.4707543845107351,0.15378025930916517,1.348758216168131,True,True,True,True,True,7,49,257,39,0.16800887885546367,0.17488433217285781,0.005538046447556045,0.038132555527890015,0.15200622530382155,1.3219173352456404
balanced,1329072494049476,22151208,oracle_matched_random,0.1335385386622637,1.4068446197126794,0.13273713361682454,1.4707543845107351,0.1145923159154633,1.4856289805594425,True,True,True,True,True,8,56,257,14,0.16800887885546367,0.16923220709568973,0.005538046447556045,0.038132555527890015,0.11250730248278251,1.457045887569983
balanced,1329072495049593,22151208,lidar_only,0.18620775843357953,0.6477051371428972,0.17279940546545364,0.6438581340500665,0.17279940546545364,0.6438581340500665,True,True,True,True,True,7,49,309,0,0.20728347928681815,0.20397722145412722,0.004034904088101284,0.012070014570498666,0.169481175967989,0.6538972671408625
balanced,1329072495049593,22151208,prediction_full,0.18620775843357953,0.6477051371428972,0.17279940546545364,0.6438581340500665,0.17004349829758805,0.6152557763952408,True,True,True,True,True,8,56,309,27,0.20728347928681815,0.20420743796595317,0.004034904088101284,0.012070014570498666,0.16673104726967408,0.6249233624610624
balanced,1329072495049593,22151208,prediction_common,0.18620775843357953,0.6477051371428972,0.17279940546545364,0.6438581340500665,0.16737705167626238,0.6132788734757769,True,True,True,True,True,8,56,309,43,0.20728347928681815,0.204304311366323,0.004034904088101284,0.012070014570498666,0.1640575655049917,0.6229587988655035
balanced,1329072495049593,22151208,oracle_prediction,0.18620775843357953,0.6477051371428972,0.17279940546545364,0.6438581340500665,0.1319068597159854,0.563595167392004,True,True,True,True,True,9,63,309,40,0.20728347928681815,0.21457750979460863,0.004034904088101284,0.012070014570498666,0.12869208321608774,0.5712487272362403
balanced,1329072495049593,22151208,oracle_matched_random,0.18620775843357953,0.6477051371428972,0.17279940546545364,0.6438581340500665,0.1450395769875938,0.575321846629476,True,True,True,True,True,9,63,309,15,0.20728347928681815,0.20823017102212873,0.004034904088101284,0.012070014570498666,0.14178913610957022,0.5836802038388944
balanced,1329072496049699,22151208,lidar_only,0.11672733293502507,0.8442250910344729,0.1090687161826805,0.8132244699207751,0.1090687161826805,0.8132244699207751,True,True,True,True,True,7,49,243,0,0.17139109051679158,0.17015374969754762,0.003349376289873634,0.03223747553426295,0.10744920349709132,0.781161233592814
balanced,1329072496049699,22151208,prediction_full,0.11672733293502507,0.8442250910344729,0.1090687161826805,0.8132244699207751,0.11171226817132911,0.8184850813165225,True,True,True,True,True,7,49,243,30,0.17139109051679158,0.17068457257297645,0.003349376289873634,0.03223747553426295,0.11020275270750991,0.7865465178202259
balanced,1329072496049699,22151208,prediction_common,0.11672733293502507,0.8442250910344729,0.1090687161826805,0.8132244699207751,0.11393784975271348,0.8171261979517678,True,True,True,True,True,7,49,243,47,0.17139109051679158,0.170394711760529,0.003349376289873634,0.03223747553426295,0.11227095021871261,0.7852441874336837
balanced,1329072496049699,22151208,oracle_prediction,0.11672733293502507,0.8442250910344729,0.1090687161826805,0.8132244699207751,0.11832892949353466,0.8049598352439787,True,True,True,True,True,7,49,243,43,0.17139109051679158,0.1730195777512632,0.003349376289873634,0.03223747553426295,0.11675319140684572,0.7743358016583992
balanced,1329072496049699,22151208,oracle_matched_random,0.11672733293502507,0.8442250910344729,0.1090687161826805,0.8132244699207751,0.12314875604944163,0.8647554095218977,True,True,True,True,True,8,56,243,19,0.17139109051679158,0.17184479288356416,0.003349376289873634,0.03223747553426295,0.12116238725100001,0.8326381255906059
balanced,1329072497049763,22151208,lidar_only,0.2316266234536323,0.41872299491896653,0.22004523978434185,0.5685272827440815,0.22004523978434185,0.5685272827440815,True,True,True,True,True,9,63,159,0,0.11917098045041884,0.1134436372596331,1.3290134862186622e-05,6.65689026321822e-08,0.22003599647032382,0.5685273219992543
balanced,1329072497049763,22151208,prediction_full,0.2316266234536323,0.41872299491896653,0.22004523978434185,0.5685272827440815,0.2255982173029565,0.5539780656636945,True,True,True,True,True,9,63,159,19,0.11917098045041884,0.1137757666653016,1.3290134862186622e-05,6.65689026321822e-08,0.22558930400988506,0.5539781072763927
balanced,1329072497049763,22151208,prediction_common,0.2316266234536323,0.41872299491896653,0.22004523978434185,0.5685272827440815,0.2232517746007946,0.5675105092915756,True,True,True,True,True,9,63,159,51,0.11917098045041884,0.11375567998713529,1.3290134862186622e-05,6.65689026321822e-08,0.22324283329675876,0.5675105478000136
balanced,1329072497049763,22151208,oracle_prediction,0.2316266234536323,0.41872299491896653,0.22004523978434185,0.5685272827440815,0.20728341145598794,0.5256587478997747,True,True,True,True,True,8,56,159,45,0.11917098045041884,0.11673012416293851,1.3290134862186622e-05,6.65689026321822e-08,0.20727526220409012,0.5256587846089519
balanced,1329072497049763,22151208,oracle_matched_random,0.2316266234536323,0.41872299491896653,0.22004523978434185,0.5685272827440815,0.21580977446714386,0.497039214653386,True,True,True,True,True,8,56,159,17,0.11917098045041884,0.11580682904522581,1.3290134862186622e-05,6.65689026321822e-08,0.21580172747852774,0.49703925426108525
balanced,1329072498049865,22151208,lidar_only,0.15453546119385453,1.3858681419366554,0.1663214392049453,1.4719687749242865,0.1663214392049453,1.4719687749242865,True,True,True,True,True,7,49,280,0,0.20114548385872483,0.19894425594672632,0.00509305948292036,0.035109819701736024,0.1649639291369313,1.4434078807861352
balanced,1329072498049865,22151208,prediction_full,0.15453546119385453,1.3858681419366554,0.1663214392049453,1.4719687749242865,0.17115691748558487,1.5077776037098725,True,True,True,True,True,7,49,280,27,0.20114548385872483,0.1991583726774267,0.00509305948292036,0.035109819701736024,0.16979447297343364,1.4793353553648554
balanced,1329072498049865,22151208,prediction_common,0.15453546119385453,1.3858681419366554,0.1663214392049453,1.4719687749242865,0.1749377428527508,1.4440332425202742,True,True,True,True,True,8,56,280,39,0.20114548385872483,0.1994471877286514,0.00509305948292036,0.035109819701736024,0.17361875087240827,1.4153774068589817
balanced,1329072498049865,22151208,oracle_prediction,0.15453546119385453,1.3858681419366554,0.1663214392049453,1.4719687749242865,0.2024994946359151,1.3280432006382097,True,True,True,True,True,8,56,280,37,0.20114548385872483,0.20917287822519237,0.00509305948292036,0.035109819701736024,0.20133090718428254,1.2986932152432333
balanced,1329072498049865,22151208,oracle_matched_random,0.15453546119385453,1.3858681419366554,0.1663214392049453,1.4719687749242865,0.18414265080804,1.4214242955965661,True,True,True,True,True,8,56,280,13,0.20114548385872483,0.20086096784242832,0.00509305948292036,0.035109819701736024,0.1828666221780703,1.3923506580809641
balanced,1329072499049966,22151208,lidar_only,0.24084524388826892,0.9984889605803507,0.23503859698551122,1.0631706702404502,0.23503859698551122,1.0631706702404502,True,True,True,True,True,8,56,199,0,0.14895639051596957,0.14509166981260654,0.0016431077386153767,0.0016298005409312439,0.23364090465805076,1.064281193967523
balanced,1329072499049966,22151208,prediction_full,0.24084524388826892,0.9984889605803507,0.23503859698551122,1.0631706702404502,0.23140747488674654,1.0445865169263842,True,True,True,True,True,8,56,199,29,0.14895639051596957,0.14537463626605948,0.0016431077386153767,0.0016298005409312439,0.23003650533103964,1.0456423381085789
balanced,1329072499049966,22151208,prediction_common,0.24084524388826892,0.9984889605803507,0.23503859698551122,1.0631706702404502,0.2460826600368227,0.9966129566965732,True,True,True,True,True,8,56,199,70,0.14895639051596957,0.14580561172605477,0.0016431077386153767,0.0016298005409312439,0.24472163019073798,0.9976915743821546
balanced,1329072499049966,22151208,oracle_prediction,0.24084524388826892,0.9984889605803507,0.23503859698551122,1.0631706702404502,0.21524493891489782,0.910205219303187,True,True,True,True,True,8,56,199,55,0.14895639051596957,0.1509862105642861,0.0016431077386153767,0.0016298005409312439,0.2139028527369033,0.9112302038071111
balanced,1329072499049966,22151208,oracle_matched_random,0.24084524388826892,0.9984889605803507,0.23503859698551122,1.0631706702404502,0.22307356368664455,1.0375912123652558,True,True,True,True,True,8,56,199,24,0.14895639051596957,0.1470389719978767,0.0016431077386153767,0.0016298005409312439,0.22167936558011384,1.0387624570497844
balanced,1329072500050065,22151208,lidar_only,0.21901384547136948,2.4390786508026467,0.2068926121190335,2.2893502817215854,0.2068926121190335,2.2893502817215854,False,False,False,True,True,7,49,161,0,0.12444585429042347,0.12308517200644603,0.007303086934449621,0.05181727797778325,0.21416004930335797,2.3279348646337477
balanced,1329072500050065,22151208,prediction_full,0.21901384547136948,2.4390786508026467,0.2068926121190335,2.2893502817215854,0.203744066622694,2.283307982524381,False,False,False,True,True,8,56,161,21,0.12444585429042347,0.1235421678702999,0.007303086934449621,0.05181727797778325,0.21101928552985025,2.3208834829665808
balanced,1329072500050065,22151208,prediction_common,0.21901384547136948,2.4390786508026467,0.2068926121190335,2.2893502817215854,0.1977830661820223,2.282923732168566,False,False,False,True,True,8,56,161,51,0.12444585429042347,0.12463821583508819,0.007303086934449621,0.05181727797778325,0.20506791228496998,2.319533590486834
balanced,1329072500050065,22151208,oracle_prediction,0.21901384547136948,2.4390786508026467,0.2068926121190335,2.2893502817215854,0.16594927169755774,2.1358656267875045,False,False,False,True,True,9,63,161,39,0.12444585429042347,0.1358635786622171,0.007303086934449621,0.05181727797778325,0.17323640909839516,2.1691470004440245
balanced,1329072500050065,22151208,oracle_matched_random,0.21901384547136948,2.4390786508026467,0.2068926121190335,2.2893502817215854,0.2049043831349722,2.263202508524788,False,False,False,True,True,9,63,161,17,0.12444585429042347,0.13030273565238112,0.007303086934449621,0.05181727797778325,0.21219861353455371,2.2983939444548054
balanced,1329072501050177,22151208,lidar_only,0.3869436078727511,1.9351057611163371,0.363507045681896,1.9494207373567722,0.363507045681896,1.9494207373567722,True,True,True,True,True,8,56,197,0,0.14445805761659838,0.14247811012331404,0.004081416938989854,0.07340658058900276,0.367518632769964,1.9299150994985488
balanced,1329072501050177,22151208,prediction_full,0.3869436078727511,1.9351057611163371,0.363507045681896,1.9494207373567722,0.3635101136997438,1.8857752875281437,True,True,True,True,True,8,56,197,30,0.14445805761659838,0.14323591268216207,0.004081416938989854,0.07340658058900276,0.36751031519143584,1.8685924717795253
balanced,1329072501050177,22151208,prediction_common,0.3869436078727511,1.9351057611163371,0.363507045681896,1.9494207373567722,0.3585538223189925,1.9211300250795385,True,True,True,True,True,8,56,197,41,0.14445805761659838,0.14317917602777588,0.004081416938989854,0.07340658058900276,0.36256151373374945,1.903215899985336
balanced,1329072501050177,22151208,oracle_prediction,0.3869436078727511,1.9351057611163371,0.363507045681896,1.9494207373567722,0.3015790431348062,1.7532351916461595,True,True,True,True,True,8,56,197,32,0.14445805761659838,0.15686325917575156,0.004081416938989854,0.07340658058900276,0.305630744020908,1.7381744324071653
balanced,1329072501050177,22151208,oracle_matched_random,0.3869436078727511,1.9351057611163371,0.363507045681896,1.9494207373567722,0.3270270360879686,1.97284454477185,True,True,True,True,True,9,63,197,15,0.14445805761659838,0.14981788765451903,0.004081416938989854,0.07340658058900276,0.33108012855074037,1.959114502017906
balanced,1329072502050270,22151208,lidar_only,0.2867016487834914,1.9321600398504888,0.2862353188748741,1.8485845615770569,0.2862353188748741,1.8485845615770569,True,True,True,True,True,8,56,107,0,0.0764754170283615,0.07342793512640848,0.0012866859644390363,0.0028537880045592674,0.287404625115152,1.8475481101798072
balanced,1329072502050270,22151208,prediction_full,0.2867016487834914,1.9321600398504888,0.2862353188748741,1.8485845615770569,0.28970090939156057,1.8716448211557273,True,True,True,True,True,8,56,107,25,0.0764754170283615,0.07356844951095234,0.0012866859644390363,0.0028537880045592674,0.2908627468703497,1.8706860360848065
balanced,1329072502050270,22151208,prediction_common,0.2867016487834914,1.9321600398504888,0.2862353188748741,1.8485845615770569,0.2726293593617358,1.8167661769985548,True,True,True,True,True,8,56,107,25,0.0764754170283615,0.07388323481587829,0.0012866859644390363,0.0028537880045592674,0.2738078406105963,1.815838977336425
balanced,1329072502050270,22151208,oracle_prediction,0.2867016487834914,1.9321600398504888,0.2862353188748741,1.8485845615770569,0.21878099484879404,1.792669415363325,True,True,True,True,True,8,56,107,17,0.0764754170283615,0.08393836194901441,0.0012866859644390363,0.0028537880045592674,0.21997482829001402,1.792451535123956
balanced,1329072502050270,22151208,oracle_matched_random,0.2867016487834914,1.9321600398504888,0.2862353188748741,1.8485845615770569,0.27949678445234283,1.7966864277691819,True,True,True,True,True,8,56,107,2,0.0764754170283615,0.0755062624704722,0.0012866859644390363,0.0028537880045592674,0.2806415655950537,1.7959807119336013
balanced,1329072503050385,22151208,lidar_only,0.05576245275164298,1.5063865373143421,0.05028697669737331,1.5244826912096718,0.05028697669737331,1.5244826912096718,True,True,True,True,True,7,49,283,0,0.17404549633501923,0.1733668445846462,0.006471022970804589,0.045347896698910053,0.04685548913314972,1.5663420207486847
balanced,1329072503050385,22151208,prediction_full,0.05576245275164298,1.5063865373143421,0.05028697669737331,1.5244826912096718,0.05192196196580765,1.490444707319628,True,True,True,True,True,7,49,283,30,0.17404549633501923,0.17354924233488042,0.006471022970804589,0.045347896698910053,0.04856909174232394,1.5318826506125383
balanced,1329072503050385,22151208,prediction_common,0.05576245275164298,1.5063865373143421,0.05028697669737331,1.5244826912096718,0.050855433692988734,1.5103322589145263,True,True,True,True,True,7,49,283,26,0.17404549633501923,0.17344368179316622,0.006471022970804589,0.045347896698910053,0.04741354531118457,1.551851153874007
balanced,1329072503050385,22151208,oracle_prediction,0.05576245275164298,1.5063865373143421,0.05028697669737331,1.5244826912096718,0.05184585875912228,1.358117867942807,True,True,True,True,True,8,56,283,21,0.17404549633501923,0.17758381285718847,0.006471022970804589,0.045347896698910053,0.048147874419708046,1.3973895722143208
balanced,1329072503050385,22151208,oracle_matched_random,0.05576245275164298,1.5063865373143421,0.05028697669737331,1.5244826912096718,0.061277247063923415,1.5125219869763544,True,True,True,True,True,8,56,283,6,0.17404549633501923,0.17646271244133835,0.006471022970804589,0.045347896698910053,0.057758351733357055,1.5528334906160788
balanced,1329072504050472,22151208,lidar_only,0.0951412524091456,1.5855309922628351,0.09670343926973612,1.538937339401134,0.09670343926973612,1.538937339401134,True,True,True,True,True,7,49,329,0,0.19659869623187481,0.1957207967083574,0.004887245958645772,0.02694784708602905,0.09641033897482292,1.5641303508028481
balanced,1329072504050472,22151208,prediction_full,0.0951412524091456,1.5855309922628351,0.09670343926973612,1.538937339401134,0.0975704545810197,1.5135025794796348,True,True,True,True,True,7,49,329,23,0.19659869623187481,0.19595337712719355,0.004887245958645772,0.02694784708602905,0.09714725458036466,1.5383995811789826
balanced,1329072504050472,22151208,prediction_common,0.0951412524091456,1.5855309922628351,0.09670343926973612,1.538937339401134,0.10028354707285178,1.5331004775602972,True,True,True,True,True,7,49,329,26,0.19659869623187481,0.1958980943301436,0.004887245958645772,0.02694784708602905,0.09979582902339053,1.558154268728246
balanced,1329072504050472,22151208,oracle_prediction,0.0951412524091456,1.5855309922628351,0.09670343926973612,1.538937339401134,0.0962900803161022,1.3579020190328042,True,True,True,True,True,8,56,329,17,0.19659869623187481,0.2009144977732997,0.004887245958645772,0.02694784708602905,0.09533165612101056,1.3828013015454221
balanced,1329072504050472,22151208,oracle_matched_random,0.0951412524091456,1.5855309922628351,0.09670343926973612,1.538937339401134,0.10723481966084389,1.5814608102880245,True,True,True,True,True,8,56,329,5,0.19659869623187481,0.20259585886667072,0.004887245958645772,0.02694784708602905,0.10554616649670591,1.6055414369767964
balanced,1329072505050576,22151208,lidar_only,0.05300325752610303,1.5296410184115183,0.05443586546404031,1.6025364725793017,0.05443586546404031,1.6025364725793017,True,True,True,True,True,7,49,335,0,0.18062576798632948,0.1789243176830349,0.00235421639485342,0.01617150171447129,0.05460311089914293,1.587337789997042
balanced,1329072505050576,22151208,prediction_full,0.05300325752610303,1.5296410184115183,0.05443586546404031,1.6025364725793017,0.05065461331387689,1.587814026368594,True,True,True,True,True,7,49,335,20,0.18062576798632948,0.17934162924589866,0.00235421639485342,0.01617150171447129,0.05103241090990919,1.5724113060340912
balanced,1329072505050576,22151208,prediction_common,0.05300325752610303,1.5296410184115183,0.05443586546404031,1.6025364725793017,0.05464118771084704,1.6186140946436756,True,True,True,True,True,7,49,335,33,0.18062576798632948,0.17901714053074913,0.00235421639485342,0.01617150171447129,0.054801195891463074,1.6033808450021474
balanced,1329072505050576,22151208,oracle_prediction,0.05300325752610303,1.5296410184115183,0.05443586546404031,1.6025364725793017,0.061673056203285025,1.5949964222060011,True,True,True,True,True,8,56,335,24,0.18062576798632948,0.19330441560762557,0.00235421639485342,0.01617150171447129,0.061443979400088174,1.579366117934355
balanced,1329072505050576,22151208,oracle_matched_random,0.05300325752610303,1.5296410184115183,0.05443586546404031,1.6025364725793017,0.05458038581852783,1.5986194073875397,True,True,True,True,True,7,49,335,3,0.18062576798632948,0.17915672675373395,0.00235421639485342,0.01617150171447129,0.05465468621426459,1.5834420795648314
balanced,1329072506050659,22151208,lidar_only,0.09434609318240139,1.6441412855835829,0.07529372427151741,1.694065403451314,0.07529372427151741,1.694065403451314,True,True,True,True,True,8,56,388,0,0.2062233229475649,0.20431046667526262,0.0007907431127869524,0.007048383289858853,0.07595110183031313,1.7008803007888424
balanced,1329072506050659,22151208,prediction_full,0.09434609318240139,1.6441412855835829,0.07529372427151741,1.694065403451314,0.07709826534539661,1.699463249787503,True,True,True,True,True,8,56,388,28,0.2062233229475649,0.2053868638348319,0.0007907431127869524,0.007048383289858853,0.0777823536122069,1.7061722051214916
balanced,1329072506050659,22151208,prediction_common,0.09434609318240139,1.6441412855835829,0.07529372427151741,1.694065403451314,0.07354504361566254,1.6915312439626204,True,True,True,True,True,8,56,388,25,0.2062233229475649,0.20435863241520955,0.0007907431127869524,0.007048383289858853,0.07420675437636921,1.698338590550439
balanced,1329072506050659,22151208,oracle_prediction,0.09434609318240139,1.6441412855835829,0.07529372427151741,1.694065403451314,0.06409537634694683,1.558578865703787,True,True,True,True,True,8,56,388,20,0.2062233229475649,0.2165932342439645,0.0007907431127869524,0.007048383289858853,0.06479902032938437,1.56534739964048
balanced,1329072506050659,22151208,oracle_matched_random,0.09434609318240139,1.6441412855835829,0.07529372427151741,1.694065403451314,0.07897827648057265,1.6986718088671984,True,True,True,True,True,8,56,388,4,0.2062233229475649,0.20484310410419623,0.0007907431127869524,0.007048383289858853,0.0796155847857287,1.7054492771611875
balanced,1329072507050769,22151208,lidar_only,0.045000277968548844,1.3642118115500885,0.044123399590904465,1.322054551754808,0.044123399590904465,1.322054551754808,True,True,True,True,True,7,49,433,0,0.21341288452223195,0.21256479848177737,0.0038905873115672963,0.027432551826659938,0.04416471261278167,1.3475483242491715
balanced,1329072507050769,22151208,prediction_full,0.045000277968548844,1.3642118115500885,0.044123399590904465,1.322054551754808,0.044585528044882916,1.3443713591580966,True,True,True,True,True,6,42,433,30,0.21341288452223195,0.2128171889532339,0.0038905873115672963,0.027432551826659938,0.04481973974488721,1.3696134729411733
balanced,1329072507050769,22151208,prediction_common,0.045000277968548844,1.3642118115500885,0.044123399590904465,1.322054551754808,0.052704985371244496,1.3272201874593546,True,True,True,True,True,7,49,433,54,0.21341288452223195,0.2136609452475549,0.0038905873115672963,0.027432551826659938,0.052802053532966874,1.3531009494965507
balanced,1329072507050769,22151208,oracle_prediction,0.045000277968548844,1.3642118115500885,0.044123399590904465,1.322054551754808,0.05636113260443072,1.2221570004985165,True,True,True,True,True,7,49,433,33,0.21341288452223195,0.21948755407570814,0.0038905873115672963,0.027432551826659938,0.05615986887791445,1.2484976537707118
balanced,1329072507050769,22151208,oracle_matched_random,0.045000277968548844,1.3642118115500885,0.044123399590904465,1.322054551754808,0.058484806142339085,1.30626870757981,True,True,True,True,True,7,49,433,14,0.21341288452223195,0.21524591377518307,0.0038905873115672963,0.027432551826659938,0.058692231469510775,1.3323331291272786
balanced,1329072508050860,22151208,lidar_only,0.07162853919412163,1.3893525104850855,0.07595986045397089,1.3771428447296885,0.07595986045397089,1.3771428447296885,True,True,True,True,True,7,49,479,0,0.2336111043032364,0.23290729245147576,0.006115862337054093,0.05176319329814078,0.07740242619827703,1.40165260328359
balanced,1329072508050860,22151208,prediction_full,0.07162853919412163,1.3893525104850855,0.07595986045397089,1.3771428447296885,0.07744640777851618,1.380216755151738,True,True,True,True,True,7,49,479,24,0.2336111043032364,0.2329940167121235,0.006115862337054093,0.05176319329814078,0.07895484724444028,1.4052545992488743
balanced,1329072508050860,22151208,prediction_common,0.07162853919412163,1.3893525104850855,0.07595986045397089,1.3771428447296885,0.07961627024961578,1.4059183715476373,True,True,True,True,True,7,49,479,61,0.2336111043032364,0.23342911853748693,0.006115862337054093,0.05176319329814078,0.08072993306219918,1.429977887426268
balanced,1329072508050860,22151208,oracle_prediction,0.07162853919412163,1.3893525104850855,0.07595986045397089,1.3771428447296885,0.07076789215214101,1.3211057546031748,True,True,True,True,True,7,49,479,30,0.2336111043032364,0.23970558207779988,0.006115862337054093,0.05176319329814078,0.06931481738111993,1.3471794863195448
balanced,1329072508050860,22151208,oracle_matched_random,0.07162853919412163,1.3893525104850855,0.07595986045397089,1.3771428447296885,0.06792257936494796,1.4120988634668876,True,True,True,True,True,6,42,479,15,0.2336111043032364,0.2340586894110855,0.006115862337054093,0.05176319329814078,0.06876024426057428,1.437081281251034
balanced,1329072509050959,22151208,lidar_only,0.13840436813116744,2.628871570852423,0.12675495571933587,2.6474545234120215,0.12675495571933587,2.6474545234120215,False,False,False,True,True,7,49,336,0,0.18991241449484741,0.18899213826367373,0.00514568377034351,0.05238329247680855,0.12994281640534547,2.687890509589401
balanced,1329072509050959,22151208,prediction_full,0.13840436813116744,2.628871570852423,0.12675495571933587,2.6474545234120215,0.1257668258638512,2.648811864117412,False,False,False,True,True,7,49,336,18,0.18991241449484741,0.1897827956824382,0.00514568377034351,0.05238329247680855,0.1288276531951575,2.6892931931242514
balanced,1329072509050959,22151208,prediction_common,0.13840436813116744,2.628871570852423,0.12675495571933587,2.6474545234120215,0.12721418663744813,2.6096857194526737,False,False,False,True,True,7,49,336,23,0.18991241449484741,0.18921559640333013,0.00514568377034351,0.05238329247680855,0.13046572521276123,2.6500622660908157
balanced,1329072509050959,22151208,oracle_prediction,0.13840436813116744,2.628871570852423,0.12675495571933587,2.6474545234120215,0.1261904013976689,2.298985839484387,False,False,False,True,True,9,63,336,17,0.18991241449484741,0.20822653596216795,0.00514568377034351,0.05238329247680855,0.13004168303127983,2.339113775129463
balanced,1329072509050959,22151208,oracle_matched_random,0.13840436813116744,2.628871570852423,0.12675495571933587,2.6474545234120215,0.12998018254495225,2.454678406017815,False,False,False,True,True,8,56,336,9,0.18991241449484741,0.19519500513381466,0.00514568377034351,0.05238329247680855,0.1335885161891693,2.494507343799921
balanced,1329072510051083,22151208,lidar_only,0.0552861087351836,1.2432747659767076,0.05083663312155558,1.1958414833197248,0.05083663312155558,1.1958414833197248,True,True,True,True,True,7,49,394,0,0.2063149639238521,0.20554435285764208,0.0032102418355369295,0.014322466957004102,0.05047655426828886,1.2030497106822995
balanced,1329072510051083,22151208,prediction_full,0.0552861087351836,1.2432747659767076,0.05083663312155558,1.1958414833197248,0.05248021572390729,1.1898347070912019,True,True,True,True,True,7,49,394,15,0.2063149639238521,0.20557425658748185,0.0032102418355369295,0.014322466957004102,0.052009569162894245,1.1970118025796725
balanced,1329072510051083,22151208,prediction_common,0.0552861087351836,1.2432747659767076,0.05083663312155558,1.1958414833197248,0.05452659399490138,1.1953000547980956,True,True,True,True,True,7,49,394,30,0.2063149639238521,0.20584662168006734,0.0032102418355369295,0.014322466957004102,0.053757650988974844,1.2022514560841284
balanced,1329072510051083,22151208,oracle_prediction,0.0552861087351836,1.2432747659767076,0.05083663312155558,1.1958414833197248,0.039370454439287224,0.9529205841083856,True,True,True,True,True,9,63,394,21,0.2063149639238521,0.22287671192038483,0.0032102418355369295,0.014322466957004102,0.03804559953243081,0.9616634014192686
balanced,1329072510051083,22151208,oracle_matched_random,0.0552861087351836,1.2432747659767076,0.05083663312155558,1.1958414833197248,0.045408041986690593,1.115928405132078,True,True,True,True,True,8,56,394,4,0.2063149639238521,0.20700940552361038,0.0032102418355369295,0.014322466957004102,0.04541667757719673,1.123399538320079
balanced,1329072511051190,22151208,lidar_only,0.10137073948484066,1.2407164343074806,0.1045492906289728,1.2348282274207543,0.1045492906289728,1.2348282274207543,True,True,True,True,True,7,49,493,0,0.2377635484219792,0.2360797689504099,0.0047452491944528444,0.010652323324674532,0.10085936253682067,1.2351631830746221
balanced,1329072511051190,22151208,prediction_full,0.10137073948484066,1.2407164343074806,0.1045492906289728,1.2348282274207543,0.10526096101741007,1.240554629691442,True,True,True,True,True,7,49,493,21,0.2377635484219792,0.23621444200123956,0.0047452491944528444,0.010652323324674532,0.10152694254310246,1.2409382968251221
balanced,1329072511051190,22151208,prediction_common,0.10137073948484066,1.2407164343074806,0.1045492906289728,1.2348282274207543,0.10241738092522773,1.227541417295044,True,True,True,True,True,7,49,493,32,0.2377635484219792,0.23614352892479776,0.0047452491944528444,0.010652323324674532,0.09871380574321145,1.2279894662538566
balanced,1329072511051190,22151208,oracle_prediction,0.10137073948484066,1.2407164343074806,0.1045492906289728,1.2348282274207543,0.09171494139021197,1.1812842914000161,True,True,True,True,True,7,49,493,31,0.2377635484219792,0.2380520917857404,0.0047452491944528444,0.010652323324674532,0.08799123665013206,1.1821709647721725
balanced,1329072511051190,22151208,oracle_matched_random,0.10137073948484066,1.2407164343074806,0.1045492906289728,1.2348282274207543,0.09839858372306304,1.2171506039015627,True,True,True,True,True,7,49,493,4,0.2377635484219792,0.2367168864605488,0.0047452491944528444,0.010652323324674532,0.09486104735567945,1.2177257845485894
balanced,1329072512051301,22151208,lidar_only,0.0806739882277169,4.037728064798435,0.04381849472848648,4.212060074500351,0.04381849472848648,4.212060074500351,False,False,False,True,True,8,56,281,0,0.15582259162085624,0.14916377663279573,0.005340892848301434,0.07506482720936782,0.04497579594353958,4.250739008876641
balanced,1329072512051301,22151208,prediction_full,0.0806739882277169,4.037728064798435,0.04381849472848648,4.212060074500351,0.046998877151139505,4.172558749677759,False,False,False,True,True,8,56,281,22,0.15582259162085624,0.14937912146762033,0.005340892848301434,0.07506482720936782,0.047884874576577224,4.2113654768083
balanced,1329072512051301,22151208,prediction_common,0.0806739882277169,4.037728064798435,0.04381849472848648,4.212060074500351,0.043443549250747546,4.208961582295398,False,False,False,True,True,8,56,281,26,0.15582259162085624,0.149267081244874,0.005340892848301434,0.07506482720936782,0.044252424656130544,4.247465804183308
balanced,1329072512051301,22151208,oracle_prediction,0.0806739882277169,4.037728064798435,0.04381849472848648,4.212060074500351,0.09515898535465031,3.995678491047197,False,False,False,True,True,8,56,281,17,0.15582259162085624,0.1641822118699888,0.005340892848301434,0.07506482720936782,0.09422725357599562,4.030393221360259
balanced,1329072512051301,22151208,oracle_matched_random,0.0806739882277169,4.037728064798435,0.04381849472848648,4.212060074500351,0.04229486072638022,4.186165990403957,False,False,False,True,True,8,56,281,11,0.15582259162085624,0.14937507583497697,0.005340892848301434,0.07506482720936782,0.042852292208682564,4.224455471471585
balanced,1329072513051357,22151208,lidar_only,0.11341147424674089,2.6004104513411,0.12561865948390613,2.603095652584846,0.12561865948390613,2.603095652584846,False,False,False,True,True,7,49,386,0,0.1977300489495365,0.1962325932755586,0.005365126115328153,0.16072425323224068,0.13037867356639113,2.7083482091471867
balanced,1329072513051357,22151208,prediction_full,0.11341147424674089,2.6004104513411,0.12561865948390613,2.603095652584846,0.12345813273525556,2.60190656298837,False,False,False,True,True,7,49,386,18,0.1977300489495365,0.19628435296496374,0.005365126115328153,0.16072425323224068,0.12824472110014054,2.706671939581078
balanced,1329072513051357,22151208,prediction_common,0.11341147424674089,2.6004104513411,0.12561865948390613,2.603095652584846,0.12540252960097775,2.617245856901804,False,False,False,True,True,7,49,386,47,0.1977300489495365,0.19647816303461482,0.005365126115328153,0.16072425323224068,0.1300599318581974,2.7222440623813875
balanced,1329072513051357,22151208,oracle_prediction,0.11341147424674089,2.6004104513411,0.12561865948390613,2.603095652584846,0.08801802279936428,2.4542758481394733,False,False,False,True,True,8,56,386,23,0.1977300489495365,0.207895788284715,0.005365126115328153,0.16072425323224068,0.09286454790454125,2.5528420446644304
balanced,1329072513051357,22151208,oracle_matched_random,0.11341147424674089,2.6004104513411,0.12561865948390613,2.603095652584846,0.12210676583169035,2.5959219675095064,False,False,False,True,True,7,49,386,11,0.1977300489495365,0.19652888918025851,0.005365126115328153,0.16072425323224068,0.1268309325040001,2.699980020164406
balanced,1329072514051464,22151208,lidar_only,0.16176674760869542,2.6716221166954357,0.16222814641844494,2.6922056369450806,0.16222814641844494,2.6922056369450806,False,False,False,True,True,6,42,367,0,0.1909861097092704,0.1908736103572288,0.0003241265077387585,0.006680770374818818,0.16214020458073775,2.6856335195601773
balanced,1329072514051464,22151208,prediction_full,0.16176674760869542,2.6716221166954357,0.16222814641844494,2.6922056369450806,0.16447670134299552,2.6781993878222874,False,False,False,True,True,6,42,367,18,0.1909861097092704,0.1909733510318428,0.0003241265077387585,0.006680770374818818,0.1643907721913962,2.6716339670426756
balanced,1329072514051464,22151208,prediction_common,0.16176674760869542,2.6716221166954357,0.16222814641844494,2.6922056369450806,0.15874722057733506,2.70256975623569,False,False,False,True,True,6,42,367,25,0.1909861097092704,0.1910851706360934,0.0003241265077387585,0.006680770374818818,0.15866620236754833,2.6959870982044127
balanced,1329072514051464,22151208,oracle_prediction,0.16176674760869542,2.6716221166954357,0.16222814641844494,2.6922056369450806,0.13176503218223798,2.7003216741877574,False,False,False,True,True,8,56,367,18,0.1909861097092704,0.20630341318563009,0.0003241265077387585,0.006680770374818818,0.1317454563975719,2.6936826118416457
balanced,1329072514051464,22151208,oracle_matched_random,0.16176674760869542,2.6716221166954357,0.16222814641844494,2.6922056369450806,0.1393111532119909,2.734252823948022,False,False,False,True,True,8,56,367,5,0.1909861097092704,0.19673243082522857,0.0003241265077387585,0.006680770374818818,0.1392667069873992,2.727627602867971
balanced,1329072515051556,22151208,lidar_only,0.06932353385632124,1.5576544427764722,0.05723883702319441,1.5055262467610102,0.05723883702319441,1.5055262467610102,True,True,True,True,True,8,56,329,0,0.19608819590815074,0.19026377928128013,0.004857374069729239,0.09209391457767309,0.05818416446932904,1.4568739098584462
balanced,1329072515051556,22151208,prediction_full,0.06932353385632124,1.5576544427764722,0.05723883702319441,1.5055262467610102,0.057812648532586164,1.5048746447635084,True,True,True,True,True,8,56,329,19,0.19608819590815074,0.19036498201169397,0.004857374069729239,0.09209391457767309,0.058617547497794915,1.456003979695928
balanced,1329072515051556,22151208,prediction_common,0.06932353385632124,1.5576544427764722,0.05723883702319441,1.5055262467610102,0.05280521492226949,1.536887044989851,True,True,True,True,True,8,56,329,22,0.19608819590815074,0.1906890519068523,0.004857374069729239,0.09209391457767309,0.053933713831768725,1.4878454286994587
balanced,1329072515051556,22151208,oracle_prediction,0.06932353385632124,1.5576544427764722,0.05723883702319441,1.5055262467610102,0.0557986912713599,1.6707365628581543,True,True,True,True,True,8,56,329,20,0.19608819590815074,0.20128740026249933,0.004857374069729239,0.09209391457767309,0.05773314056358436,1.620625545061204
balanced,1329072515051556,22151208,oracle_matched_random,0.06932353385632124,1.5576544427764722,0.05723883702319441,1.5055262467610102,0.053035927249714815,1.5399542399616233,True,True,True,True,True,7,49,329,4,0.19608819590815074,0.19207889944900478,0.004857374069729239,0.09209391457767309,0.055190695771272245,1.49581194215626
